2025-04-11T10:21:20.870-03:00  INFO 15732 --- [backGrupo3ViMa] [restartedMain] o.e.b.BackGrupo3ViMaApplication          : Starting BackGrupo3ViMaApplication using Java 22.0.2 with PID 15732 (C:\Users\franc\Documents\GitHub\DesarrolloAPSI\backend\backGrupo4ViMa\target\classes started by franc in C:\Users\franc\Documents\GitHub\DesarrolloAPSI\backend\backGrupo4ViMa)
2025-04-11T10:21:20.874-03:00  INFO 15732 --- [backGrupo3ViMa] [restartedMain] o.e.b.BackGrupo3ViMaApplication          : No active profile set, falling back to 1 default profile: "default"
2025-04-11T10:21:21.011-03:00  INFO 15732 --- [backGrupo3ViMa] [restartedMain] .e.DevToolsPropertyDefaultsPostProcessor : Devtools property defaults active! Set 'spring.devtools.add-properties' to 'false' to disable
2025-04-11T10:21:21.012-03:00  INFO 15732 --- [backGrupo3ViMa] [restartedMain] .e.DevToolsPropertyDefaultsPostProcessor : For additional web related logging consider setting the 'logging.level.web' property to 'DEBUG'
2025-04-11T10:21:23.396-03:00  INFO 15732 --- [backGrupo3ViMa] [restartedMain] .s.d.r.c.RepositoryConfigurationDelegate : Bootstrapping Spring Data JPA repositories in DEFAULT mode.
2025-04-11T10:21:23.444-03:00  INFO 15732 --- [backGrupo3ViMa] [restartedMain] .s.d.r.c.RepositoryConfigurationDelegate : Finished Spring Data repository scanning in 25 ms. Found 0 JPA repository interfaces.
2025-04-11T10:21:25.106-03:00  INFO 15732 --- [backGrupo3ViMa] [restartedMain] o.s.b.w.embedded.tomcat.TomcatWebServer  : Tomcat initialized with port 4002 (http)
2025-04-11T10:21:25.139-03:00  INFO 15732 --- [backGrupo3ViMa] [restartedMain] o.apache.catalina.core.StandardService   : Starting service [Tomcat]
2025-04-11T10:21:25.140-03:00  INFO 15732 --- [backGrupo3ViMa] [restartedMain] o.apache.catalina.core.StandardEngine    : Starting Servlet engine: [Apache Tomcat/10.1.36]
2025-04-11T10:21:25.336-03:00  INFO 15732 --- [backGrupo3ViMa] [restartedMain] o.a.c.c.C.[Tomcat].[localhost].[/]       : Initializing Spring embedded WebApplicationContext
2025-04-11T10:21:25.336-03:00  INFO 15732 --- [backGrupo3ViMa] [restartedMain] w.s.c.ServletWebServerApplicationContext : Root WebApplicationContext: initialization completed in 4321 ms
2025-04-11T10:21:25.603-03:00  WARN 15732 --- [backGrupo3ViMa] [restartedMain] ConfigServletWebServerApplicationContext : Exception encountered during context initialization - cancelling refresh attempt: org.springframework.beans.factory.BeanCreationException: Error creating bean with name 'entityManagerFactory' defined in class path resource [org/springframework/boot/autoconfigure/orm/jpa/HibernateJpaConfiguration.class]: Failed to initialize dependency 'dataSourceScriptDatabaseInitializer' of LoadTimeWeaverAware bean 'entityManagerFactory': Error creating bean with name 'dataSourceScriptDatabaseInitializer' defined in class path resource [org/springframework/boot/autoconfigure/sql/init/DataSourceInitializationConfiguration.class]: Unsatisfied dependency expressed through method 'dataSourceScriptDatabaseInitializer' parameter 0: Error creating bean with name 'dataSource' defined in class path resource [org/springframework/boot/autoconfigure/jdbc/DataSourceConfiguration$Hikari.class]: Failed to instantiate [com.zaxxer.hikari.HikariDataSource]: Factory method 'dataSource' threw exception with message: Cannot load driver class: com.mysql.cj.jdbc.Driver
2025-04-11T10:21:25.609-03:00  INFO 15732 --- [backGrupo3ViMa] [restartedMain] o.apache.catalina.core.StandardService   : Stopping service [Tomcat]
2025-04-11T10:21:25.636-03:00  INFO 15732 --- [backGrupo3ViMa] [restartedMain] .s.b.a.l.ConditionEvaluationReportLogger : 

Error starting ApplicationContext. To display the condition evaluation report re-run your application with 'debug' enabled.
2025-04-11T10:21:25.681-03:00 ERROR 15732 --- [backGrupo3ViMa] [restartedMain] o.s.boot.SpringApplication               : Application run failed

org.springframework.beans.factory.BeanCreationException: Error creating bean with name 'entityManagerFactory' defined in class path resource [org/springframework/boot/autoconfigure/orm/jpa/HibernateJpaConfiguration.class]: Failed to initialize dependency 'dataSourceScriptDatabaseInitializer' of LoadTimeWeaverAware bean 'entityManagerFactory': Error creating bean with name 'dataSourceScriptDatabaseInitializer' defined in class path resource [org/springframework/boot/autoconfigure/sql/init/DataSourceInitializationConfiguration.class]: Unsatisfied dependency expressed through method 'dataSourceScriptDatabaseInitializer' parameter 0: Error creating bean with name 'dataSource' defined in class path resource [org/springframework/boot/autoconfigure/jdbc/DataSourceConfiguration$Hikari.class]: Failed to instantiate [com.zaxxer.hikari.HikariDataSource]: Factory method 'dataSource' threw exception with message: Cannot load driver class: com.mysql.cj.jdbc.Driver
	at org.springframework.beans.factory.support.AbstractBeanFactory.doGetBean(AbstractBeanFactory.java:328) ~[spring-beans-6.2.3.jar:6.2.3]
	at org.springframework.beans.factory.support.AbstractBeanFactory.getBean(AbstractBeanFactory.java:207) ~[spring-beans-6.2.3.jar:6.2.3]
	at org.springframework.context.support.AbstractApplicationContext.finishBeanFactoryInitialization(AbstractApplicationContext.java:970) ~[spring-context-6.2.3.jar:6.2.3]
	at org.springframework.context.support.AbstractApplicationContext.refresh(AbstractApplicationContext.java:627) ~[spring-context-6.2.3.jar:6.2.3]
	at org.springframework.boot.web.servlet.context.ServletWebServerApplicationContext.refresh(ServletWebServerApplicationContext.java:146) ~[spring-boot-3.4.3.jar:3.4.3]
	at org.springframework.boot.SpringApplication.refresh(SpringApplication.java:752) ~[spring-boot-3.4.3.jar:3.4.3]
	at org.springframework.boot.SpringApplication.refreshContext(SpringApplication.java:439) ~[spring-boot-3.4.3.jar:3.4.3]
	at org.springframework.boot.SpringApplication.run(SpringApplication.java:318) ~[spring-boot-3.4.3.jar:3.4.3]
	at org.springframework.boot.SpringApplication.run(SpringApplication.java:1361) ~[spring-boot-3.4.3.jar:3.4.3]
	at org.springframework.boot.SpringApplication.run(SpringApplication.java:1350) ~[spring-boot-3.4.3.jar:3.4.3]
	at org.example.backgrupo3vima.BackGrupo3ViMaApplication.main(BackGrupo3ViMaApplication.java:12) ~[classes/:na]
	at java.base/jdk.internal.reflect.DirectMethodHandleAccessor.invoke(DirectMethodHandleAccessor.java:103) ~[na:na]
	at java.base/java.lang.reflect.Method.invoke(Method.java:580) ~[na:na]
	at org.springframework.boot.devtools.restart.RestartLauncher.run(RestartLauncher.java:50) ~[spring-boot-devtools-3.4.3.jar:3.4.3]
Caused by: org.springframework.beans.factory.UnsatisfiedDependencyException: Error creating bean with name 'dataSourceScriptDatabaseInitializer' defined in class path resource [org/springframework/boot/autoconfigure/sql/init/DataSourceInitializationConfiguration.class]: Unsatisfied dependency expressed through method 'dataSourceScriptDatabaseInitializer' parameter 0: Error creating bean with name 'dataSource' defined in class path resource [org/springframework/boot/autoconfigure/jdbc/DataSourceConfiguration$Hikari.class]: Failed to instantiate [com.zaxxer.hikari.HikariDataSource]: Factory method 'dataSource' threw exception with message: Cannot load driver class: com.mysql.cj.jdbc.Driver
	at org.springframework.beans.factory.support.ConstructorResolver.createArgumentArray(ConstructorResolver.java:804) ~[spring-beans-6.2.3.jar:6.2.3]
	at org.springframework.beans.factory.support.ConstructorResolver.instantiateUsingFactoryMethod(ConstructorResolver.java:546) ~[spring-beans-6.2.3.jar:6.2.3]
	at org.springframework.beans.factory.support.AbstractAutowireCapableBeanFactory.instantiateUsingFactoryMethod(AbstractAutowireCapableBeanFactory.java:1361) ~[spring-beans-6.2.3.jar:6.2.3]
	at org.springframework.beans.factory.support.AbstractAutowireCapableBeanFactory.createBeanInstance(AbstractAutowireCapableBeanFactory.java:1191) ~[spring-beans-6.2.3.jar:6.2.3]
	at org.springframework.beans.factory.support.AbstractAutowireCapableBeanFactory.doCreateBean(AbstractAutowireCapableBeanFactory.java:563) ~[spring-beans-6.2.3.jar:6.2.3]
	at org.springframework.beans.factory.support.AbstractAutowireCapableBeanFactory.createBean(AbstractAutowireCapableBeanFactory.java:523) ~[spring-beans-6.2.3.jar:6.2.3]
	at org.springframework.beans.factory.support.AbstractBeanFactory.lambda$doGetBean$0(AbstractBeanFactory.java:339) ~[spring-beans-6.2.3.jar:6.2.3]
	at org.springframework.beans.factory.support.DefaultSingletonBeanRegistry.getSingleton(DefaultSingletonBeanRegistry.java:346) ~[spring-beans-6.2.3.jar:6.2.3]
	at org.springframework.beans.factory.support.AbstractBeanFactory.doGetBean(AbstractBeanFactory.java:337) ~[spring-beans-6.2.3.jar:6.2.3]
	at org.springframework.beans.factory.support.AbstractBeanFactory.getBean(AbstractBeanFactory.java:202) ~[spring-beans-6.2.3.jar:6.2.3]
	at org.springframework.beans.factory.support.AbstractBeanFactory.doGetBean(AbstractBeanFactory.java:315) ~[spring-beans-6.2.3.jar:6.2.3]
	... 13 common frames omitted
Caused by: org.springframework.beans.factory.BeanCreationException: Error creating bean with name 'dataSource' defined in class path resource [org/springframework/boot/autoconfigure/jdbc/DataSourceConfiguration$Hikari.class]: Failed to instantiate [com.zaxxer.hikari.HikariDataSource]: Factory method 'dataSource' threw exception with message: Cannot load driver class: com.mysql.cj.jdbc.Driver
	at org.springframework.beans.factory.support.ConstructorResolver.instantiate(ConstructorResolver.java:657) ~[spring-beans-6.2.3.jar:6.2.3]
	at org.springframework.beans.factory.support.ConstructorResolver.instantiateUsingFactoryMethod(ConstructorResolver.java:645) ~[spring-beans-6.2.3.jar:6.2.3]
	at org.springframework.beans.factory.support.AbstractAutowireCapableBeanFactory.instantiateUsingFactoryMethod(AbstractAutowireCapableBeanFactory.java:1361) ~[spring-beans-6.2.3.jar:6.2.3]
	at org.springframework.beans.factory.support.AbstractAutowireCapableBeanFactory.createBeanInstance(AbstractAutowireCapableBeanFactory.java:1191) ~[spring-beans-6.2.3.jar:6.2.3]
	at org.springframework.beans.factory.support.AbstractAutowireCapableBeanFactory.doCreateBean(AbstractAutowireCapableBeanFactory.java:563) ~[spring-beans-6.2.3.jar:6.2.3]
	at org.springframework.beans.factory.support.AbstractAutowireCapableBeanFactory.createBean(AbstractAutowireCapableBeanFactory.java:523) ~[spring-beans-6.2.3.jar:6.2.3]
	at org.springframework.beans.factory.support.AbstractBeanFactory.lambda$doGetBean$0(AbstractBeanFactory.java:339) ~[spring-beans-6.2.3.jar:6.2.3]
	at org.springframework.beans.factory.support.DefaultSingletonBeanRegistry.getSingleton(DefaultSingletonBeanRegistry.java:346) ~[spring-beans-6.2.3.jar:6.2.3]
	at org.springframework.beans.factory.support.AbstractBeanFactory.doGetBean(AbstractBeanFactory.java:337) ~[spring-beans-6.2.3.jar:6.2.3]
	at org.springframework.beans.factory.support.AbstractBeanFactory.getBean(AbstractBeanFactory.java:202) ~[spring-beans-6.2.3.jar:6.2.3]
	at org.springframework.beans.factory.support.DefaultListableBeanFactory.doResolveDependency(DefaultListableBeanFactory.java:1606) ~[spring-beans-6.2.3.jar:6.2.3]
	at org.springframework.beans.factory.support.DefaultListableBeanFactory.resolveDependency(DefaultListableBeanFactory.java:1552) ~[spring-beans-6.2.3.jar:6.2.3]
	at org.springframework.beans.factory.support.ConstructorResolver.resolveAutowiredArgument(ConstructorResolver.java:913) ~[spring-beans-6.2.3.jar:6.2.3]
	at org.springframework.beans.factory.support.ConstructorResolver.createArgumentArray(ConstructorResolver.java:791) ~[spring-beans-6.2.3.jar:6.2.3]
	... 23 common frames omitted
Caused by: org.springframework.beans.BeanInstantiationException: Failed to instantiate [com.zaxxer.hikari.HikariDataSource]: Factory method 'dataSource' threw exception with message: Cannot load driver class: com.mysql.cj.jdbc.Driver
	at org.springframework.beans.factory.support.SimpleInstantiationStrategy.lambda$instantiate$0(SimpleInstantiationStrategy.java:199) ~[spring-beans-6.2.3.jar:6.2.3]
	at org.springframework.beans.factory.support.SimpleInstantiationStrategy.instantiateWithFactoryMethod(SimpleInstantiationStrategy.java:88) ~[spring-beans-6.2.3.jar:6.2.3]
	at org.springframework.beans.factory.support.SimpleInstantiationStrategy.instantiate(SimpleInstantiationStrategy.java:168) ~[spring-beans-6.2.3.jar:6.2.3]
	at org.springframework.beans.factory.support.ConstructorResolver.instantiate(ConstructorResolver.java:653) ~[spring-beans-6.2.3.jar:6.2.3]
	... 36 common frames omitted
Caused by: java.lang.IllegalStateException: Cannot load driver class: com.mysql.cj.jdbc.Driver
	at org.springframework.util.Assert.state(Assert.java:101) ~[spring-core-6.2.3.jar:6.2.3]
	at org.springframework.boot.autoconfigure.jdbc.DataSourceProperties.determineDriverClassName(DataSourceProperties.java:175) ~[spring-boot-autoconfigure-3.4.3.jar:3.4.3]
	at org.springframework.boot.autoconfigure.jdbc.PropertiesJdbcConnectionDetails.getDriverClassName(PropertiesJdbcConnectionDetails.java:49) ~[spring-boot-autoconfigure-3.4.3.jar:3.4.3]
	at org.springframework.boot.autoconfigure.jdbc.DataSourceConfiguration.createDataSource(DataSourceConfiguration.java:55) ~[spring-boot-autoconfigure-3.4.3.jar:3.4.3]
	at org.springframework.boot.autoconfigure.jdbc.DataSourceConfiguration$Hikari.dataSource(DataSourceConfiguration.java:117) ~[spring-boot-autoconfigure-3.4.3.jar:3.4.3]
	at java.base/jdk.internal.reflect.DirectMethodHandleAccessor.invoke(DirectMethodHandleAccessor.java:103) ~[na:na]
	at java.base/java.lang.reflect.Method.invoke(Method.java:580) ~[na:na]
	at org.springframework.beans.factory.support.SimpleInstantiationStrategy.lambda$instantiate$0(SimpleInstantiationStrategy.java:171) ~[spring-beans-6.2.3.jar:6.2.3]
	... 39 common frames omitted

2025-04-11T10:22:56.370-03:00  INFO 35600 --- [backGrupo3ViMa] [restartedMain] o.e.b.BackGrupo3ViMaApplication          : Starting BackGrupo3ViMaApplication using Java 22.0.2 with PID 35600 (C:\Users\franc\Documents\GitHub\DesarrolloAPSI\backend\backGrupo4ViMa\target\classes started by franc in C:\Users\franc\Documents\GitHub\DesarrolloAPSI\backend\backGrupo4ViMa)
2025-04-11T10:22:56.372-03:00  INFO 35600 --- [backGrupo3ViMa] [restartedMain] o.e.b.BackGrupo3ViMaApplication          : No active profile set, falling back to 1 default profile: "default"
2025-04-11T10:22:56.434-03:00  INFO 35600 --- [backGrupo3ViMa] [restartedMain] .e.DevToolsPropertyDefaultsPostProcessor : Devtools property defaults active! Set 'spring.devtools.add-properties' to 'false' to disable
2025-04-11T10:22:56.435-03:00  INFO 35600 --- [backGrupo3ViMa] [restartedMain] .e.DevToolsPropertyDefaultsPostProcessor : For additional web related logging consider setting the 'logging.level.web' property to 'DEBUG'
2025-04-11T10:22:57.209-03:00  INFO 35600 --- [backGrupo3ViMa] [restartedMain] .s.d.r.c.RepositoryConfigurationDelegate : Bootstrapping Spring Data JPA repositories in DEFAULT mode.
2025-04-11T10:22:57.233-03:00  INFO 35600 --- [backGrupo3ViMa] [restartedMain] .s.d.r.c.RepositoryConfigurationDelegate : Finished Spring Data repository scanning in 13 ms. Found 0 JPA repository interfaces.
2025-04-11T10:22:57.954-03:00  INFO 35600 --- [backGrupo3ViMa] [restartedMain] o.s.b.w.embedded.tomcat.TomcatWebServer  : Tomcat initialized with port 4002 (http)
2025-04-11T10:22:57.981-03:00  INFO 35600 --- [backGrupo3ViMa] [restartedMain] o.apache.catalina.core.StandardService   : Starting service [Tomcat]
2025-04-11T10:22:57.981-03:00  INFO 35600 --- [backGrupo3ViMa] [restartedMain] o.apache.catalina.core.StandardEngine    : Starting Servlet engine: [Apache Tomcat/10.1.36]
2025-04-11T10:22:58.039-03:00  INFO 35600 --- [backGrupo3ViMa] [restartedMain] o.a.c.c.C.[Tomcat].[localhost].[/]       : Initializing Spring embedded WebApplicationContext
2025-04-11T10:22:58.039-03:00  INFO 35600 --- [backGrupo3ViMa] [restartedMain] w.s.c.ServletWebServerApplicationContext : Root WebApplicationContext: initialization completed in 1603 ms
2025-04-11T10:22:58.237-03:00  INFO 35600 --- [backGrupo3ViMa] [restartedMain] o.hibernate.jpa.internal.util.LogHelper  : HHH000204: Processing PersistenceUnitInfo [name: default]
2025-04-11T10:22:58.348-03:00  INFO 35600 --- [backGrupo3ViMa] [restartedMain] org.hibernate.Version                    : HHH000412: Hibernate ORM core version 6.6.8.Final
2025-04-11T10:22:58.402-03:00  INFO 35600 --- [backGrupo3ViMa] [restartedMain] o.h.c.internal.RegionFactoryInitiator    : HHH000026: Second-level cache disabled
2025-04-11T10:22:58.814-03:00  INFO 35600 --- [backGrupo3ViMa] [restartedMain] o.s.o.j.p.SpringPersistenceUnitInfo      : No LoadTimeWeaver setup: ignoring JPA class transformer
2025-04-11T10:22:58.854-03:00  INFO 35600 --- [backGrupo3ViMa] [restartedMain] com.zaxxer.hikari.HikariDataSource       : HikariPool-1 - Starting...
2025-04-11T10:23:00.296-03:00  WARN 35600 --- [backGrupo3ViMa] [restartedMain] o.h.engine.jdbc.spi.SqlExceptionHelper   : SQL Error: 1045, SQLState: 28000
2025-04-11T10:23:00.296-03:00 ERROR 35600 --- [backGrupo3ViMa] [restartedMain] o.h.engine.jdbc.spi.SqlExceptionHelper   : Access denied for user 'root'@'localhost' (using password: YES)
2025-04-11T10:23:00.297-03:00  WARN 35600 --- [backGrupo3ViMa] [restartedMain] o.h.e.j.e.i.JdbcEnvironmentInitiator     : HHH000342: Could not obtain connection to query metadata

org.hibernate.exception.GenericJDBCException: unable to obtain isolated JDBC connection [Access denied for user 'root'@'localhost' (using password: YES)] [n/a]
	at org.hibernate.exception.internal.StandardSQLExceptionConverter.convert(StandardSQLExceptionConverter.java:63) ~[hibernate-core-6.6.8.Final.jar:6.6.8.Final]
	at org.hibernate.engine.jdbc.spi.SqlExceptionHelper.convert(SqlExceptionHelper.java:108) ~[hibernate-core-6.6.8.Final.jar:6.6.8.Final]
	at org.hibernate.engine.jdbc.spi.SqlExceptionHelper.convert(SqlExceptionHelper.java:94) ~[hibernate-core-6.6.8.Final.jar:6.6.8.Final]
	at org.hibernate.resource.transaction.backend.jdbc.internal.JdbcIsolationDelegate.delegateWork(JdbcIsolationDelegate.java:116) ~[hibernate-core-6.6.8.Final.jar:6.6.8.Final]
	at org.hibernate.engine.jdbc.env.internal.JdbcEnvironmentInitiator.getJdbcEnvironmentUsingJdbcMetadata(JdbcEnvironmentInitiator.java:320) ~[hibernate-core-6.6.8.Final.jar:6.6.8.Final]
	at org.hibernate.engine.jdbc.env.internal.JdbcEnvironmentInitiator.initiateService(JdbcEnvironmentInitiator.java:129) ~[hibernate-core-6.6.8.Final.jar:6.6.8.Final]
	at org.hibernate.engine.jdbc.env.internal.JdbcEnvironmentInitiator.initiateService(JdbcEnvironmentInitiator.java:81) ~[hibernate-core-6.6.8.Final.jar:6.6.8.Final]
	at org.hibernate.boot.registry.internal.StandardServiceRegistryImpl.initiateService(StandardServiceRegistryImpl.java:130) ~[hibernate-core-6.6.8.Final.jar:6.6.8.Final]
	at org.hibernate.service.internal.AbstractServiceRegistryImpl.createService(AbstractServiceRegistryImpl.java:263) ~[hibernate-core-6.6.8.Final.jar:6.6.8.Final]
	at org.hibernate.service.internal.AbstractServiceRegistryImpl.initializeService(AbstractServiceRegistryImpl.java:238) ~[hibernate-core-6.6.8.Final.jar:6.6.8.Final]
	at org.hibernate.service.internal.AbstractServiceRegistryImpl.getService(AbstractServiceRegistryImpl.java:215) ~[hibernate-core-6.6.8.Final.jar:6.6.8.Final]
	at org.hibernate.boot.model.relational.Database.<init>(Database.java:45) ~[hibernate-core-6.6.8.Final.jar:6.6.8.Final]
	at org.hibernate.boot.internal.InFlightMetadataCollectorImpl.getDatabase(InFlightMetadataCollectorImpl.java:226) ~[hibernate-core-6.6.8.Final.jar:6.6.8.Final]
	at org.hibernate.boot.internal.InFlightMetadataCollectorImpl.<init>(InFlightMetadataCollectorImpl.java:194) ~[hibernate-core-6.6.8.Final.jar:6.6.8.Final]
	at org.hibernate.boot.model.process.spi.MetadataBuildingProcess.complete(MetadataBuildingProcess.java:171) ~[hibernate-core-6.6.8.Final.jar:6.6.8.Final]
	at org.hibernate.jpa.boot.internal.EntityManagerFactoryBuilderImpl.metadata(EntityManagerFactoryBuilderImpl.java:1442) ~[hibernate-core-6.6.8.Final.jar:6.6.8.Final]
	at org.hibernate.jpa.boot.internal.EntityManagerFactoryBuilderImpl.build(EntityManagerFactoryBuilderImpl.java:1513) ~[hibernate-core-6.6.8.Final.jar:6.6.8.Final]
	at org.springframework.orm.jpa.vendor.SpringHibernateJpaPersistenceProvider.createContainerEntityManagerFactory(SpringHibernateJpaPersistenceProvider.java:66) ~[spring-orm-6.2.3.jar:6.2.3]
	at org.springframework.orm.jpa.LocalContainerEntityManagerFactoryBean.createNativeEntityManagerFactory(LocalContainerEntityManagerFactoryBean.java:390) ~[spring-orm-6.2.3.jar:6.2.3]
	at org.springframework.orm.jpa.AbstractEntityManagerFactoryBean.buildNativeEntityManagerFactory(AbstractEntityManagerFactoryBean.java:419) ~[spring-orm-6.2.3.jar:6.2.3]
	at org.springframework.orm.jpa.AbstractEntityManagerFactoryBean.afterPropertiesSet(AbstractEntityManagerFactoryBean.java:400) ~[spring-orm-6.2.3.jar:6.2.3]
	at org.springframework.orm.jpa.LocalContainerEntityManagerFactoryBean.afterPropertiesSet(LocalContainerEntityManagerFactoryBean.java:366) ~[spring-orm-6.2.3.jar:6.2.3]
	at org.springframework.beans.factory.support.AbstractAutowireCapableBeanFactory.invokeInitMethods(AbstractAutowireCapableBeanFactory.java:1859) ~[spring-beans-6.2.3.jar:6.2.3]
	at org.springframework.beans.factory.support.AbstractAutowireCapableBeanFactory.initializeBean(AbstractAutowireCapableBeanFactory.java:1808) ~[spring-beans-6.2.3.jar:6.2.3]
	at org.springframework.beans.factory.support.AbstractAutowireCapableBeanFactory.doCreateBean(AbstractAutowireCapableBeanFactory.java:601) ~[spring-beans-6.2.3.jar:6.2.3]
	at org.springframework.beans.factory.support.AbstractAutowireCapableBeanFactory.createBean(AbstractAutowireCapableBeanFactory.java:523) ~[spring-beans-6.2.3.jar:6.2.3]
	at org.springframework.beans.factory.support.AbstractBeanFactory.lambda$doGetBean$0(AbstractBeanFactory.java:339) ~[spring-beans-6.2.3.jar:6.2.3]
	at org.springframework.beans.factory.support.DefaultSingletonBeanRegistry.getSingleton(DefaultSingletonBeanRegistry.java:346) ~[spring-beans-6.2.3.jar:6.2.3]
	at org.springframework.beans.factory.support.AbstractBeanFactory.doGetBean(AbstractBeanFactory.java:337) ~[spring-beans-6.2.3.jar:6.2.3]
	at org.springframework.beans.factory.support.AbstractBeanFactory.getBean(AbstractBeanFactory.java:207) ~[spring-beans-6.2.3.jar:6.2.3]
	at org.springframework.context.support.AbstractApplicationContext.finishBeanFactoryInitialization(AbstractApplicationContext.java:970) ~[spring-context-6.2.3.jar:6.2.3]
	at org.springframework.context.support.AbstractApplicationContext.refresh(AbstractApplicationContext.java:627) ~[spring-context-6.2.3.jar:6.2.3]
	at org.springframework.boot.web.servlet.context.ServletWebServerApplicationContext.refresh(ServletWebServerApplicationContext.java:146) ~[spring-boot-3.4.3.jar:3.4.3]
	at org.springframework.boot.SpringApplication.refresh(SpringApplication.java:752) ~[spring-boot-3.4.3.jar:3.4.3]
	at org.springframework.boot.SpringApplication.refreshContext(SpringApplication.java:439) ~[spring-boot-3.4.3.jar:3.4.3]
	at org.springframework.boot.SpringApplication.run(SpringApplication.java:318) ~[spring-boot-3.4.3.jar:3.4.3]
	at org.springframework.boot.SpringApplication.run(SpringApplication.java:1361) ~[spring-boot-3.4.3.jar:3.4.3]
	at org.springframework.boot.SpringApplication.run(SpringApplication.java:1350) ~[spring-boot-3.4.3.jar:3.4.3]
	at org.example.backgrupo3vima.BackGrupo3ViMaApplication.main(BackGrupo3ViMaApplication.java:12) ~[classes/:na]
	at java.base/jdk.internal.reflect.DirectMethodHandleAccessor.invoke(DirectMethodHandleAccessor.java:103) ~[na:na]
	at java.base/java.lang.reflect.Method.invoke(Method.java:580) ~[na:na]
	at org.springframework.boot.devtools.restart.RestartLauncher.run(RestartLauncher.java:50) ~[spring-boot-devtools-3.4.3.jar:3.4.3]
Caused by: java.sql.SQLException: Access denied for user 'root'@'localhost' (using password: YES)
	at com.mysql.cj.jdbc.exceptions.SQLError.createSQLException(SQLError.java:130) ~[mysql-connector-j-8.3.0.jar:8.3.0]
	at com.mysql.cj.jdbc.exceptions.SQLExceptionsMapping.translateException(SQLExceptionsMapping.java:122) ~[mysql-connector-j-8.3.0.jar:8.3.0]
	at com.mysql.cj.jdbc.ConnectionImpl.createNewIO(ConnectionImpl.java:815) ~[mysql-connector-j-8.3.0.jar:8.3.0]
	at com.mysql.cj.jdbc.ConnectionImpl.<init>(ConnectionImpl.java:438) ~[mysql-connector-j-8.3.0.jar:8.3.0]
	at com.mysql.cj.jdbc.ConnectionImpl.getInstance(ConnectionImpl.java:241) ~[mysql-connector-j-8.3.0.jar:8.3.0]
	at com.mysql.cj.jdbc.NonRegisteringDriver.connect(NonRegisteringDriver.java:189) ~[mysql-connector-j-8.3.0.jar:8.3.0]
	at com.zaxxer.hikari.util.DriverDataSource.getConnection(DriverDataSource.java:137) ~[HikariCP-5.1.0.jar:na]
	at com.zaxxer.hikari.pool.PoolBase.newConnection(PoolBase.java:360) ~[HikariCP-5.1.0.jar:na]
	at com.zaxxer.hikari.pool.PoolBase.newPoolEntry(PoolBase.java:202) ~[HikariCP-5.1.0.jar:na]
	at com.zaxxer.hikari.pool.HikariPool.createPoolEntry(HikariPool.java:461) ~[HikariCP-5.1.0.jar:na]
	at com.zaxxer.hikari.pool.HikariPool.checkFailFast(HikariPool.java:550) ~[HikariCP-5.1.0.jar:na]
	at com.zaxxer.hikari.pool.HikariPool.<init>(HikariPool.java:98) ~[HikariCP-5.1.0.jar:na]
	at com.zaxxer.hikari.HikariDataSource.getConnection(HikariDataSource.java:111) ~[HikariCP-5.1.0.jar:na]
	at org.hibernate.engine.jdbc.connections.internal.DatasourceConnectionProviderImpl.getConnection(DatasourceConnectionProviderImpl.java:126) ~[hibernate-core-6.6.8.Final.jar:6.6.8.Final]
	at org.hibernate.engine.jdbc.env.internal.JdbcEnvironmentInitiator$ConnectionProviderJdbcConnectionAccess.obtainConnection(JdbcEnvironmentInitiator.java:467) ~[hibernate-core-6.6.8.Final.jar:6.6.8.Final]
	at org.hibernate.resource.transaction.backend.jdbc.internal.JdbcIsolationDelegate.delegateWork(JdbcIsolationDelegate.java:61) ~[hibernate-core-6.6.8.Final.jar:6.6.8.Final]
	... 38 common frames omitted

2025-04-11T10:23:00.307-03:00 ERROR 35600 --- [backGrupo3ViMa] [restartedMain] j.LocalContainerEntityManagerFactoryBean : Failed to initialize JPA EntityManagerFactory: Unable to create requested service [org.hibernate.engine.jdbc.env.spi.JdbcEnvironment] due to: Unable to determine Dialect without JDBC metadata (please set 'jakarta.persistence.jdbc.url' for common cases or 'hibernate.dialect' when a custom Dialect implementation must be provided)
2025-04-11T10:23:00.308-03:00  WARN 35600 --- [backGrupo3ViMa] [restartedMain] ConfigServletWebServerApplicationContext : Exception encountered during context initialization - cancelling refresh attempt: org.springframework.beans.factory.BeanCreationException: Error creating bean with name 'entityManagerFactory' defined in class path resource [org/springframework/boot/autoconfigure/orm/jpa/HibernateJpaConfiguration.class]: Unable to create requested service [org.hibernate.engine.jdbc.env.spi.JdbcEnvironment] due to: Unable to determine Dialect without JDBC metadata (please set 'jakarta.persistence.jdbc.url' for common cases or 'hibernate.dialect' when a custom Dialect implementation must be provided)
2025-04-11T10:23:00.314-03:00  INFO 35600 --- [backGrupo3ViMa] [restartedMain] o.apache.catalina.core.StandardService   : Stopping service [Tomcat]
2025-04-11T10:23:00.333-03:00  INFO 35600 --- [backGrupo3ViMa] [restartedMain] .s.b.a.l.ConditionEvaluationReportLogger : 

Error starting ApplicationContext. To display the condition evaluation report re-run your application with 'debug' enabled.
2025-04-11T10:23:00.372-03:00 ERROR 35600 --- [backGrupo3ViMa] [restartedMain] o.s.boot.SpringApplication               : Application run failed

org.springframework.beans.factory.BeanCreationException: Error creating bean with name 'entityManagerFactory' defined in class path resource [org/springframework/boot/autoconfigure/orm/jpa/HibernateJpaConfiguration.class]: Unable to create requested service [org.hibernate.engine.jdbc.env.spi.JdbcEnvironment] due to: Unable to determine Dialect without JDBC metadata (please set 'jakarta.persistence.jdbc.url' for common cases or 'hibernate.dialect' when a custom Dialect implementation must be provided)
	at org.springframework.beans.factory.support.AbstractAutowireCapableBeanFactory.initializeBean(AbstractAutowireCapableBeanFactory.java:1812) ~[spring-beans-6.2.3.jar:6.2.3]
	at org.springframework.beans.factory.support.AbstractAutowireCapableBeanFactory.doCreateBean(AbstractAutowireCapableBeanFactory.java:601) ~[spring-beans-6.2.3.jar:6.2.3]
	at org.springframework.beans.factory.support.AbstractAutowireCapableBeanFactory.createBean(AbstractAutowireCapableBeanFactory.java:523) ~[spring-beans-6.2.3.jar:6.2.3]
	at org.springframework.beans.factory.support.AbstractBeanFactory.lambda$doGetBean$0(AbstractBeanFactory.java:339) ~[spring-beans-6.2.3.jar:6.2.3]
	at org.springframework.beans.factory.support.DefaultSingletonBeanRegistry.getSingleton(DefaultSingletonBeanRegistry.java:346) ~[spring-beans-6.2.3.jar:6.2.3]
	at org.springframework.beans.factory.support.AbstractBeanFactory.doGetBean(AbstractBeanFactory.java:337) ~[spring-beans-6.2.3.jar:6.2.3]
	at org.springframework.beans.factory.support.AbstractBeanFactory.getBean(AbstractBeanFactory.java:207) ~[spring-beans-6.2.3.jar:6.2.3]
	at org.springframework.context.support.AbstractApplicationContext.finishBeanFactoryInitialization(AbstractApplicationContext.java:970) ~[spring-context-6.2.3.jar:6.2.3]
	at org.springframework.context.support.AbstractApplicationContext.refresh(AbstractApplicationContext.java:627) ~[spring-context-6.2.3.jar:6.2.3]
	at org.springframework.boot.web.servlet.context.ServletWebServerApplicationContext.refresh(ServletWebServerApplicationContext.java:146) ~[spring-boot-3.4.3.jar:3.4.3]
	at org.springframework.boot.SpringApplication.refresh(SpringApplication.java:752) ~[spring-boot-3.4.3.jar:3.4.3]
	at org.springframework.boot.SpringApplication.refreshContext(SpringApplication.java:439) ~[spring-boot-3.4.3.jar:3.4.3]
	at org.springframework.boot.SpringApplication.run(SpringApplication.java:318) ~[spring-boot-3.4.3.jar:3.4.3]
	at org.springframework.boot.SpringApplication.run(SpringApplication.java:1361) ~[spring-boot-3.4.3.jar:3.4.3]
	at org.springframework.boot.SpringApplication.run(SpringApplication.java:1350) ~[spring-boot-3.4.3.jar:3.4.3]
	at org.example.backgrupo3vima.BackGrupo3ViMaApplication.main(BackGrupo3ViMaApplication.java:12) ~[classes/:na]
	at java.base/jdk.internal.reflect.DirectMethodHandleAccessor.invoke(DirectMethodHandleAccessor.java:103) ~[na:na]
	at java.base/java.lang.reflect.Method.invoke(Method.java:580) ~[na:na]
	at org.springframework.boot.devtools.restart.RestartLauncher.run(RestartLauncher.java:50) ~[spring-boot-devtools-3.4.3.jar:3.4.3]
Caused by: org.hibernate.service.spi.ServiceException: Unable to create requested service [org.hibernate.engine.jdbc.env.spi.JdbcEnvironment] due to: Unable to determine Dialect without JDBC metadata (please set 'jakarta.persistence.jdbc.url' for common cases or 'hibernate.dialect' when a custom Dialect implementation must be provided)
	at org.hibernate.service.internal.AbstractServiceRegistryImpl.createService(AbstractServiceRegistryImpl.java:276) ~[hibernate-core-6.6.8.Final.jar:6.6.8.Final]
	at org.hibernate.service.internal.AbstractServiceRegistryImpl.initializeService(AbstractServiceRegistryImpl.java:238) ~[hibernate-core-6.6.8.Final.jar:6.6.8.Final]
	at org.hibernate.service.internal.AbstractServiceRegistryImpl.getService(AbstractServiceRegistryImpl.java:215) ~[hibernate-core-6.6.8.Final.jar:6.6.8.Final]
	at org.hibernate.boot.model.relational.Database.<init>(Database.java:45) ~[hibernate-core-6.6.8.Final.jar:6.6.8.Final]
	at org.hibernate.boot.internal.InFlightMetadataCollectorImpl.getDatabase(InFlightMetadataCollectorImpl.java:226) ~[hibernate-core-6.6.8.Final.jar:6.6.8.Final]
	at org.hibernate.boot.internal.InFlightMetadataCollectorImpl.<init>(InFlightMetadataCollectorImpl.java:194) ~[hibernate-core-6.6.8.Final.jar:6.6.8.Final]
	at org.hibernate.boot.model.process.spi.MetadataBuildingProcess.complete(MetadataBuildingProcess.java:171) ~[hibernate-core-6.6.8.Final.jar:6.6.8.Final]
	at org.hibernate.jpa.boot.internal.EntityManagerFactoryBuilderImpl.metadata(EntityManagerFactoryBuilderImpl.java:1442) ~[hibernate-core-6.6.8.Final.jar:6.6.8.Final]
	at org.hibernate.jpa.boot.internal.EntityManagerFactoryBuilderImpl.build(EntityManagerFactoryBuilderImpl.java:1513) ~[hibernate-core-6.6.8.Final.jar:6.6.8.Final]
	at org.springframework.orm.jpa.vendor.SpringHibernateJpaPersistenceProvider.createContainerEntityManagerFactory(SpringHibernateJpaPersistenceProvider.java:66) ~[spring-orm-6.2.3.jar:6.2.3]
	at org.springframework.orm.jpa.LocalContainerEntityManagerFactoryBean.createNativeEntityManagerFactory(LocalContainerEntityManagerFactoryBean.java:390) ~[spring-orm-6.2.3.jar:6.2.3]
	at org.springframework.orm.jpa.AbstractEntityManagerFactoryBean.buildNativeEntityManagerFactory(AbstractEntityManagerFactoryBean.java:419) ~[spring-orm-6.2.3.jar:6.2.3]
	at org.springframework.orm.jpa.AbstractEntityManagerFactoryBean.afterPropertiesSet(AbstractEntityManagerFactoryBean.java:400) ~[spring-orm-6.2.3.jar:6.2.3]
	at org.springframework.orm.jpa.LocalContainerEntityManagerFactoryBean.afterPropertiesSet(LocalContainerEntityManagerFactoryBean.java:366) ~[spring-orm-6.2.3.jar:6.2.3]
	at org.springframework.beans.factory.support.AbstractAutowireCapableBeanFactory.invokeInitMethods(AbstractAutowireCapableBeanFactory.java:1859) ~[spring-beans-6.2.3.jar:6.2.3]
	at org.springframework.beans.factory.support.AbstractAutowireCapableBeanFactory.initializeBean(AbstractAutowireCapableBeanFactory.java:1808) ~[spring-beans-6.2.3.jar:6.2.3]
	... 18 common frames omitted
Caused by: org.hibernate.HibernateException: Unable to determine Dialect without JDBC metadata (please set 'jakarta.persistence.jdbc.url' for common cases or 'hibernate.dialect' when a custom Dialect implementation must be provided)
	at org.hibernate.engine.jdbc.dialect.internal.DialectFactoryImpl.determineDialect(DialectFactoryImpl.java:191) ~[hibernate-core-6.6.8.Final.jar:6.6.8.Final]
	at org.hibernate.engine.jdbc.dialect.internal.DialectFactoryImpl.buildDialect(DialectFactoryImpl.java:87) ~[hibernate-core-6.6.8.Final.jar:6.6.8.Final]
	at org.hibernate.engine.jdbc.env.internal.JdbcEnvironmentInitiator.getJdbcEnvironmentWithDefaults(JdbcEnvironmentInitiator.java:181) ~[hibernate-core-6.6.8.Final.jar:6.6.8.Final]
	at org.hibernate.engine.jdbc.env.internal.JdbcEnvironmentInitiator.getJdbcEnvironmentUsingJdbcMetadata(JdbcEnvironmentInitiator.java:392) ~[hibernate-core-6.6.8.Final.jar:6.6.8.Final]
	at org.hibernate.engine.jdbc.env.internal.JdbcEnvironmentInitiator.initiateService(JdbcEnvironmentInitiator.java:129) ~[hibernate-core-6.6.8.Final.jar:6.6.8.Final]
	at org.hibernate.engine.jdbc.env.internal.JdbcEnvironmentInitiator.initiateService(JdbcEnvironmentInitiator.java:81) ~[hibernate-core-6.6.8.Final.jar:6.6.8.Final]
	at org.hibernate.boot.registry.internal.StandardServiceRegistryImpl.initiateService(StandardServiceRegistryImpl.java:130) ~[hibernate-core-6.6.8.Final.jar:6.6.8.Final]
	at org.hibernate.service.internal.AbstractServiceRegistryImpl.createService(AbstractServiceRegistryImpl.java:263) ~[hibernate-core-6.6.8.Final.jar:6.6.8.Final]
	... 33 common frames omitted

2025-04-11T10:24:01.268-03:00  INFO 27132 --- [backGrupo3ViMa] [restartedMain] o.e.b.BackGrupo3ViMaApplication          : Starting BackGrupo3ViMaApplication using Java 22.0.2 with PID 27132 (C:\Users\franc\Documents\GitHub\DesarrolloAPSI\backend\backGrupo4ViMa\target\classes started by franc in C:\Users\franc\Documents\GitHub\DesarrolloAPSI\backend\backGrupo4ViMa)
2025-04-11T10:24:01.272-03:00  INFO 27132 --- [backGrupo3ViMa] [restartedMain] o.e.b.BackGrupo3ViMaApplication          : No active profile set, falling back to 1 default profile: "default"
2025-04-11T10:24:01.361-03:00  INFO 27132 --- [backGrupo3ViMa] [restartedMain] .e.DevToolsPropertyDefaultsPostProcessor : Devtools property defaults active! Set 'spring.devtools.add-properties' to 'false' to disable
2025-04-11T10:24:01.362-03:00  INFO 27132 --- [backGrupo3ViMa] [restartedMain] .e.DevToolsPropertyDefaultsPostProcessor : For additional web related logging consider setting the 'logging.level.web' property to 'DEBUG'
2025-04-11T10:24:02.265-03:00  INFO 27132 --- [backGrupo3ViMa] [restartedMain] .s.d.r.c.RepositoryConfigurationDelegate : Bootstrapping Spring Data JPA repositories in DEFAULT mode.
2025-04-11T10:24:02.287-03:00  INFO 27132 --- [backGrupo3ViMa] [restartedMain] .s.d.r.c.RepositoryConfigurationDelegate : Finished Spring Data repository scanning in 12 ms. Found 0 JPA repository interfaces.
2025-04-11T10:24:02.969-03:00  INFO 27132 --- [backGrupo3ViMa] [restartedMain] o.s.b.w.embedded.tomcat.TomcatWebServer  : Tomcat initialized with port 4002 (http)
2025-04-11T10:24:02.989-03:00  INFO 27132 --- [backGrupo3ViMa] [restartedMain] o.apache.catalina.core.StandardService   : Starting service [Tomcat]
2025-04-11T10:24:02.989-03:00  INFO 27132 --- [backGrupo3ViMa] [restartedMain] o.apache.catalina.core.StandardEngine    : Starting Servlet engine: [Apache Tomcat/10.1.36]
2025-04-11T10:24:03.049-03:00  INFO 27132 --- [backGrupo3ViMa] [restartedMain] o.a.c.c.C.[Tomcat].[localhost].[/]       : Initializing Spring embedded WebApplicationContext
2025-04-11T10:24:03.050-03:00  INFO 27132 --- [backGrupo3ViMa] [restartedMain] w.s.c.ServletWebServerApplicationContext : Root WebApplicationContext: initialization completed in 1685 ms
2025-04-11T10:24:03.233-03:00  INFO 27132 --- [backGrupo3ViMa] [restartedMain] o.hibernate.jpa.internal.util.LogHelper  : HHH000204: Processing PersistenceUnitInfo [name: default]
2025-04-11T10:24:03.287-03:00  INFO 27132 --- [backGrupo3ViMa] [restartedMain] org.hibernate.Version                    : HHH000412: Hibernate ORM core version 6.6.8.Final
2025-04-11T10:24:03.322-03:00  INFO 27132 --- [backGrupo3ViMa] [restartedMain] o.h.c.internal.RegionFactoryInitiator    : HHH000026: Second-level cache disabled
2025-04-11T10:24:03.648-03:00  INFO 27132 --- [backGrupo3ViMa] [restartedMain] o.s.o.j.p.SpringPersistenceUnitInfo      : No LoadTimeWeaver setup: ignoring JPA class transformer
2025-04-11T10:24:03.680-03:00  INFO 27132 --- [backGrupo3ViMa] [restartedMain] com.zaxxer.hikari.HikariDataSource       : HikariPool-1 - Starting...
2025-04-11T10:24:04.031-03:00  INFO 27132 --- [backGrupo3ViMa] [restartedMain] com.zaxxer.hikari.pool.HikariPool        : HikariPool-1 - Added connection com.mysql.cj.jdbc.ConnectionImpl@7c5342dc
2025-04-11T10:24:04.033-03:00  INFO 27132 --- [backGrupo3ViMa] [restartedMain] com.zaxxer.hikari.HikariDataSource       : HikariPool-1 - Start completed.
2025-04-11T10:24:04.187-03:00  INFO 27132 --- [backGrupo3ViMa] [restartedMain] org.hibernate.orm.connections.pooling    : HHH10001005: Database info:
	Database JDBC URL [Connecting through datasource 'HikariDataSource (HikariPool-1)']
	Database driver: undefined/unknown
	Database version: 8.0.41
	Autocommit mode: undefined/unknown
	Isolation level: undefined/unknown
	Minimum pool size: undefined/unknown
	Maximum pool size: undefined/unknown
2025-04-11T10:24:04.705-03:00  INFO 27132 --- [backGrupo3ViMa] [restartedMain] o.h.e.t.j.p.i.JtaPlatformInitiator       : HHH000489: No JTA platform available (set 'hibernate.transaction.jta.platform' to enable JTA platform integration)
2025-04-11T10:24:04.712-03:00  INFO 27132 --- [backGrupo3ViMa] [restartedMain] j.LocalContainerEntityManagerFactoryBean : Initialized JPA EntityManagerFactory for persistence unit 'default'
2025-04-11T10:24:04.770-03:00  WARN 27132 --- [backGrupo3ViMa] [restartedMain] JpaBaseConfiguration$JpaWebConfiguration : spring.jpa.open-in-view is enabled by default. Therefore, database queries may be performed during view rendering. Explicitly configure spring.jpa.open-in-view to disable this warning
2025-04-11T10:24:04.882-03:00 DEBUG 27132 --- [backGrupo3ViMa] [restartedMain] s.w.s.m.m.a.RequestMappingHandlerMapping : 2 mappings in 'requestMappingHandlerMapping'
2025-04-11T10:24:04.993-03:00 DEBUG 27132 --- [backGrupo3ViMa] [restartedMain] o.s.w.s.handler.SimpleUrlHandlerMapping  : Patterns [/webjars/**, /**] in 'resourceHandlerMapping'
2025-04-11T10:24:05.047-03:00 DEBUG 27132 --- [backGrupo3ViMa] [restartedMain] s.w.s.m.m.a.RequestMappingHandlerAdapter : ControllerAdvice beans: 0 @ModelAttribute, 0 @InitBinder, 1 RequestBodyAdvice, 1 ResponseBodyAdvice
2025-04-11T10:24:05.114-03:00 DEBUG 27132 --- [backGrupo3ViMa] [restartedMain] .m.m.a.ExceptionHandlerExceptionResolver : ControllerAdvice beans: 0 @ExceptionHandler, 1 ResponseBodyAdvice
2025-04-11T10:24:05.281-03:00  WARN 27132 --- [backGrupo3ViMa] [restartedMain] .s.s.UserDetailsServiceAutoConfiguration : 

Using generated security password: 6f4be276-30bd-4a68-aa70-7f8a97e67887

This generated password is for development use only. Your security configuration must be updated before running your application in production.

2025-04-11T10:24:05.303-03:00  INFO 27132 --- [backGrupo3ViMa] [restartedMain] r$InitializeUserDetailsManagerConfigurer : Global AuthenticationManager configured with UserDetailsService bean with name inMemoryUserDetailsManager
2025-04-11T10:24:05.557-03:00  INFO 27132 --- [backGrupo3ViMa] [restartedMain] o.s.b.d.a.OptionalLiveReloadServer       : LiveReload server is running on port 35729
2025-04-11T10:24:05.604-03:00  INFO 27132 --- [backGrupo3ViMa] [restartedMain] o.s.b.w.embedded.tomcat.TomcatWebServer  : Tomcat started on port 4002 (http) with context path '/'
2025-04-11T10:24:05.616-03:00  INFO 27132 --- [backGrupo3ViMa] [restartedMain] o.e.b.BackGrupo3ViMaApplication          : Started BackGrupo3ViMaApplication in 5.231 seconds (process running for 7.043)
2025-04-11T10:25:15.842-03:00  INFO 36708 --- [backGrupo3ViMa] [restartedMain] o.e.b.BackGrupo3ViMaApplication          : Starting BackGrupo3ViMaApplication using Java 22.0.2 with PID 36708 (C:\Users\franc\Documents\GitHub\DesarrolloAPSI\backend\backGrupo4ViMa\target\classes started by franc in C:\Users\franc\Documents\GitHub\DesarrolloAPSI\backend\backGrupo4ViMa)
2025-04-11T10:25:15.844-03:00  INFO 36708 --- [backGrupo3ViMa] [restartedMain] o.e.b.BackGrupo3ViMaApplication          : No active profile set, falling back to 1 default profile: "default"
2025-04-11T10:25:15.903-03:00  INFO 36708 --- [backGrupo3ViMa] [restartedMain] .e.DevToolsPropertyDefaultsPostProcessor : Devtools property defaults active! Set 'spring.devtools.add-properties' to 'false' to disable
2025-04-11T10:25:15.903-03:00  INFO 36708 --- [backGrupo3ViMa] [restartedMain] .e.DevToolsPropertyDefaultsPostProcessor : For additional web related logging consider setting the 'logging.level.web' property to 'DEBUG'
2025-04-11T10:25:16.932-03:00  INFO 36708 --- [backGrupo3ViMa] [restartedMain] .s.d.r.c.RepositoryConfigurationDelegate : Bootstrapping Spring Data JPA repositories in DEFAULT mode.
2025-04-11T10:25:16.974-03:00  INFO 36708 --- [backGrupo3ViMa] [restartedMain] .s.d.r.c.RepositoryConfigurationDelegate : Finished Spring Data repository scanning in 18 ms. Found 0 JPA repository interfaces.
2025-04-11T10:25:17.633-03:00  INFO 36708 --- [backGrupo3ViMa] [restartedMain] o.s.b.w.embedded.tomcat.TomcatWebServer  : Tomcat initialized with port 4002 (http)
2025-04-11T10:25:17.651-03:00  INFO 36708 --- [backGrupo3ViMa] [restartedMain] o.apache.catalina.core.StandardService   : Starting service [Tomcat]
2025-04-11T10:25:17.651-03:00  INFO 36708 --- [backGrupo3ViMa] [restartedMain] o.apache.catalina.core.StandardEngine    : Starting Servlet engine: [Apache Tomcat/10.1.36]
2025-04-11T10:25:17.740-03:00  INFO 36708 --- [backGrupo3ViMa] [restartedMain] o.a.c.c.C.[Tomcat].[localhost].[/]       : Initializing Spring embedded WebApplicationContext
2025-04-11T10:25:17.742-03:00  INFO 36708 --- [backGrupo3ViMa] [restartedMain] w.s.c.ServletWebServerApplicationContext : Root WebApplicationContext: initialization completed in 1836 ms
2025-04-11T10:25:17.950-03:00  INFO 36708 --- [backGrupo3ViMa] [restartedMain] o.hibernate.jpa.internal.util.LogHelper  : HHH000204: Processing PersistenceUnitInfo [name: default]
2025-04-11T10:25:18.033-03:00  INFO 36708 --- [backGrupo3ViMa] [restartedMain] org.hibernate.Version                    : HHH000412: Hibernate ORM core version 6.6.8.Final
2025-04-11T10:25:18.077-03:00  INFO 36708 --- [backGrupo3ViMa] [restartedMain] o.h.c.internal.RegionFactoryInitiator    : HHH000026: Second-level cache disabled
2025-04-11T10:25:18.374-03:00  INFO 36708 --- [backGrupo3ViMa] [restartedMain] o.s.o.j.p.SpringPersistenceUnitInfo      : No LoadTimeWeaver setup: ignoring JPA class transformer
2025-04-11T10:25:18.403-03:00  INFO 36708 --- [backGrupo3ViMa] [restartedMain] com.zaxxer.hikari.HikariDataSource       : HikariPool-1 - Starting...
2025-04-11T10:25:18.733-03:00  INFO 36708 --- [backGrupo3ViMa] [restartedMain] com.zaxxer.hikari.pool.HikariPool        : HikariPool-1 - Added connection com.mysql.cj.jdbc.ConnectionImpl@1a481637
2025-04-11T10:25:18.735-03:00  INFO 36708 --- [backGrupo3ViMa] [restartedMain] com.zaxxer.hikari.HikariDataSource       : HikariPool-1 - Start completed.
2025-04-11T10:25:18.843-03:00  INFO 36708 --- [backGrupo3ViMa] [restartedMain] org.hibernate.orm.connections.pooling    : HHH10001005: Database info:
	Database JDBC URL [Connecting through datasource 'HikariDataSource (HikariPool-1)']
	Database driver: undefined/unknown
	Database version: 8.0.41
	Autocommit mode: undefined/unknown
	Isolation level: undefined/unknown
	Minimum pool size: undefined/unknown
	Maximum pool size: undefined/unknown
2025-04-11T10:25:19.327-03:00  INFO 36708 --- [backGrupo3ViMa] [restartedMain] o.h.e.t.j.p.i.JtaPlatformInitiator       : HHH000489: No JTA platform available (set 'hibernate.transaction.jta.platform' to enable JTA platform integration)
2025-04-11T10:25:19.332-03:00  INFO 36708 --- [backGrupo3ViMa] [restartedMain] j.LocalContainerEntityManagerFactoryBean : Initialized JPA EntityManagerFactory for persistence unit 'default'
2025-04-11T10:25:19.525-03:00  WARN 36708 --- [backGrupo3ViMa] [restartedMain] JpaBaseConfiguration$JpaWebConfiguration : spring.jpa.open-in-view is enabled by default. Therefore, database queries may be performed during view rendering. Explicitly configure spring.jpa.open-in-view to disable this warning
2025-04-11T10:25:19.617-03:00  INFO 36708 --- [backGrupo3ViMa] [restartedMain] o.s.v.b.OptionalValidatorFactoryBean     : Failed to set up a Bean Validation provider: jakarta.validation.NoProviderFoundException: Unable to create a Configuration, because no Jakarta Bean Validation provider could be found. Add a provider like Hibernate Validator (RI) to your classpath.
2025-04-11T10:25:19.698-03:00 DEBUG 36708 --- [backGrupo3ViMa] [restartedMain] s.w.s.m.m.a.RequestMappingHandlerMapping : 6 mappings in 'requestMappingHandlerMapping'
2025-04-11T10:25:19.799-03:00 DEBUG 36708 --- [backGrupo3ViMa] [restartedMain] o.s.w.s.handler.SimpleUrlHandlerMapping  : Patterns [/webjars/**, /**, /swagger-ui*/*swagger-initializer.js, /swagger-ui*/**] in 'resourceHandlerMapping'
2025-04-11T10:25:19.848-03:00 DEBUG 36708 --- [backGrupo3ViMa] [restartedMain] s.w.s.m.m.a.RequestMappingHandlerAdapter : ControllerAdvice beans: 0 @ModelAttribute, 0 @InitBinder, 1 RequestBodyAdvice, 1 ResponseBodyAdvice
2025-04-11T10:25:19.920-03:00 DEBUG 36708 --- [backGrupo3ViMa] [restartedMain] .m.m.a.ExceptionHandlerExceptionResolver : ControllerAdvice beans: 1 @ExceptionHandler, 1 ResponseBodyAdvice
2025-04-11T10:25:20.160-03:00  WARN 36708 --- [backGrupo3ViMa] [restartedMain] .s.s.UserDetailsServiceAutoConfiguration : 

Using generated security password: b286c878-23d2-4184-9fb5-4b3080b88469

This generated password is for development use only. Your security configuration must be updated before running your application in production.

2025-04-11T10:25:20.181-03:00  INFO 36708 --- [backGrupo3ViMa] [restartedMain] r$InitializeUserDetailsManagerConfigurer : Global AuthenticationManager configured with UserDetailsService bean with name inMemoryUserDetailsManager
2025-04-11T10:25:20.353-03:00  INFO 36708 --- [backGrupo3ViMa] [restartedMain] o.s.b.d.a.OptionalLiveReloadServer       : LiveReload server is running on port 35729
2025-04-11T10:25:20.426-03:00  INFO 36708 --- [backGrupo3ViMa] [restartedMain] o.s.b.w.embedded.tomcat.TomcatWebServer  : Tomcat started on port 4002 (http) with context path '/'
2025-04-11T10:25:20.449-03:00  INFO 36708 --- [backGrupo3ViMa] [restartedMain] o.e.b.BackGrupo3ViMaApplication          : Started BackGrupo3ViMaApplication in 5.353 seconds (process running for 7.035)
2025-04-11T10:26:35.852-03:00  INFO 36708 --- [backGrupo3ViMa] [http-nio-4002-exec-1] o.a.c.c.C.[Tomcat].[localhost].[/]       : Initializing Spring DispatcherServlet 'dispatcherServlet'
2025-04-11T10:26:35.852-03:00  INFO 36708 --- [backGrupo3ViMa] [http-nio-4002-exec-1] o.s.web.servlet.DispatcherServlet        : Initializing Servlet 'dispatcherServlet'
2025-04-11T10:26:35.853-03:00 DEBUG 36708 --- [backGrupo3ViMa] [http-nio-4002-exec-1] o.s.web.servlet.DispatcherServlet        : Detected StandardServletMultipartResolver
2025-04-11T10:26:35.853-03:00 DEBUG 36708 --- [backGrupo3ViMa] [http-nio-4002-exec-1] o.s.web.servlet.DispatcherServlet        : Detected AcceptHeaderLocaleResolver
2025-04-11T10:26:35.853-03:00 DEBUG 36708 --- [backGrupo3ViMa] [http-nio-4002-exec-1] o.s.web.servlet.DispatcherServlet        : Detected FixedThemeResolver
2025-04-11T10:26:35.854-03:00 DEBUG 36708 --- [backGrupo3ViMa] [http-nio-4002-exec-1] o.s.web.servlet.DispatcherServlet        : Detected org.springframework.web.servlet.view.DefaultRequestToViewNameTranslator@3d85d541
2025-04-11T10:26:35.855-03:00 DEBUG 36708 --- [backGrupo3ViMa] [http-nio-4002-exec-1] o.s.web.servlet.DispatcherServlet        : Detected org.springframework.web.servlet.support.SessionFlashMapManager@1b9022e6
2025-04-11T10:26:35.855-03:00 DEBUG 36708 --- [backGrupo3ViMa] [http-nio-4002-exec-1] o.s.web.servlet.DispatcherServlet        : enableLoggingRequestDetails='false': request parameters and headers will be masked to prevent unsafe logging of potentially sensitive data
2025-04-11T10:26:35.855-03:00  INFO 36708 --- [backGrupo3ViMa] [http-nio-4002-exec-1] o.s.web.servlet.DispatcherServlet        : Completed initialization in 3 ms
2025-04-11T10:32:35.817-03:00  INFO 23840 --- [backGrupo3ViMa] [restartedMain] o.e.b.BackGrupo3ViMaApplication          : Starting BackGrupo3ViMaApplication using Java 22.0.2 with PID 23840 (C:\Users\franc\Documents\GitHub\DesarrolloAPSI\backend\backGrupo4ViMa\target\classes started by franc in C:\Users\franc\Documents\GitHub\DesarrolloAPSI\backend\backGrupo4ViMa)
2025-04-11T10:32:35.821-03:00  INFO 23840 --- [backGrupo3ViMa] [restartedMain] o.e.b.BackGrupo3ViMaApplication          : No active profile set, falling back to 1 default profile: "default"
2025-04-11T10:32:35.910-03:00  INFO 23840 --- [backGrupo3ViMa] [restartedMain] .e.DevToolsPropertyDefaultsPostProcessor : Devtools property defaults active! Set 'spring.devtools.add-properties' to 'false' to disable
2025-04-11T10:32:35.911-03:00  INFO 23840 --- [backGrupo3ViMa] [restartedMain] .e.DevToolsPropertyDefaultsPostProcessor : For additional web related logging consider setting the 'logging.level.web' property to 'DEBUG'
2025-04-11T10:32:36.977-03:00  INFO 23840 --- [backGrupo3ViMa] [restartedMain] .s.d.r.c.RepositoryConfigurationDelegate : Bootstrapping Spring Data JPA repositories in DEFAULT mode.
2025-04-11T10:32:37.004-03:00  INFO 23840 --- [backGrupo3ViMa] [restartedMain] .s.d.r.c.RepositoryConfigurationDelegate : Finished Spring Data repository scanning in 13 ms. Found 0 JPA repository interfaces.
2025-04-11T10:32:37.770-03:00  INFO 23840 --- [backGrupo3ViMa] [restartedMain] o.s.b.w.embedded.tomcat.TomcatWebServer  : Tomcat initialized with port 4002 (http)
2025-04-11T10:32:37.789-03:00  INFO 23840 --- [backGrupo3ViMa] [restartedMain] o.apache.catalina.core.StandardService   : Starting service [Tomcat]
2025-04-11T10:32:37.789-03:00  INFO 23840 --- [backGrupo3ViMa] [restartedMain] o.apache.catalina.core.StandardEngine    : Starting Servlet engine: [Apache Tomcat/10.1.36]
2025-04-11T10:32:37.862-03:00  INFO 23840 --- [backGrupo3ViMa] [restartedMain] o.a.c.c.C.[Tomcat].[localhost].[/]       : Initializing Spring embedded WebApplicationContext
2025-04-11T10:32:37.863-03:00  INFO 23840 --- [backGrupo3ViMa] [restartedMain] w.s.c.ServletWebServerApplicationContext : Root WebApplicationContext: initialization completed in 1951 ms
2025-04-11T10:32:38.133-03:00  INFO 23840 --- [backGrupo3ViMa] [restartedMain] o.hibernate.jpa.internal.util.LogHelper  : HHH000204: Processing PersistenceUnitInfo [name: default]
2025-04-11T10:32:38.230-03:00  INFO 23840 --- [backGrupo3ViMa] [restartedMain] org.hibernate.Version                    : HHH000412: Hibernate ORM core version 6.6.8.Final
2025-04-11T10:32:38.285-03:00  INFO 23840 --- [backGrupo3ViMa] [restartedMain] o.h.c.internal.RegionFactoryInitiator    : HHH000026: Second-level cache disabled
2025-04-11T10:32:38.700-03:00  INFO 23840 --- [backGrupo3ViMa] [restartedMain] o.s.o.j.p.SpringPersistenceUnitInfo      : No LoadTimeWeaver setup: ignoring JPA class transformer
2025-04-11T10:32:38.753-03:00  INFO 23840 --- [backGrupo3ViMa] [restartedMain] com.zaxxer.hikari.HikariDataSource       : HikariPool-1 - Starting...
2025-04-11T10:32:39.281-03:00  INFO 23840 --- [backGrupo3ViMa] [restartedMain] com.zaxxer.hikari.pool.HikariPool        : HikariPool-1 - Added connection com.mysql.cj.jdbc.ConnectionImpl@71658e64
2025-04-11T10:32:39.284-03:00  INFO 23840 --- [backGrupo3ViMa] [restartedMain] com.zaxxer.hikari.HikariDataSource       : HikariPool-1 - Start completed.
2025-04-11T10:32:39.403-03:00  INFO 23840 --- [backGrupo3ViMa] [restartedMain] org.hibernate.orm.connections.pooling    : HHH10001005: Database info:
	Database JDBC URL [Connecting through datasource 'HikariDataSource (HikariPool-1)']
	Database driver: undefined/unknown
	Database version: 8.0.41
	Autocommit mode: undefined/unknown
	Isolation level: undefined/unknown
	Minimum pool size: undefined/unknown
	Maximum pool size: undefined/unknown
2025-04-11T10:32:39.883-03:00  INFO 23840 --- [backGrupo3ViMa] [restartedMain] o.h.e.t.j.p.i.JtaPlatformInitiator       : HHH000489: No JTA platform available (set 'hibernate.transaction.jta.platform' to enable JTA platform integration)
2025-04-11T10:32:39.892-03:00  INFO 23840 --- [backGrupo3ViMa] [restartedMain] j.LocalContainerEntityManagerFactoryBean : Initialized JPA EntityManagerFactory for persistence unit 'default'
2025-04-11T10:32:40.087-03:00  WARN 23840 --- [backGrupo3ViMa] [restartedMain] JpaBaseConfiguration$JpaWebConfiguration : spring.jpa.open-in-view is enabled by default. Therefore, database queries may be performed during view rendering. Explicitly configure spring.jpa.open-in-view to disable this warning
2025-04-11T10:32:40.152-03:00  INFO 23840 --- [backGrupo3ViMa] [restartedMain] o.s.v.b.OptionalValidatorFactoryBean     : Failed to set up a Bean Validation provider: jakarta.validation.NoProviderFoundException: Unable to create a Configuration, because no Jakarta Bean Validation provider could be found. Add a provider like Hibernate Validator (RI) to your classpath.
2025-04-11T10:32:40.228-03:00 DEBUG 23840 --- [backGrupo3ViMa] [restartedMain] s.w.s.m.m.a.RequestMappingHandlerMapping : 6 mappings in 'requestMappingHandlerMapping'
2025-04-11T10:32:40.334-03:00 DEBUG 23840 --- [backGrupo3ViMa] [restartedMain] o.s.w.s.handler.SimpleUrlHandlerMapping  : Patterns [/webjars/**, /**, /swagger-ui*/*swagger-initializer.js, /swagger-ui*/**] in 'resourceHandlerMapping'
2025-04-11T10:32:40.374-03:00 DEBUG 23840 --- [backGrupo3ViMa] [restartedMain] s.w.s.m.m.a.RequestMappingHandlerAdapter : ControllerAdvice beans: 0 @ModelAttribute, 0 @InitBinder, 1 RequestBodyAdvice, 1 ResponseBodyAdvice
2025-04-11T10:32:40.429-03:00 DEBUG 23840 --- [backGrupo3ViMa] [restartedMain] .m.m.a.ExceptionHandlerExceptionResolver : ControllerAdvice beans: 1 @ExceptionHandler, 1 ResponseBodyAdvice
2025-04-11T10:32:40.669-03:00  WARN 23840 --- [backGrupo3ViMa] [restartedMain] .s.s.UserDetailsServiceAutoConfiguration : 

Using generated security password: 2f00241f-017c-4ed2-88d6-a52fda123dd3

This generated password is for development use only. Your security configuration must be updated before running your application in production.

2025-04-11T10:32:40.689-03:00  INFO 23840 --- [backGrupo3ViMa] [restartedMain] r$InitializeUserDetailsManagerConfigurer : Global AuthenticationManager configured with UserDetailsService bean with name inMemoryUserDetailsManager
2025-04-11T10:32:40.890-03:00  INFO 23840 --- [backGrupo3ViMa] [restartedMain] o.s.b.d.a.OptionalLiveReloadServer       : LiveReload server is running on port 35729
2025-04-11T10:32:40.997-03:00  INFO 23840 --- [backGrupo3ViMa] [restartedMain] o.s.b.w.embedded.tomcat.TomcatWebServer  : Tomcat started on port 4002 (http) with context path '/'
2025-04-11T10:32:41.021-03:00  INFO 23840 --- [backGrupo3ViMa] [restartedMain] o.e.b.BackGrupo3ViMaApplication          : Started BackGrupo3ViMaApplication in 5.969 seconds (process running for 7.538)
2025-04-11T10:33:13.198-03:00  INFO 23840 --- [backGrupo3ViMa] [http-nio-4002-exec-1] o.a.c.c.C.[Tomcat].[localhost].[/]       : Initializing Spring DispatcherServlet 'dispatcherServlet'
2025-04-11T10:33:13.199-03:00  INFO 23840 --- [backGrupo3ViMa] [http-nio-4002-exec-1] o.s.web.servlet.DispatcherServlet        : Initializing Servlet 'dispatcherServlet'
2025-04-11T10:33:13.199-03:00 DEBUG 23840 --- [backGrupo3ViMa] [http-nio-4002-exec-1] o.s.web.servlet.DispatcherServlet        : Detected StandardServletMultipartResolver
2025-04-11T10:33:13.199-03:00 DEBUG 23840 --- [backGrupo3ViMa] [http-nio-4002-exec-1] o.s.web.servlet.DispatcherServlet        : Detected AcceptHeaderLocaleResolver
2025-04-11T10:33:13.199-03:00 DEBUG 23840 --- [backGrupo3ViMa] [http-nio-4002-exec-1] o.s.web.servlet.DispatcherServlet        : Detected FixedThemeResolver
2025-04-11T10:33:13.200-03:00 DEBUG 23840 --- [backGrupo3ViMa] [http-nio-4002-exec-1] o.s.web.servlet.DispatcherServlet        : Detected org.springframework.web.servlet.view.DefaultRequestToViewNameTranslator@42170ef8
2025-04-11T10:33:13.200-03:00 DEBUG 23840 --- [backGrupo3ViMa] [http-nio-4002-exec-1] o.s.web.servlet.DispatcherServlet        : Detected org.springframework.web.servlet.support.SessionFlashMapManager@36267ba5
2025-04-11T10:33:13.200-03:00 DEBUG 23840 --- [backGrupo3ViMa] [http-nio-4002-exec-1] o.s.web.servlet.DispatcherServlet        : enableLoggingRequestDetails='false': request parameters and headers will be masked to prevent unsafe logging of potentially sensitive data
2025-04-11T10:33:13.200-03:00  INFO 23840 --- [backGrupo3ViMa] [http-nio-4002-exec-1] o.s.web.servlet.DispatcherServlet        : Completed initialization in 1 ms
2025-04-11T10:34:38.096-03:00  INFO 24704 --- [backGrupo3ViMa] [restartedMain] o.e.b.BackGrupo3ViMaApplication          : Starting BackGrupo3ViMaApplication using Java 22.0.2 with PID 24704 (C:\Users\franc\Documents\GitHub\DesarrolloAPSI\backend\backGrupo4ViMa\target\classes started by franc in C:\Users\franc\Documents\GitHub\DesarrolloAPSI\backend\backGrupo4ViMa)
2025-04-11T10:34:38.099-03:00  INFO 24704 --- [backGrupo3ViMa] [restartedMain] o.e.b.BackGrupo3ViMaApplication          : No active profile set, falling back to 1 default profile: "default"
2025-04-11T10:34:38.168-03:00  INFO 24704 --- [backGrupo3ViMa] [restartedMain] .e.DevToolsPropertyDefaultsPostProcessor : Devtools property defaults active! Set 'spring.devtools.add-properties' to 'false' to disable
2025-04-11T10:34:38.169-03:00  INFO 24704 --- [backGrupo3ViMa] [restartedMain] .e.DevToolsPropertyDefaultsPostProcessor : For additional web related logging consider setting the 'logging.level.web' property to 'DEBUG'
2025-04-11T10:34:39.142-03:00  INFO 24704 --- [backGrupo3ViMa] [restartedMain] .s.d.r.c.RepositoryConfigurationDelegate : Bootstrapping Spring Data JPA repositories in DEFAULT mode.
2025-04-11T10:34:39.169-03:00  INFO 24704 --- [backGrupo3ViMa] [restartedMain] .s.d.r.c.RepositoryConfigurationDelegate : Finished Spring Data repository scanning in 16 ms. Found 0 JPA repository interfaces.
2025-04-11T10:34:39.881-03:00  INFO 24704 --- [backGrupo3ViMa] [restartedMain] o.s.b.w.embedded.tomcat.TomcatWebServer  : Tomcat initialized with port 4002 (http)
2025-04-11T10:34:39.898-03:00  INFO 24704 --- [backGrupo3ViMa] [restartedMain] o.apache.catalina.core.StandardService   : Starting service [Tomcat]
2025-04-11T10:34:39.898-03:00  INFO 24704 --- [backGrupo3ViMa] [restartedMain] o.apache.catalina.core.StandardEngine    : Starting Servlet engine: [Apache Tomcat/10.1.36]
2025-04-11T10:34:39.979-03:00  INFO 24704 --- [backGrupo3ViMa] [restartedMain] o.a.c.c.C.[Tomcat].[localhost].[/]       : Initializing Spring embedded WebApplicationContext
2025-04-11T10:34:39.979-03:00  INFO 24704 --- [backGrupo3ViMa] [restartedMain] w.s.c.ServletWebServerApplicationContext : Root WebApplicationContext: initialization completed in 1810 ms
2025-04-11T10:34:40.203-03:00  INFO 24704 --- [backGrupo3ViMa] [restartedMain] o.hibernate.jpa.internal.util.LogHelper  : HHH000204: Processing PersistenceUnitInfo [name: default]
2025-04-11T10:34:40.283-03:00  INFO 24704 --- [backGrupo3ViMa] [restartedMain] org.hibernate.Version                    : HHH000412: Hibernate ORM core version 6.6.8.Final
2025-04-11T10:34:40.331-03:00  INFO 24704 --- [backGrupo3ViMa] [restartedMain] o.h.c.internal.RegionFactoryInitiator    : HHH000026: Second-level cache disabled
2025-04-11T10:34:40.752-03:00  INFO 24704 --- [backGrupo3ViMa] [restartedMain] o.s.o.j.p.SpringPersistenceUnitInfo      : No LoadTimeWeaver setup: ignoring JPA class transformer
2025-04-11T10:34:40.793-03:00  INFO 24704 --- [backGrupo3ViMa] [restartedMain] com.zaxxer.hikari.HikariDataSource       : HikariPool-1 - Starting...
2025-04-11T10:34:41.153-03:00  INFO 24704 --- [backGrupo3ViMa] [restartedMain] com.zaxxer.hikari.pool.HikariPool        : HikariPool-1 - Added connection com.mysql.cj.jdbc.ConnectionImpl@3d24ad27
2025-04-11T10:34:41.155-03:00  INFO 24704 --- [backGrupo3ViMa] [restartedMain] com.zaxxer.hikari.HikariDataSource       : HikariPool-1 - Start completed.
2025-04-11T10:34:41.248-03:00  INFO 24704 --- [backGrupo3ViMa] [restartedMain] org.hibernate.orm.connections.pooling    : HHH10001005: Database info:
	Database JDBC URL [Connecting through datasource 'HikariDataSource (HikariPool-1)']
	Database driver: undefined/unknown
	Database version: 8.0.41
	Autocommit mode: undefined/unknown
	Isolation level: undefined/unknown
	Minimum pool size: undefined/unknown
	Maximum pool size: undefined/unknown
2025-04-11T10:34:41.649-03:00  INFO 24704 --- [backGrupo3ViMa] [restartedMain] o.h.e.t.j.p.i.JtaPlatformInitiator       : HHH000489: No JTA platform available (set 'hibernate.transaction.jta.platform' to enable JTA platform integration)
2025-04-11T10:34:41.655-03:00  INFO 24704 --- [backGrupo3ViMa] [restartedMain] j.LocalContainerEntityManagerFactoryBean : Initialized JPA EntityManagerFactory for persistence unit 'default'
2025-04-11T10:34:41.856-03:00  WARN 24704 --- [backGrupo3ViMa] [restartedMain] JpaBaseConfiguration$JpaWebConfiguration : spring.jpa.open-in-view is enabled by default. Therefore, database queries may be performed during view rendering. Explicitly configure spring.jpa.open-in-view to disable this warning
2025-04-11T10:34:41.984-03:00  INFO 24704 --- [backGrupo3ViMa] [restartedMain] o.s.v.b.OptionalValidatorFactoryBean     : Failed to set up a Bean Validation provider: jakarta.validation.NoProviderFoundException: Unable to create a Configuration, because no Jakarta Bean Validation provider could be found. Add a provider like Hibernate Validator (RI) to your classpath.
2025-04-11T10:34:42.050-03:00 DEBUG 24704 --- [backGrupo3ViMa] [restartedMain] s.w.s.m.m.a.RequestMappingHandlerMapping : 6 mappings in 'requestMappingHandlerMapping'
2025-04-11T10:34:42.152-03:00 DEBUG 24704 --- [backGrupo3ViMa] [restartedMain] o.s.w.s.handler.SimpleUrlHandlerMapping  : Patterns [/webjars/**, /**, /swagger-ui*/*swagger-initializer.js, /swagger-ui*/**] in 'resourceHandlerMapping'
2025-04-11T10:34:42.195-03:00 DEBUG 24704 --- [backGrupo3ViMa] [restartedMain] s.w.s.m.m.a.RequestMappingHandlerAdapter : ControllerAdvice beans: 0 @ModelAttribute, 0 @InitBinder, 1 RequestBodyAdvice, 1 ResponseBodyAdvice
2025-04-11T10:34:42.255-03:00 DEBUG 24704 --- [backGrupo3ViMa] [restartedMain] .m.m.a.ExceptionHandlerExceptionResolver : ControllerAdvice beans: 1 @ExceptionHandler, 1 ResponseBodyAdvice
2025-04-11T10:34:42.519-03:00  WARN 24704 --- [backGrupo3ViMa] [restartedMain] .s.s.UserDetailsServiceAutoConfiguration : 

Using generated security password: eb40da0c-f1d3-43b7-b8ed-a4262ac62bd2

This generated password is for development use only. Your security configuration must be updated before running your application in production.

2025-04-11T10:34:42.537-03:00  INFO 24704 --- [backGrupo3ViMa] [restartedMain] r$InitializeUserDetailsManagerConfigurer : Global AuthenticationManager configured with UserDetailsService bean with name inMemoryUserDetailsManager
2025-04-11T10:34:42.722-03:00  INFO 24704 --- [backGrupo3ViMa] [restartedMain] o.s.b.d.a.OptionalLiveReloadServer       : LiveReload server is running on port 35729
2025-04-11T10:34:42.785-03:00  INFO 24704 --- [backGrupo3ViMa] [restartedMain] o.s.b.w.embedded.tomcat.TomcatWebServer  : Tomcat started on port 4002 (http) with context path '/'
2025-04-11T10:34:42.800-03:00  INFO 24704 --- [backGrupo3ViMa] [restartedMain] o.e.b.BackGrupo3ViMaApplication          : Started BackGrupo3ViMaApplication in 5.428 seconds (process running for 7.077)
2025-04-11T10:34:49.344-03:00  INFO 24704 --- [backGrupo3ViMa] [http-nio-4002-exec-1] o.a.c.c.C.[Tomcat].[localhost].[/]       : Initializing Spring DispatcherServlet 'dispatcherServlet'
2025-04-11T10:34:49.344-03:00  INFO 24704 --- [backGrupo3ViMa] [http-nio-4002-exec-1] o.s.web.servlet.DispatcherServlet        : Initializing Servlet 'dispatcherServlet'
2025-04-11T10:34:49.344-03:00 DEBUG 24704 --- [backGrupo3ViMa] [http-nio-4002-exec-1] o.s.web.servlet.DispatcherServlet        : Detected StandardServletMultipartResolver
2025-04-11T10:34:49.344-03:00 DEBUG 24704 --- [backGrupo3ViMa] [http-nio-4002-exec-1] o.s.web.servlet.DispatcherServlet        : Detected AcceptHeaderLocaleResolver
2025-04-11T10:34:49.345-03:00 DEBUG 24704 --- [backGrupo3ViMa] [http-nio-4002-exec-1] o.s.web.servlet.DispatcherServlet        : Detected FixedThemeResolver
2025-04-11T10:34:49.346-03:00 DEBUG 24704 --- [backGrupo3ViMa] [http-nio-4002-exec-1] o.s.web.servlet.DispatcherServlet        : Detected org.springframework.web.servlet.view.DefaultRequestToViewNameTranslator@680c5ed0
2025-04-11T10:34:49.346-03:00 DEBUG 24704 --- [backGrupo3ViMa] [http-nio-4002-exec-1] o.s.web.servlet.DispatcherServlet        : Detected org.springframework.web.servlet.support.SessionFlashMapManager@7ff91a2b
2025-04-11T10:34:49.348-03:00 DEBUG 24704 --- [backGrupo3ViMa] [http-nio-4002-exec-1] o.s.web.servlet.DispatcherServlet        : enableLoggingRequestDetails='false': request parameters and headers will be masked to prevent unsafe logging of potentially sensitive data
2025-04-11T10:34:49.348-03:00  INFO 24704 --- [backGrupo3ViMa] [http-nio-4002-exec-1] o.s.web.servlet.DispatcherServlet        : Completed initialization in 4 ms
2025-04-11T10:35:50.524-03:00 DEBUG 24704 --- [backGrupo3ViMa] [http-nio-4002-exec-7] o.s.web.servlet.DispatcherServlet        : GET "/swagger-ui.html?continue", parameters={masked}
2025-04-11T10:35:50.526-03:00 DEBUG 24704 --- [backGrupo3ViMa] [http-nio-4002-exec-7] s.w.s.m.m.a.RequestMappingHandlerMapping : Mapped to org.springdoc.webmvc.ui.SwaggerWelcomeWebMvc#redirectToUi(HttpServletRequest)
2025-04-11T10:35:50.668-03:00 DEBUG 24704 --- [backGrupo3ViMa] [http-nio-4002-exec-7] o.s.w.s.m.m.a.HttpEntityMethodProcessor  : Using 'application/json;q=0.8', given [text/html, application/xhtml+xml, image/avif, image/webp, image/apng, application/xml;q=0.9, */*;q=0.8, application/signed-exchange;v=b3;q=0.7] and supported [application/json, application/*+json, application/yaml]
2025-04-11T10:35:50.671-03:00 DEBUG 24704 --- [backGrupo3ViMa] [http-nio-4002-exec-7] o.s.w.s.m.m.a.HttpEntityMethodProcessor  : Nothing to write: null body
2025-04-11T10:35:50.674-03:00 DEBUG 24704 --- [backGrupo3ViMa] [http-nio-4002-exec-7] o.s.web.servlet.DispatcherServlet        : Completed 302 FOUND
2025-04-11T10:35:50.681-03:00 DEBUG 24704 --- [backGrupo3ViMa] [http-nio-4002-exec-8] o.s.web.servlet.DispatcherServlet        : GET "/swagger-ui/index.html?continue=", parameters={masked}
2025-04-11T10:35:50.682-03:00 DEBUG 24704 --- [backGrupo3ViMa] [http-nio-4002-exec-8] o.s.w.s.handler.SimpleUrlHandlerMapping  : Mapped to ResourceHttpRequestHandler [classpath [META-INF/resources/webjars/]]
2025-04-11T10:35:50.692-03:00 DEBUG 24704 --- [backGrupo3ViMa] [http-nio-4002-exec-8] o.s.web.servlet.DispatcherServlet        : Completed 200 OK
2025-04-11T10:35:50.792-03:00 DEBUG 24704 --- [backGrupo3ViMa] [http-nio-4002-exec-9] o.s.web.servlet.DispatcherServlet        : GET "/swagger-ui/swagger-ui.css", parameters={}
2025-04-11T10:35:50.794-03:00 DEBUG 24704 --- [backGrupo3ViMa] [http-nio-4002-exec-10] o.s.web.servlet.DispatcherServlet        : GET "/swagger-ui/index.css", parameters={}
2025-04-11T10:35:50.796-03:00 DEBUG 24704 --- [backGrupo3ViMa] [http-nio-4002-exec-1] o.s.web.servlet.DispatcherServlet        : GET "/swagger-ui/swagger-ui-standalone-preset.js", parameters={}
2025-04-11T10:35:50.795-03:00 DEBUG 24704 --- [backGrupo3ViMa] [http-nio-4002-exec-9] o.s.w.s.handler.SimpleUrlHandlerMapping  : Mapped to ResourceHttpRequestHandler [classpath [META-INF/resources/webjars/]]
2025-04-11T10:35:50.796-03:00 DEBUG 24704 --- [backGrupo3ViMa] [http-nio-4002-exec-3] o.s.web.servlet.DispatcherServlet        : GET "/swagger-ui/swagger-initializer.js", parameters={}
2025-04-11T10:35:50.796-03:00 DEBUG 24704 --- [backGrupo3ViMa] [http-nio-4002-exec-2] o.s.web.servlet.DispatcherServlet        : GET "/swagger-ui/swagger-ui-bundle.js", parameters={}
2025-04-11T10:35:50.798-03:00 DEBUG 24704 --- [backGrupo3ViMa] [http-nio-4002-exec-1] o.s.w.s.handler.SimpleUrlHandlerMapping  : Mapped to ResourceHttpRequestHandler [classpath [META-INF/resources/webjars/]]
2025-04-11T10:35:50.798-03:00 DEBUG 24704 --- [backGrupo3ViMa] [http-nio-4002-exec-10] o.s.w.s.handler.SimpleUrlHandlerMapping  : Mapped to ResourceHttpRequestHandler [classpath [META-INF/resources/webjars/]]
2025-04-11T10:35:50.798-03:00 DEBUG 24704 --- [backGrupo3ViMa] [http-nio-4002-exec-2] o.s.w.s.handler.SimpleUrlHandlerMapping  : Mapped to ResourceHttpRequestHandler [classpath [META-INF/resources/webjars/]]
2025-04-11T10:35:50.798-03:00 DEBUG 24704 --- [backGrupo3ViMa] [http-nio-4002-exec-3] o.s.w.s.handler.SimpleUrlHandlerMapping  : Mapped to ResourceHttpRequestHandler [classpath [META-INF/resources/webjars/]]
2025-04-11T10:35:50.808-03:00 DEBUG 24704 --- [backGrupo3ViMa] [http-nio-4002-exec-10] o.s.web.servlet.DispatcherServlet        : Completed 200 OK
2025-04-11T10:35:50.813-03:00 DEBUG 24704 --- [backGrupo3ViMa] [http-nio-4002-exec-9] o.s.web.servlet.DispatcherServlet        : Completed 200 OK
2025-04-11T10:35:50.822-03:00 DEBUG 24704 --- [backGrupo3ViMa] [http-nio-4002-exec-1] o.s.web.servlet.DispatcherServlet        : Completed 200 OK
2025-04-11T10:35:50.854-03:00 DEBUG 24704 --- [backGrupo3ViMa] [http-nio-4002-exec-2] o.s.web.servlet.DispatcherServlet        : Completed 200 OK
2025-04-11T10:35:50.877-03:00 DEBUG 24704 --- [backGrupo3ViMa] [http-nio-4002-exec-3] o.s.web.servlet.DispatcherServlet        : Completed 200 OK
2025-04-11T10:35:51.195-03:00 DEBUG 24704 --- [backGrupo3ViMa] [http-nio-4002-exec-5] o.s.web.servlet.DispatcherServlet        : GET "/v3/api-docs/swagger-config", parameters={}
2025-04-11T10:35:51.196-03:00 DEBUG 24704 --- [backGrupo3ViMa] [http-nio-4002-exec-5] s.w.s.m.m.a.RequestMappingHandlerMapping : Mapped to org.springdoc.webmvc.ui.SwaggerConfigResource#openapiJson(HttpServletRequest)
2025-04-11T10:35:51.199-03:00 DEBUG 24704 --- [backGrupo3ViMa] [http-nio-4002-exec-5] m.m.a.RequestResponseBodyMethodProcessor : Using 'application/json', given [*/*] and supported [application/json]
2025-04-11T10:35:51.201-03:00 DEBUG 24704 --- [backGrupo3ViMa] [http-nio-4002-exec-5] m.m.a.RequestResponseBodyMethodProcessor : Writing [{configUrl=/v3/api-docs/swagger-config, oauth2RedirectUrl=http://localhost:4002/swagger-ui/oauth2-re (truncated)...]
2025-04-11T10:35:51.213-03:00 DEBUG 24704 --- [backGrupo3ViMa] [http-nio-4002-exec-5] o.s.web.servlet.DispatcherServlet        : Completed 200 OK
2025-04-11T10:35:51.221-03:00 DEBUG 24704 --- [backGrupo3ViMa] [http-nio-4002-exec-4] o.s.web.servlet.DispatcherServlet        : GET "/swagger-ui/favicon-32x32.png", parameters={}
2025-04-11T10:35:51.224-03:00 DEBUG 24704 --- [backGrupo3ViMa] [http-nio-4002-exec-4] o.s.w.s.handler.SimpleUrlHandlerMapping  : Mapped to ResourceHttpRequestHandler [classpath [META-INF/resources/webjars/]]
2025-04-11T10:35:51.231-03:00 DEBUG 24704 --- [backGrupo3ViMa] [http-nio-4002-exec-4] o.s.web.servlet.DispatcherServlet        : Completed 200 OK
2025-04-11T10:35:51.274-03:00 DEBUG 24704 --- [backGrupo3ViMa] [http-nio-4002-exec-6] o.s.web.servlet.DispatcherServlet        : GET "/v3/api-docs", parameters={}
2025-04-11T10:35:51.276-03:00 DEBUG 24704 --- [backGrupo3ViMa] [http-nio-4002-exec-6] s.w.s.m.m.a.RequestMappingHandlerMapping : Mapped to org.springdoc.webmvc.api.OpenApiWebMvcResource#openapiJson(HttpServletRequest, String, Locale)
2025-04-11T10:35:51.500-03:00  INFO 24704 --- [backGrupo3ViMa] [http-nio-4002-exec-6] o.springdoc.api.AbstractOpenApiResource  : Init duration for springdoc-openapi is: 181 ms
2025-04-11T10:35:51.519-03:00 DEBUG 24704 --- [backGrupo3ViMa] [http-nio-4002-exec-6] m.m.a.RequestResponseBodyMethodProcessor : Using 'application/json', given [application/json, */*] and supported [application/json]
2025-04-11T10:35:51.519-03:00 DEBUG 24704 --- [backGrupo3ViMa] [http-nio-4002-exec-6] m.m.a.RequestResponseBodyMethodProcessor : Writing [{123, 34, 111, 112, 101, 110, 97, 112, 105, 34, 58, 34, 51, 46, 48, 46, 49, 34, 44, 34, 105, 110, 10 (truncated)...]
2025-04-11T10:35:51.520-03:00 DEBUG 24704 --- [backGrupo3ViMa] [http-nio-4002-exec-6] o.s.web.servlet.DispatcherServlet        : Completed 200 OK
2025-04-11T10:36:00.166-03:00 DEBUG 24704 --- [backGrupo3ViMa] [http-nio-4002-exec-7] o.s.web.servlet.DispatcherServlet        : GET "/v3/api-docs", parameters={}
2025-04-11T10:36:00.167-03:00 DEBUG 24704 --- [backGrupo3ViMa] [http-nio-4002-exec-7] s.w.s.m.m.a.RequestMappingHandlerMapping : Mapped to org.springdoc.webmvc.api.OpenApiWebMvcResource#openapiJson(HttpServletRequest, String, Locale)
2025-04-11T10:36:00.169-03:00 DEBUG 24704 --- [backGrupo3ViMa] [http-nio-4002-exec-7] m.m.a.RequestResponseBodyMethodProcessor : Using 'application/json', given [application/json, */*] and supported [application/json]
2025-04-11T10:36:00.169-03:00 DEBUG 24704 --- [backGrupo3ViMa] [http-nio-4002-exec-7] m.m.a.RequestResponseBodyMethodProcessor : Writing [{123, 34, 111, 112, 101, 110, 97, 112, 105, 34, 58, 34, 51, 46, 48, 46, 49, 34, 44, 34, 105, 110, 10 (truncated)...]
2025-04-11T10:36:00.171-03:00 DEBUG 24704 --- [backGrupo3ViMa] [http-nio-4002-exec-7] o.s.web.servlet.DispatcherServlet        : Completed 200 OK
2025-04-11T10:36:06.581-03:00 DEBUG 24704 --- [backGrupo3ViMa] [http-nio-4002-exec-8] o.s.web.servlet.DispatcherServlet        : GET "/v3/api-docs", parameters={}
2025-04-11T10:36:06.582-03:00 DEBUG 24704 --- [backGrupo3ViMa] [http-nio-4002-exec-8] s.w.s.m.m.a.RequestMappingHandlerMapping : Mapped to org.springdoc.webmvc.api.OpenApiWebMvcResource#openapiJson(HttpServletRequest, String, Locale)
2025-04-11T10:36:06.585-03:00 DEBUG 24704 --- [backGrupo3ViMa] [http-nio-4002-exec-8] m.m.a.RequestResponseBodyMethodProcessor : Using 'application/json;q=0.8', given [text/html, application/xhtml+xml, image/avif, image/webp, image/apng, application/xml;q=0.9, */*;q=0.8, application/signed-exchange;v=b3;q=0.7] and supported [application/json]
2025-04-11T10:36:06.585-03:00 DEBUG 24704 --- [backGrupo3ViMa] [http-nio-4002-exec-8] m.m.a.RequestResponseBodyMethodProcessor : Writing [{123, 34, 111, 112, 101, 110, 97, 112, 105, 34, 58, 34, 51, 46, 48, 46, 49, 34, 44, 34, 105, 110, 10 (truncated)...]
2025-04-11T10:36:06.587-03:00 DEBUG 24704 --- [backGrupo3ViMa] [http-nio-4002-exec-8] o.s.web.servlet.DispatcherServlet        : Completed 200 OK
2025-04-11T10:36:06.686-03:00 DEBUG 24704 --- [backGrupo3ViMa] [http-nio-4002-exec-10] o.s.web.servlet.DispatcherServlet        : GET "/favicon.ico", parameters={}
2025-04-11T10:36:06.687-03:00 DEBUG 24704 --- [backGrupo3ViMa] [http-nio-4002-exec-10] o.s.w.s.handler.SimpleUrlHandlerMapping  : Mapped to ResourceHttpRequestHandler [classpath [META-INF/resources/], classpath [resources/], classpath [static/], classpath [public/], ServletContext [/]]
2025-04-11T10:36:06.690-03:00 DEBUG 24704 --- [backGrupo3ViMa] [http-nio-4002-exec-10] o.s.w.s.r.ResourceHttpRequestHandler     : Resource not found
2025-04-11T10:36:06.695-03:00 DEBUG 24704 --- [backGrupo3ViMa] [http-nio-4002-exec-10] .w.s.m.s.DefaultHandlerExceptionResolver : Resolved [org.springframework.web.servlet.resource.NoResourceFoundException: No static resource favicon.ico.]
2025-04-11T10:36:06.696-03:00 DEBUG 24704 --- [backGrupo3ViMa] [http-nio-4002-exec-10] o.s.web.servlet.DispatcherServlet        : Completed 404 NOT_FOUND
2025-04-11T10:36:06.707-03:00 DEBUG 24704 --- [backGrupo3ViMa] [http-nio-4002-exec-10] o.s.web.servlet.DispatcherServlet        : "ERROR" dispatch for GET "/error", parameters={}
2025-04-11T10:36:06.707-03:00 DEBUG 24704 --- [backGrupo3ViMa] [http-nio-4002-exec-10] s.w.s.m.m.a.RequestMappingHandlerMapping : Mapped to org.springframework.boot.autoconfigure.web.servlet.error.BasicErrorController#error(HttpServletRequest)
2025-04-11T10:36:06.711-03:00 DEBUG 24704 --- [backGrupo3ViMa] [http-nio-4002-exec-10] o.s.w.s.m.m.a.HttpEntityMethodProcessor  : Using 'application/json;q=0.8', given [image/avif, image/webp, image/apng, image/svg+xml, image/*, */*;q=0.8] and supported [application/json, application/*+json, application/yaml]
2025-04-11T10:36:06.712-03:00 DEBUG 24704 --- [backGrupo3ViMa] [http-nio-4002-exec-10] o.s.w.s.m.m.a.HttpEntityMethodProcessor  : Writing [{timestamp=Fri Apr 11 10:36:06 ART 2025, status=404, error=Not Found, trace=org.springframework.web. (truncated)...]
2025-04-11T10:36:06.728-03:00 DEBUG 24704 --- [backGrupo3ViMa] [http-nio-4002-exec-10] o.s.web.servlet.DispatcherServlet        : Exiting from "ERROR" dispatch, status 404
2025-04-11T10:38:43.336-03:00  INFO 29400 --- [backGrupo3ViMa] [restartedMain] o.e.b.BackGrupo3ViMaApplication          : Starting BackGrupo3ViMaApplication using Java 22.0.2 with PID 29400 (C:\Users\franc\Documents\GitHub\DesarrolloAPSI\backend\backGrupo4ViMa\target\classes started by franc in C:\Users\franc\Documents\GitHub\DesarrolloAPSI\backend\backGrupo4ViMa)
2025-04-11T10:38:43.339-03:00  INFO 29400 --- [backGrupo3ViMa] [restartedMain] o.e.b.BackGrupo3ViMaApplication          : No active profile set, falling back to 1 default profile: "default"
2025-04-11T10:38:43.409-03:00  INFO 29400 --- [backGrupo3ViMa] [restartedMain] .e.DevToolsPropertyDefaultsPostProcessor : Devtools property defaults active! Set 'spring.devtools.add-properties' to 'false' to disable
2025-04-11T10:38:43.409-03:00  INFO 29400 --- [backGrupo3ViMa] [restartedMain] .e.DevToolsPropertyDefaultsPostProcessor : For additional web related logging consider setting the 'logging.level.web' property to 'DEBUG'
2025-04-11T10:38:44.376-03:00  INFO 29400 --- [backGrupo3ViMa] [restartedMain] .s.d.r.c.RepositoryConfigurationDelegate : Bootstrapping Spring Data JPA repositories in DEFAULT mode.
2025-04-11T10:38:44.399-03:00  INFO 29400 --- [backGrupo3ViMa] [restartedMain] .s.d.r.c.RepositoryConfigurationDelegate : Finished Spring Data repository scanning in 11 ms. Found 0 JPA repository interfaces.
2025-04-11T10:38:45.059-03:00  INFO 29400 --- [backGrupo3ViMa] [restartedMain] o.s.b.w.embedded.tomcat.TomcatWebServer  : Tomcat initialized with port 4002 (http)
2025-04-11T10:38:45.074-03:00  INFO 29400 --- [backGrupo3ViMa] [restartedMain] o.apache.catalina.core.StandardService   : Starting service [Tomcat]
2025-04-11T10:38:45.074-03:00  INFO 29400 --- [backGrupo3ViMa] [restartedMain] o.apache.catalina.core.StandardEngine    : Starting Servlet engine: [Apache Tomcat/10.1.36]
2025-04-11T10:38:45.130-03:00  INFO 29400 --- [backGrupo3ViMa] [restartedMain] o.a.c.c.C.[Tomcat].[localhost].[/]       : Initializing Spring embedded WebApplicationContext
2025-04-11T10:38:45.131-03:00  INFO 29400 --- [backGrupo3ViMa] [restartedMain] w.s.c.ServletWebServerApplicationContext : Root WebApplicationContext: initialization completed in 1722 ms
2025-04-11T10:38:45.331-03:00  INFO 29400 --- [backGrupo3ViMa] [restartedMain] o.hibernate.jpa.internal.util.LogHelper  : HHH000204: Processing PersistenceUnitInfo [name: default]
2025-04-11T10:38:45.386-03:00  INFO 29400 --- [backGrupo3ViMa] [restartedMain] org.hibernate.Version                    : HHH000412: Hibernate ORM core version 6.6.8.Final
2025-04-11T10:38:45.420-03:00  INFO 29400 --- [backGrupo3ViMa] [restartedMain] o.h.c.internal.RegionFactoryInitiator    : HHH000026: Second-level cache disabled
2025-04-11T10:38:45.749-03:00  INFO 29400 --- [backGrupo3ViMa] [restartedMain] o.s.o.j.p.SpringPersistenceUnitInfo      : No LoadTimeWeaver setup: ignoring JPA class transformer
2025-04-11T10:38:45.844-03:00  INFO 29400 --- [backGrupo3ViMa] [restartedMain] com.zaxxer.hikari.HikariDataSource       : HikariPool-1 - Starting...
2025-04-11T10:38:46.349-03:00  INFO 29400 --- [backGrupo3ViMa] [restartedMain] com.zaxxer.hikari.pool.HikariPool        : HikariPool-1 - Added connection com.mysql.cj.jdbc.ConnectionImpl@7cc8501a
2025-04-11T10:38:46.351-03:00  INFO 29400 --- [backGrupo3ViMa] [restartedMain] com.zaxxer.hikari.HikariDataSource       : HikariPool-1 - Start completed.
2025-04-11T10:38:46.450-03:00  INFO 29400 --- [backGrupo3ViMa] [restartedMain] org.hibernate.orm.connections.pooling    : HHH10001005: Database info:
	Database JDBC URL [Connecting through datasource 'HikariDataSource (HikariPool-1)']
	Database driver: undefined/unknown
	Database version: 8.0.41
	Autocommit mode: undefined/unknown
	Isolation level: undefined/unknown
	Minimum pool size: undefined/unknown
	Maximum pool size: undefined/unknown
2025-04-11T10:38:46.924-03:00  INFO 29400 --- [backGrupo3ViMa] [restartedMain] o.h.e.t.j.p.i.JtaPlatformInitiator       : HHH000489: No JTA platform available (set 'hibernate.transaction.jta.platform' to enable JTA platform integration)
2025-04-11T10:38:46.930-03:00  INFO 29400 --- [backGrupo3ViMa] [restartedMain] j.LocalContainerEntityManagerFactoryBean : Initialized JPA EntityManagerFactory for persistence unit 'default'
2025-04-11T10:38:47.103-03:00  WARN 29400 --- [backGrupo3ViMa] [restartedMain] JpaBaseConfiguration$JpaWebConfiguration : spring.jpa.open-in-view is enabled by default. Therefore, database queries may be performed during view rendering. Explicitly configure spring.jpa.open-in-view to disable this warning
2025-04-11T10:38:47.177-03:00  INFO 29400 --- [backGrupo3ViMa] [restartedMain] o.s.v.b.OptionalValidatorFactoryBean     : Failed to set up a Bean Validation provider: jakarta.validation.NoProviderFoundException: Unable to create a Configuration, because no Jakarta Bean Validation provider could be found. Add a provider like Hibernate Validator (RI) to your classpath.
2025-04-11T10:38:47.261-03:00 DEBUG 29400 --- [backGrupo3ViMa] [restartedMain] s.w.s.m.m.a.RequestMappingHandlerMapping : 6 mappings in 'requestMappingHandlerMapping'
2025-04-11T10:38:47.364-03:00 DEBUG 29400 --- [backGrupo3ViMa] [restartedMain] o.s.w.s.handler.SimpleUrlHandlerMapping  : Patterns [/webjars/**, /**, /swagger-ui*/*swagger-initializer.js, /swagger-ui*/**] in 'resourceHandlerMapping'
2025-04-11T10:38:47.415-03:00 DEBUG 29400 --- [backGrupo3ViMa] [restartedMain] s.w.s.m.m.a.RequestMappingHandlerAdapter : ControllerAdvice beans: 0 @ModelAttribute, 0 @InitBinder, 1 RequestBodyAdvice, 1 ResponseBodyAdvice
2025-04-11T10:38:47.489-03:00 DEBUG 29400 --- [backGrupo3ViMa] [restartedMain] .m.m.a.ExceptionHandlerExceptionResolver : ControllerAdvice beans: 1 @ExceptionHandler, 1 ResponseBodyAdvice
2025-04-11T10:38:47.765-03:00  WARN 29400 --- [backGrupo3ViMa] [restartedMain] .s.s.UserDetailsServiceAutoConfiguration : 

Using generated security password: 7a85037e-d502-4073-a5bc-54b8b616f425

This generated password is for development use only. Your security configuration must be updated before running your application in production.

2025-04-11T10:38:47.787-03:00  INFO 29400 --- [backGrupo3ViMa] [restartedMain] r$InitializeUserDetailsManagerConfigurer : Global AuthenticationManager configured with UserDetailsService bean with name inMemoryUserDetailsManager
2025-04-11T10:38:47.995-03:00  INFO 29400 --- [backGrupo3ViMa] [restartedMain] o.s.b.d.a.OptionalLiveReloadServer       : LiveReload server is running on port 35729
2025-04-11T10:38:48.052-03:00  INFO 29400 --- [backGrupo3ViMa] [restartedMain] o.s.b.w.embedded.tomcat.TomcatWebServer  : Tomcat started on port 4002 (http) with context path '/'
2025-04-11T10:38:48.064-03:00  INFO 29400 --- [backGrupo3ViMa] [restartedMain] o.e.b.BackGrupo3ViMaApplication          : Started BackGrupo3ViMaApplication in 5.4 seconds (process running for 6.465)
2025-04-11T10:38:54.753-03:00  INFO 29400 --- [backGrupo3ViMa] [http-nio-4002-exec-1] o.a.c.c.C.[Tomcat].[localhost].[/]       : Initializing Spring DispatcherServlet 'dispatcherServlet'
2025-04-11T10:38:54.754-03:00  INFO 29400 --- [backGrupo3ViMa] [http-nio-4002-exec-1] o.s.web.servlet.DispatcherServlet        : Initializing Servlet 'dispatcherServlet'
2025-04-11T10:38:54.754-03:00 DEBUG 29400 --- [backGrupo3ViMa] [http-nio-4002-exec-1] o.s.web.servlet.DispatcherServlet        : Detected StandardServletMultipartResolver
2025-04-11T10:38:54.754-03:00 DEBUG 29400 --- [backGrupo3ViMa] [http-nio-4002-exec-1] o.s.web.servlet.DispatcherServlet        : Detected AcceptHeaderLocaleResolver
2025-04-11T10:38:54.754-03:00 DEBUG 29400 --- [backGrupo3ViMa] [http-nio-4002-exec-1] o.s.web.servlet.DispatcherServlet        : Detected FixedThemeResolver
2025-04-11T10:38:54.756-03:00 DEBUG 29400 --- [backGrupo3ViMa] [http-nio-4002-exec-1] o.s.web.servlet.DispatcherServlet        : Detected org.springframework.web.servlet.view.DefaultRequestToViewNameTranslator@20b85af2
2025-04-11T10:38:54.757-03:00 DEBUG 29400 --- [backGrupo3ViMa] [http-nio-4002-exec-1] o.s.web.servlet.DispatcherServlet        : Detected org.springframework.web.servlet.support.SessionFlashMapManager@4ec4c74
2025-04-11T10:38:54.757-03:00 DEBUG 29400 --- [backGrupo3ViMa] [http-nio-4002-exec-1] o.s.web.servlet.DispatcherServlet        : enableLoggingRequestDetails='false': request parameters and headers will be masked to prevent unsafe logging of potentially sensitive data
2025-04-11T10:38:54.757-03:00  INFO 29400 --- [backGrupo3ViMa] [http-nio-4002-exec-1] o.s.web.servlet.DispatcherServlet        : Completed initialization in 3 ms
2025-04-11T10:38:57.979-03:00 DEBUG 29400 --- [backGrupo3ViMa] [http-nio-4002-exec-5] o.s.web.servlet.DispatcherServlet        : GET "/swagger-ui/index.html?continue", parameters={masked}
2025-04-11T10:38:57.983-03:00 DEBUG 29400 --- [backGrupo3ViMa] [http-nio-4002-exec-5] o.s.w.s.handler.SimpleUrlHandlerMapping  : Mapped to ResourceHttpRequestHandler [classpath [META-INF/resources/webjars/]]
2025-04-11T10:38:58.087-03:00 DEBUG 29400 --- [backGrupo3ViMa] [http-nio-4002-exec-5] o.s.web.servlet.DispatcherServlet        : Completed 200 OK
2025-04-11T10:38:58.169-03:00 DEBUG 29400 --- [backGrupo3ViMa] [http-nio-4002-exec-6] o.s.web.servlet.DispatcherServlet        : GET "/swagger-ui/swagger-ui.css", parameters={}
2025-04-11T10:38:58.171-03:00 DEBUG 29400 --- [backGrupo3ViMa] [http-nio-4002-exec-6] o.s.w.s.handler.SimpleUrlHandlerMapping  : Mapped to ResourceHttpRequestHandler [classpath [META-INF/resources/webjars/]]
2025-04-11T10:38:58.173-03:00 DEBUG 29400 --- [backGrupo3ViMa] [http-nio-4002-exec-8] o.s.web.servlet.DispatcherServlet        : GET "/swagger-ui/swagger-ui-bundle.js", parameters={}
2025-04-11T10:38:58.173-03:00 DEBUG 29400 --- [backGrupo3ViMa] [http-nio-4002-exec-9] o.s.web.servlet.DispatcherServlet        : GET "/swagger-ui/swagger-ui-standalone-preset.js", parameters={}
2025-04-11T10:38:58.173-03:00 DEBUG 29400 --- [backGrupo3ViMa] [http-nio-4002-exec-7] o.s.web.servlet.DispatcherServlet        : GET "/swagger-ui/index.css", parameters={}
2025-04-11T10:38:58.174-03:00 DEBUG 29400 --- [backGrupo3ViMa] [http-nio-4002-exec-7] o.s.w.s.handler.SimpleUrlHandlerMapping  : Mapped to ResourceHttpRequestHandler [classpath [META-INF/resources/webjars/]]
2025-04-11T10:38:58.174-03:00 DEBUG 29400 --- [backGrupo3ViMa] [http-nio-4002-exec-9] o.s.w.s.handler.SimpleUrlHandlerMapping  : Mapped to ResourceHttpRequestHandler [classpath [META-INF/resources/webjars/]]
2025-04-11T10:38:58.174-03:00 DEBUG 29400 --- [backGrupo3ViMa] [http-nio-4002-exec-8] o.s.w.s.handler.SimpleUrlHandlerMapping  : Mapped to ResourceHttpRequestHandler [classpath [META-INF/resources/webjars/]]
2025-04-11T10:38:58.174-03:00 DEBUG 29400 --- [backGrupo3ViMa] [http-nio-4002-exec-10] o.s.web.servlet.DispatcherServlet        : GET "/swagger-ui/swagger-initializer.js", parameters={}
2025-04-11T10:38:58.177-03:00 DEBUG 29400 --- [backGrupo3ViMa] [http-nio-4002-exec-10] o.s.w.s.handler.SimpleUrlHandlerMapping  : Mapped to ResourceHttpRequestHandler [classpath [META-INF/resources/webjars/]]
2025-04-11T10:38:58.181-03:00 DEBUG 29400 --- [backGrupo3ViMa] [http-nio-4002-exec-6] o.s.web.servlet.DispatcherServlet        : Completed 200 OK
2025-04-11T10:38:58.183-03:00 DEBUG 29400 --- [backGrupo3ViMa] [http-nio-4002-exec-7] o.s.web.servlet.DispatcherServlet        : Completed 200 OK
2025-04-11T10:38:58.193-03:00 DEBUG 29400 --- [backGrupo3ViMa] [http-nio-4002-exec-9] o.s.web.servlet.DispatcherServlet        : Completed 200 OK
2025-04-11T10:38:58.223-03:00 DEBUG 29400 --- [backGrupo3ViMa] [http-nio-4002-exec-8] o.s.web.servlet.DispatcherServlet        : Completed 200 OK
2025-04-11T10:38:58.272-03:00 DEBUG 29400 --- [backGrupo3ViMa] [http-nio-4002-exec-10] o.s.web.servlet.DispatcherServlet        : Completed 200 OK
2025-04-11T10:38:58.411-03:00 DEBUG 29400 --- [backGrupo3ViMa] [http-nio-4002-exec-1] o.s.web.servlet.DispatcherServlet        : GET "/v3/api-docs/swagger-config", parameters={}
2025-04-11T10:38:58.413-03:00 DEBUG 29400 --- [backGrupo3ViMa] [http-nio-4002-exec-1] s.w.s.m.m.a.RequestMappingHandlerMapping : Mapped to org.springdoc.webmvc.ui.SwaggerConfigResource#openapiJson(HttpServletRequest)
2025-04-11T10:38:58.424-03:00 DEBUG 29400 --- [backGrupo3ViMa] [http-nio-4002-exec-2] o.s.web.servlet.DispatcherServlet        : GET "/swagger-ui/favicon-32x32.png", parameters={}
2025-04-11T10:38:58.426-03:00 DEBUG 29400 --- [backGrupo3ViMa] [http-nio-4002-exec-2] o.s.w.s.handler.SimpleUrlHandlerMapping  : Mapped to ResourceHttpRequestHandler [classpath [META-INF/resources/webjars/]]
2025-04-11T10:38:58.434-03:00 DEBUG 29400 --- [backGrupo3ViMa] [http-nio-4002-exec-2] o.s.web.servlet.DispatcherServlet        : Completed 200 OK
2025-04-11T10:38:58.452-03:00 DEBUG 29400 --- [backGrupo3ViMa] [http-nio-4002-exec-1] m.m.a.RequestResponseBodyMethodProcessor : Using 'application/json', given [*/*] and supported [application/json]
2025-04-11T10:38:58.457-03:00 DEBUG 29400 --- [backGrupo3ViMa] [http-nio-4002-exec-1] m.m.a.RequestResponseBodyMethodProcessor : Writing [{configUrl=/v3/api-docs/swagger-config, oauth2RedirectUrl=http://localhost:4002/swagger-ui/oauth2-re (truncated)...]
2025-04-11T10:38:58.473-03:00 DEBUG 29400 --- [backGrupo3ViMa] [http-nio-4002-exec-1] o.s.web.servlet.DispatcherServlet        : Completed 200 OK
2025-04-11T10:38:58.492-03:00 DEBUG 29400 --- [backGrupo3ViMa] [http-nio-4002-exec-3] o.s.web.servlet.DispatcherServlet        : GET "/v3/api-docs", parameters={}
2025-04-11T10:38:58.492-03:00 DEBUG 29400 --- [backGrupo3ViMa] [http-nio-4002-exec-3] s.w.s.m.m.a.RequestMappingHandlerMapping : Mapped to org.springdoc.webmvc.api.OpenApiWebMvcResource#openapiJson(HttpServletRequest, String, Locale)
2025-04-11T10:38:58.674-03:00  INFO 29400 --- [backGrupo3ViMa] [http-nio-4002-exec-3] o.springdoc.api.AbstractOpenApiResource  : Init duration for springdoc-openapi is: 158 ms
2025-04-11T10:38:58.695-03:00 DEBUG 29400 --- [backGrupo3ViMa] [http-nio-4002-exec-3] m.m.a.RequestResponseBodyMethodProcessor : Using 'application/json', given [application/json, */*] and supported [application/json]
2025-04-11T10:38:58.696-03:00 DEBUG 29400 --- [backGrupo3ViMa] [http-nio-4002-exec-3] m.m.a.RequestResponseBodyMethodProcessor : Writing [{123, 34, 111, 112, 101, 110, 97, 112, 105, 34, 58, 34, 51, 46, 48, 46, 49, 34, 44, 34, 105, 110, 10 (truncated)...]
2025-04-11T10:38:58.697-03:00 DEBUG 29400 --- [backGrupo3ViMa] [http-nio-4002-exec-3] o.s.web.servlet.DispatcherServlet        : Completed 200 OK
2025-04-11T10:39:07.626-03:00 DEBUG 29400 --- [backGrupo3ViMa] [http-nio-4002-exec-4] o.s.web.servlet.DispatcherServlet        : GET "/v3/api-docs", parameters={}
2025-04-11T10:39:07.627-03:00 DEBUG 29400 --- [backGrupo3ViMa] [http-nio-4002-exec-4] s.w.s.m.m.a.RequestMappingHandlerMapping : Mapped to org.springdoc.webmvc.api.OpenApiWebMvcResource#openapiJson(HttpServletRequest, String, Locale)
2025-04-11T10:39:07.629-03:00 DEBUG 29400 --- [backGrupo3ViMa] [http-nio-4002-exec-4] m.m.a.RequestResponseBodyMethodProcessor : Using 'application/json', given [application/json, */*] and supported [application/json]
2025-04-11T10:39:07.630-03:00 DEBUG 29400 --- [backGrupo3ViMa] [http-nio-4002-exec-4] m.m.a.RequestResponseBodyMethodProcessor : Writing [{123, 34, 111, 112, 101, 110, 97, 112, 105, 34, 58, 34, 51, 46, 48, 46, 49, 34, 44, 34, 105, 110, 10 (truncated)...]
2025-04-11T10:39:07.631-03:00 DEBUG 29400 --- [backGrupo3ViMa] [http-nio-4002-exec-4] o.s.web.servlet.DispatcherServlet        : Completed 200 OK
2025-04-11T10:39:08.318-03:00 DEBUG 29400 --- [backGrupo3ViMa] [http-nio-4002-exec-5] o.s.web.servlet.DispatcherServlet        : GET "/v3/api-docs", parameters={}
2025-04-11T10:39:08.319-03:00 DEBUG 29400 --- [backGrupo3ViMa] [http-nio-4002-exec-5] s.w.s.m.m.a.RequestMappingHandlerMapping : Mapped to org.springdoc.webmvc.api.OpenApiWebMvcResource#openapiJson(HttpServletRequest, String, Locale)
2025-04-11T10:39:08.321-03:00 DEBUG 29400 --- [backGrupo3ViMa] [http-nio-4002-exec-5] m.m.a.RequestResponseBodyMethodProcessor : Using 'application/json', given [application/json, */*] and supported [application/json]
2025-04-11T10:39:08.321-03:00 DEBUG 29400 --- [backGrupo3ViMa] [http-nio-4002-exec-5] m.m.a.RequestResponseBodyMethodProcessor : Writing [{123, 34, 111, 112, 101, 110, 97, 112, 105, 34, 58, 34, 51, 46, 48, 46, 49, 34, 44, 34, 105, 110, 10 (truncated)...]
2025-04-11T10:39:08.321-03:00 DEBUG 29400 --- [backGrupo3ViMa] [http-nio-4002-exec-5] o.s.web.servlet.DispatcherServlet        : Completed 200 OK
2025-04-11T10:39:08.761-03:00 DEBUG 29400 --- [backGrupo3ViMa] [http-nio-4002-exec-6] o.s.web.servlet.DispatcherServlet        : GET "/v3/api-docs", parameters={}
2025-04-11T10:39:08.762-03:00 DEBUG 29400 --- [backGrupo3ViMa] [http-nio-4002-exec-6] s.w.s.m.m.a.RequestMappingHandlerMapping : Mapped to org.springdoc.webmvc.api.OpenApiWebMvcResource#openapiJson(HttpServletRequest, String, Locale)
2025-04-11T10:39:08.764-03:00 DEBUG 29400 --- [backGrupo3ViMa] [http-nio-4002-exec-6] m.m.a.RequestResponseBodyMethodProcessor : Using 'application/json', given [application/json, */*] and supported [application/json]
2025-04-11T10:39:08.764-03:00 DEBUG 29400 --- [backGrupo3ViMa] [http-nio-4002-exec-6] m.m.a.RequestResponseBodyMethodProcessor : Writing [{123, 34, 111, 112, 101, 110, 97, 112, 105, 34, 58, 34, 51, 46, 48, 46, 49, 34, 44, 34, 105, 110, 10 (truncated)...]
2025-04-11T10:39:08.765-03:00 DEBUG 29400 --- [backGrupo3ViMa] [http-nio-4002-exec-6] o.s.web.servlet.DispatcherServlet        : Completed 200 OK
2025-04-11T10:39:48.143-03:00 DEBUG 29400 --- [backGrupo3ViMa] [http-nio-4002-exec-7] o.s.web.servlet.DispatcherServlet        : GET "/v3", parameters={}
2025-04-11T10:39:48.145-03:00 DEBUG 29400 --- [backGrupo3ViMa] [http-nio-4002-exec-7] o.s.w.s.handler.SimpleUrlHandlerMapping  : Mapped to ResourceHttpRequestHandler [classpath [META-INF/resources/], classpath [resources/], classpath [static/], classpath [public/], ServletContext [/]]
2025-04-11T10:39:48.148-03:00 DEBUG 29400 --- [backGrupo3ViMa] [http-nio-4002-exec-7] o.s.w.s.r.ResourceHttpRequestHandler     : Resource not found
2025-04-11T10:39:48.151-03:00 DEBUG 29400 --- [backGrupo3ViMa] [http-nio-4002-exec-7] .w.s.m.s.DefaultHandlerExceptionResolver : Resolved [org.springframework.web.servlet.resource.NoResourceFoundException: No static resource v3.]
2025-04-11T10:39:48.152-03:00 DEBUG 29400 --- [backGrupo3ViMa] [http-nio-4002-exec-7] o.s.web.servlet.DispatcherServlet        : Completed 404 NOT_FOUND
2025-04-11T10:39:48.160-03:00 DEBUG 29400 --- [backGrupo3ViMa] [http-nio-4002-exec-7] o.s.web.servlet.DispatcherServlet        : "ERROR" dispatch for GET "/error", parameters={}
2025-04-11T10:39:48.161-03:00 DEBUG 29400 --- [backGrupo3ViMa] [http-nio-4002-exec-7] s.w.s.m.m.a.RequestMappingHandlerMapping : Mapped to org.springframework.boot.autoconfigure.web.servlet.error.BasicErrorController#error(HttpServletRequest)
2025-04-11T10:39:48.169-03:00 DEBUG 29400 --- [backGrupo3ViMa] [http-nio-4002-exec-7] o.s.w.s.m.m.a.HttpEntityMethodProcessor  : Using 'application/json', given [application/json, */*] and supported [application/json, application/*+json, application/yaml]
2025-04-11T10:39:48.169-03:00 DEBUG 29400 --- [backGrupo3ViMa] [http-nio-4002-exec-7] o.s.w.s.m.m.a.HttpEntityMethodProcessor  : Writing [{timestamp=Fri Apr 11 10:39:48 ART 2025, status=404, error=Not Found, trace=org.springframework.web. (truncated)...]
2025-04-11T10:39:48.181-03:00 DEBUG 29400 --- [backGrupo3ViMa] [http-nio-4002-exec-7] o.s.web.servlet.DispatcherServlet        : Exiting from "ERROR" dispatch, status 404
2025-04-11T10:40:43.740-03:00 DEBUG 29400 --- [backGrupo3ViMa] [http-nio-4002-exec-1] o.s.web.servlet.DispatcherServlet        : GET "/swagger-ui/index.html", parameters={}
2025-04-11T10:40:43.742-03:00 DEBUG 29400 --- [backGrupo3ViMa] [http-nio-4002-exec-1] o.s.w.s.handler.SimpleUrlHandlerMapping  : Mapped to ResourceHttpRequestHandler [classpath [META-INF/resources/webjars/]]
2025-04-11T10:40:43.746-03:00 DEBUG 29400 --- [backGrupo3ViMa] [http-nio-4002-exec-1] o.s.web.servlet.DispatcherServlet        : Completed 200 OK
2025-04-11T10:40:43.801-03:00 DEBUG 29400 --- [backGrupo3ViMa] [http-nio-4002-exec-3] o.s.web.servlet.DispatcherServlet        : GET "/swagger-ui/swagger-ui.css", parameters={}
2025-04-11T10:40:43.803-03:00 DEBUG 29400 --- [backGrupo3ViMa] [http-nio-4002-exec-3] o.s.w.s.handler.SimpleUrlHandlerMapping  : Mapped to ResourceHttpRequestHandler [classpath [META-INF/resources/webjars/]]
2025-04-11T10:40:43.809-03:00 DEBUG 29400 --- [backGrupo3ViMa] [http-nio-4002-exec-3] o.s.web.servlet.DispatcherServlet        : Completed 200 OK
2025-04-11T10:40:43.816-03:00 DEBUG 29400 --- [backGrupo3ViMa] [http-nio-4002-exec-4] o.s.web.servlet.DispatcherServlet        : GET "/swagger-ui/index.css", parameters={}
2025-04-11T10:40:43.816-03:00 DEBUG 29400 --- [backGrupo3ViMa] [http-nio-4002-exec-5] o.s.web.servlet.DispatcherServlet        : GET "/swagger-ui/swagger-ui-bundle.js", parameters={}
2025-04-11T10:40:43.816-03:00 DEBUG 29400 --- [backGrupo3ViMa] [http-nio-4002-exec-6] o.s.web.servlet.DispatcherServlet        : GET "/swagger-ui/swagger-ui-standalone-preset.js", parameters={}
2025-04-11T10:40:43.817-03:00 DEBUG 29400 --- [backGrupo3ViMa] [http-nio-4002-exec-5] o.s.w.s.handler.SimpleUrlHandlerMapping  : Mapped to ResourceHttpRequestHandler [classpath [META-INF/resources/webjars/]]
2025-04-11T10:40:43.817-03:00 DEBUG 29400 --- [backGrupo3ViMa] [http-nio-4002-exec-4] o.s.w.s.handler.SimpleUrlHandlerMapping  : Mapped to ResourceHttpRequestHandler [classpath [META-INF/resources/webjars/]]
2025-04-11T10:40:43.817-03:00 DEBUG 29400 --- [backGrupo3ViMa] [http-nio-4002-exec-6] o.s.w.s.handler.SimpleUrlHandlerMapping  : Mapped to ResourceHttpRequestHandler [classpath [META-INF/resources/webjars/]]
2025-04-11T10:40:43.824-03:00 DEBUG 29400 --- [backGrupo3ViMa] [http-nio-4002-exec-4] o.s.web.servlet.DispatcherServlet        : Completed 200 OK
2025-04-11T10:40:43.831-03:00 DEBUG 29400 --- [backGrupo3ViMa] [http-nio-4002-exec-6] o.s.web.servlet.DispatcherServlet        : Completed 200 OK
2025-04-11T10:40:43.834-03:00 DEBUG 29400 --- [backGrupo3ViMa] [http-nio-4002-exec-7] o.s.web.servlet.DispatcherServlet        : GET "/swagger-ui/swagger-initializer.js", parameters={}
2025-04-11T10:40:43.836-03:00 DEBUG 29400 --- [backGrupo3ViMa] [http-nio-4002-exec-7] o.s.w.s.handler.SimpleUrlHandlerMapping  : Mapped to ResourceHttpRequestHandler [classpath [META-INF/resources/webjars/]]
2025-04-11T10:40:43.848-03:00 DEBUG 29400 --- [backGrupo3ViMa] [http-nio-4002-exec-7] o.s.web.servlet.DispatcherServlet        : Completed 200 OK
2025-04-11T10:40:43.863-03:00 DEBUG 29400 --- [backGrupo3ViMa] [http-nio-4002-exec-5] o.s.web.servlet.DispatcherServlet        : Completed 200 OK
2025-04-11T10:40:44.028-03:00 DEBUG 29400 --- [backGrupo3ViMa] [http-nio-4002-exec-9] o.s.web.servlet.DispatcherServlet        : GET "/v3/api-docs/swagger-config", parameters={}
2025-04-11T10:40:44.029-03:00 DEBUG 29400 --- [backGrupo3ViMa] [http-nio-4002-exec-9] s.w.s.m.m.a.RequestMappingHandlerMapping : Mapped to org.springdoc.webmvc.ui.SwaggerConfigResource#openapiJson(HttpServletRequest)
2025-04-11T10:40:44.030-03:00 DEBUG 29400 --- [backGrupo3ViMa] [http-nio-4002-exec-9] m.m.a.RequestResponseBodyMethodProcessor : Using 'application/json', given [*/*] and supported [application/json]
2025-04-11T10:40:44.031-03:00 DEBUG 29400 --- [backGrupo3ViMa] [http-nio-4002-exec-9] m.m.a.RequestResponseBodyMethodProcessor : Writing [{configUrl=/v3/api-docs/swagger-config, oauth2RedirectUrl=http://localhost:4002/swagger-ui/oauth2-re (truncated)...]
2025-04-11T10:40:44.033-03:00 DEBUG 29400 --- [backGrupo3ViMa] [http-nio-4002-exec-9] o.s.web.servlet.DispatcherServlet        : Completed 200 OK
2025-04-11T10:40:44.046-03:00 DEBUG 29400 --- [backGrupo3ViMa] [http-nio-4002-exec-10] o.s.web.servlet.DispatcherServlet        : GET "/v3/api-docs", parameters={}
2025-04-11T10:40:44.047-03:00 DEBUG 29400 --- [backGrupo3ViMa] [http-nio-4002-exec-10] s.w.s.m.m.a.RequestMappingHandlerMapping : Mapped to org.springdoc.webmvc.api.OpenApiWebMvcResource#openapiJson(HttpServletRequest, String, Locale)
2025-04-11T10:40:44.048-03:00 DEBUG 29400 --- [backGrupo3ViMa] [http-nio-4002-exec-10] m.m.a.RequestResponseBodyMethodProcessor : Using 'application/json', given [application/json, */*] and supported [application/json]
2025-04-11T10:40:44.048-03:00 DEBUG 29400 --- [backGrupo3ViMa] [http-nio-4002-exec-10] m.m.a.RequestResponseBodyMethodProcessor : Writing [{123, 34, 111, 112, 101, 110, 97, 112, 105, 34, 58, 34, 51, 46, 48, 46, 49, 34, 44, 34, 105, 110, 10 (truncated)...]
2025-04-11T10:40:44.050-03:00 DEBUG 29400 --- [backGrupo3ViMa] [http-nio-4002-exec-10] o.s.web.servlet.DispatcherServlet        : Completed 200 OK
2025-04-11T10:45:16.801-03:00  INFO 34960 --- [backGrupo3ViMa] [restartedMain] BackGrupo3ViMaApplication                : Starting BackGrupo3ViMaApplication using Java 22.0.2 with PID 34960 (C:\Users\franc\Documents\GitHub\DesarrolloAPSI\backend\backGrupo4ViMa\target\classes started by franc in C:\Users\franc\Documents\GitHub\DesarrolloAPSI\backend\backGrupo4ViMa)
2025-04-11T10:45:16.804-03:00  INFO 34960 --- [backGrupo3ViMa] [restartedMain] BackGrupo3ViMaApplication                : No active profile set, falling back to 1 default profile: "default"
2025-04-11T10:45:16.870-03:00  INFO 34960 --- [backGrupo3ViMa] [restartedMain] .e.DevToolsPropertyDefaultsPostProcessor : Devtools property defaults active! Set 'spring.devtools.add-properties' to 'false' to disable
2025-04-11T10:45:16.870-03:00  INFO 34960 --- [backGrupo3ViMa] [restartedMain] .e.DevToolsPropertyDefaultsPostProcessor : For additional web related logging consider setting the 'logging.level.web' property to 'DEBUG'
2025-04-11T10:45:16.896-03:00  WARN 34960 --- [backGrupo3ViMa] [restartedMain] ionWarningsApplicationContextInitializer : 

** WARNING ** : Your ApplicationContext is unlikely to start due to a @ComponentScan of the default package.


2025-04-11T10:45:20.621-03:00  WARN 34960 --- [backGrupo3ViMa] [restartedMain] ConfigServletWebServerApplicationContext : Exception encountered during context initialization - cancelling refresh attempt: org.springframework.beans.factory.BeanDefinitionStoreException: Failed to read candidate component class: URL [jar:file:/C:/Users/franc/.m2/repository/org/springframework/boot/spring-boot-autoconfigure/3.4.3/spring-boot-autoconfigure-3.4.3.jar!/org/springframework/boot/autoconfigure/r2dbc/ConnectionFactoryConfigurations$PoolConfiguration.class]
2025-04-11T10:45:20.627-03:00  INFO 34960 --- [backGrupo3ViMa] [restartedMain] .s.b.a.l.ConditionEvaluationReportLogger : 

Error starting ApplicationContext. To display the condition evaluation report re-run your application with 'debug' enabled.
2025-04-11T10:45:20.654-03:00 ERROR 34960 --- [backGrupo3ViMa] [restartedMain] o.s.boot.SpringApplication               : Application run failed

org.springframework.beans.factory.BeanDefinitionStoreException: Failed to read candidate component class: URL [jar:file:/C:/Users/franc/.m2/repository/org/springframework/boot/spring-boot-autoconfigure/3.4.3/spring-boot-autoconfigure-3.4.3.jar!/org/springframework/boot/autoconfigure/r2dbc/ConnectionFactoryConfigurations$PoolConfiguration.class]
	at org.springframework.context.annotation.ClassPathScanningCandidateComponentProvider.scanCandidateComponents(ClassPathScanningCandidateComponentProvider.java:510) ~[spring-context-6.2.3.jar:6.2.3]
	at org.springframework.context.annotation.ClassPathScanningCandidateComponentProvider.findCandidateComponents(ClassPathScanningCandidateComponentProvider.java:351) ~[spring-context-6.2.3.jar:6.2.3]
	at org.springframework.context.annotation.ClassPathBeanDefinitionScanner.doScan(ClassPathBeanDefinitionScanner.java:277) ~[spring-context-6.2.3.jar:6.2.3]
	at org.springframework.context.annotation.ComponentScanAnnotationParser.parse(ComponentScanAnnotationParser.java:128) ~[spring-context-6.2.3.jar:6.2.3]
	at org.springframework.context.annotation.ConfigurationClassParser.doProcessConfigurationClass(ConfigurationClassParser.java:332) ~[spring-context-6.2.3.jar:6.2.3]
	at org.springframework.context.annotation.ConfigurationClassParser.processConfigurationClass(ConfigurationClassParser.java:267) ~[spring-context-6.2.3.jar:6.2.3]
	at org.springframework.context.annotation.ConfigurationClassParser.parse(ConfigurationClassParser.java:193) ~[spring-context-6.2.3.jar:6.2.3]
	at org.springframework.context.annotation.ConfigurationClassParser.parse(ConfigurationClassParser.java:171) ~[spring-context-6.2.3.jar:6.2.3]
	at org.springframework.context.annotation.ConfigurationClassPostProcessor.processConfigBeanDefinitions(ConfigurationClassPostProcessor.java:418) ~[spring-context-6.2.3.jar:6.2.3]
	at org.springframework.context.annotation.ConfigurationClassPostProcessor.postProcessBeanDefinitionRegistry(ConfigurationClassPostProcessor.java:290) ~[spring-context-6.2.3.jar:6.2.3]
	at org.springframework.context.support.PostProcessorRegistrationDelegate.invokeBeanDefinitionRegistryPostProcessors(PostProcessorRegistrationDelegate.java:349) ~[spring-context-6.2.3.jar:6.2.3]
	at org.springframework.context.support.PostProcessorRegistrationDelegate.invokeBeanFactoryPostProcessors(PostProcessorRegistrationDelegate.java:118) ~[spring-context-6.2.3.jar:6.2.3]
	at org.springframework.context.support.AbstractApplicationContext.invokeBeanFactoryPostProcessors(AbstractApplicationContext.java:791) ~[spring-context-6.2.3.jar:6.2.3]
	at org.springframework.context.support.AbstractApplicationContext.refresh(AbstractApplicationContext.java:609) ~[spring-context-6.2.3.jar:6.2.3]
	at org.springframework.boot.web.servlet.context.ServletWebServerApplicationContext.refresh(ServletWebServerApplicationContext.java:146) ~[spring-boot-3.4.3.jar:3.4.3]
	at org.springframework.boot.SpringApplication.refresh(SpringApplication.java:752) ~[spring-boot-3.4.3.jar:3.4.3]
	at org.springframework.boot.SpringApplication.refreshContext(SpringApplication.java:439) ~[spring-boot-3.4.3.jar:3.4.3]
	at org.springframework.boot.SpringApplication.run(SpringApplication.java:318) ~[spring-boot-3.4.3.jar:3.4.3]
	at org.springframework.boot.SpringApplication.run(SpringApplication.java:1361) ~[spring-boot-3.4.3.jar:3.4.3]
	at org.springframework.boot.SpringApplication.run(SpringApplication.java:1350) ~[spring-boot-3.4.3.jar:3.4.3]
	at BackGrupo3ViMaApplication.main(BackGrupo3ViMaApplication.java:10) ~[classes/:na]
	at java.base/jdk.internal.reflect.DirectMethodHandleAccessor.invoke(DirectMethodHandleAccessor.java:103) ~[na:na]
	at java.base/java.lang.reflect.Method.invoke(Method.java:580) ~[na:na]
	at org.springframework.boot.devtools.restart.RestartLauncher.run(RestartLauncher.java:50) ~[spring-boot-devtools-3.4.3.jar:3.4.3]
Caused by: java.lang.IllegalStateException: Could not evaluate condition on org.springframework.boot.autoconfigure.r2dbc.ConnectionFactoryConfigurations$PoolConfiguration due to io/r2dbc/spi/ValidationDepth not found. Make sure your own configuration does not rely on that class. This can also happen if you are @ComponentScanning a springframework package (e.g. if you put a @ComponentScan in the default package by mistake)
	at org.springframework.boot.autoconfigure.condition.SpringBootCondition.matches(SpringBootCondition.java:54) ~[spring-boot-autoconfigure-3.4.3.jar:3.4.3]
	at org.springframework.context.annotation.ConditionEvaluator.shouldSkip(ConditionEvaluator.java:99) ~[spring-context-6.2.3.jar:6.2.3]
	at org.springframework.context.annotation.ConditionEvaluator.shouldSkip(ConditionEvaluator.java:88) ~[spring-context-6.2.3.jar:6.2.3]
	at org.springframework.context.annotation.ConditionEvaluator.shouldSkip(ConditionEvaluator.java:71) ~[spring-context-6.2.3.jar:6.2.3]
	at org.springframework.context.annotation.ClassPathScanningCandidateComponentProvider.isConditionMatch(ClassPathScanningCandidateComponentProvider.java:564) ~[spring-context-6.2.3.jar:6.2.3]
	at org.springframework.context.annotation.ClassPathScanningCandidateComponentProvider.isCandidateComponent(ClassPathScanningCandidateComponentProvider.java:547) ~[spring-context-6.2.3.jar:6.2.3]
	at org.springframework.context.annotation.ClassPathScanningCandidateComponentProvider.scanCandidateComponents(ClassPathScanningCandidateComponentProvider.java:471) ~[spring-context-6.2.3.jar:6.2.3]
	... 23 common frames omitted
Caused by: java.lang.NoClassDefFoundError: io/r2dbc/spi/ValidationDepth
	at java.base/java.lang.Class.getDeclaredFields0(Native Method) ~[na:na]
	at java.base/java.lang.Class.privateGetDeclaredFields(Class.java:3496) ~[na:na]
	at java.base/java.lang.Class.getDeclaredField(Class.java:2790) ~[na:na]
	at org.springframework.boot.context.properties.bind.DefaultBindConstructorProvider$Constructors.isInnerClass(DefaultBindConstructorProvider.java:144) ~[spring-boot-3.4.3.jar:3.4.3]
	at org.springframework.boot.context.properties.bind.DefaultBindConstructorProvider$Constructors.getCandidateConstructors(DefaultBindConstructorProvider.java:134) ~[spring-boot-3.4.3.jar:3.4.3]
	at org.springframework.boot.context.properties.bind.DefaultBindConstructorProvider$Constructors.getConstructors(DefaultBindConstructorProvider.java:103) ~[spring-boot-3.4.3.jar:3.4.3]
	at org.springframework.boot.context.properties.bind.DefaultBindConstructorProvider.getBindConstructor(DefaultBindConstructorProvider.java:42) ~[spring-boot-3.4.3.jar:3.4.3]
	at org.springframework.boot.context.properties.bind.ValueObjectBinder$ValueObject.get(ValueObjectBinder.java:213) ~[spring-boot-3.4.3.jar:3.4.3]
	at org.springframework.boot.context.properties.bind.ValueObjectBinder.bind(ValueObjectBinder.java:76) ~[spring-boot-3.4.3.jar:3.4.3]
	at org.springframework.boot.context.properties.bind.Binder.lambda$bindDataObject$6(Binder.java:480) ~[spring-boot-3.4.3.jar:3.4.3]
	at java.base/java.util.stream.ReferencePipeline$3$1.accept(ReferencePipeline.java:212) ~[na:na]
	at java.base/java.util.AbstractList$RandomAccessSpliterator.tryAdvance(AbstractList.java:708) ~[na:na]
	at java.base/java.util.stream.ReferencePipeline.forEachWithCancel(ReferencePipeline.java:144) ~[na:na]
	at java.base/java.util.stream.AbstractPipeline.copyIntoWithCancel(AbstractPipeline.java:574) ~[na:na]
	at java.base/java.util.stream.AbstractPipeline.copyInto(AbstractPipeline.java:560) ~[na:na]
	at java.base/java.util.stream.AbstractPipeline.wrapAndCopyInto(AbstractPipeline.java:546) ~[na:na]
	at java.base/java.util.stream.FindOps$FindOp.evaluateSequential(FindOps.java:150) ~[na:na]
	at java.base/java.util.stream.AbstractPipeline.evaluate(AbstractPipeline.java:265) ~[na:na]
	at java.base/java.util.stream.ReferencePipeline.findFirst(ReferencePipeline.java:662) ~[na:na]
	at org.springframework.boot.context.properties.bind.Binder.fromDataObjectBinders(Binder.java:488) ~[spring-boot-3.4.3.jar:3.4.3]
	at org.springframework.boot.context.properties.bind.Binder.lambda$bindDataObject$7(Binder.java:479) ~[spring-boot-3.4.3.jar:3.4.3]
	at org.springframework.boot.context.properties.bind.Binder$Context.withIncreasedDepth(Binder.java:597) ~[spring-boot-3.4.3.jar:3.4.3]
	at org.springframework.boot.context.properties.bind.Binder$Context.withDataObject(Binder.java:583) ~[spring-boot-3.4.3.jar:3.4.3]
	at org.springframework.boot.context.properties.bind.Binder.bindDataObject(Binder.java:479) ~[spring-boot-3.4.3.jar:3.4.3]
	at org.springframework.boot.context.properties.bind.Binder.bindObject(Binder.java:418) ~[spring-boot-3.4.3.jar:3.4.3]
	at org.springframework.boot.context.properties.bind.Binder.bind(Binder.java:350) ~[spring-boot-3.4.3.jar:3.4.3]
	at org.springframework.boot.context.properties.bind.Binder.bind(Binder.java:339) ~[spring-boot-3.4.3.jar:3.4.3]
	at org.springframework.boot.context.properties.bind.Binder.bind(Binder.java:269) ~[spring-boot-3.4.3.jar:3.4.3]
	at org.springframework.boot.context.properties.bind.Binder.bind(Binder.java:230) ~[spring-boot-3.4.3.jar:3.4.3]
	at org.springframework.boot.autoconfigure.r2dbc.ConnectionFactoryConfigurations$PooledConnectionFactoryCondition.getMatchOutcome(ConnectionFactoryConfigurations.java:155) ~[spring-boot-autoconfigure-3.4.3.jar:3.4.3]
	at org.springframework.boot.autoconfigure.condition.SpringBootCondition.matches(SpringBootCondition.java:47) ~[spring-boot-autoconfigure-3.4.3.jar:3.4.3]
	... 29 common frames omitted
Caused by: java.lang.ClassNotFoundException: io.r2dbc.spi.ValidationDepth
	at java.base/jdk.internal.loader.BuiltinClassLoader.loadClass(BuiltinClassLoader.java:641) ~[na:na]
	at java.base/jdk.internal.loader.ClassLoaders$AppClassLoader.loadClass(ClassLoaders.java:188) ~[na:na]
	at java.base/java.lang.ClassLoader.loadClass(ClassLoader.java:525) ~[na:na]
	... 60 common frames omitted

2025-04-11T10:47:23.119-03:00  INFO 11548 --- [backGrupo3ViMa] [restartedMain] BackGrupo3ViMaApplication                : Starting BackGrupo3ViMaApplication using Java 22.0.2 with PID 11548 (C:\Users\franc\Documents\GitHub\DesarrolloAPSI\backend\backGrupo4ViMa\target\classes started by franc in C:\Users\franc\Documents\GitHub\DesarrolloAPSI\backend\backGrupo4ViMa)
2025-04-11T10:47:23.122-03:00  INFO 11548 --- [backGrupo3ViMa] [restartedMain] BackGrupo3ViMaApplication                : No active profile set, falling back to 1 default profile: "default"
2025-04-11T10:47:23.185-03:00  INFO 11548 --- [backGrupo3ViMa] [restartedMain] .e.DevToolsPropertyDefaultsPostProcessor : Devtools property defaults active! Set 'spring.devtools.add-properties' to 'false' to disable
2025-04-11T10:47:23.185-03:00  INFO 11548 --- [backGrupo3ViMa] [restartedMain] .e.DevToolsPropertyDefaultsPostProcessor : For additional web related logging consider setting the 'logging.level.web' property to 'DEBUG'
2025-04-11T10:47:23.206-03:00  WARN 11548 --- [backGrupo3ViMa] [restartedMain] ionWarningsApplicationContextInitializer : 

** WARNING ** : Your ApplicationContext is unlikely to start due to a @ComponentScan of the default package.


2025-04-11T10:47:26.397-03:00  WARN 11548 --- [backGrupo3ViMa] [restartedMain] ConfigServletWebServerApplicationContext : Exception encountered during context initialization - cancelling refresh attempt: org.springframework.beans.factory.BeanDefinitionStoreException: Failed to read candidate component class: URL [jar:file:/C:/Users/franc/.m2/repository/org/springframework/boot/spring-boot-autoconfigure/3.4.3/spring-boot-autoconfigure-3.4.3.jar!/org/springframework/boot/autoconfigure/r2dbc/ConnectionFactoryConfigurations$PoolConfiguration.class]
2025-04-11T10:47:26.402-03:00  INFO 11548 --- [backGrupo3ViMa] [restartedMain] .s.b.a.l.ConditionEvaluationReportLogger : 

Error starting ApplicationContext. To display the condition evaluation report re-run your application with 'debug' enabled.
2025-04-11T10:47:26.432-03:00 ERROR 11548 --- [backGrupo3ViMa] [restartedMain] o.s.boot.SpringApplication               : Application run failed

org.springframework.beans.factory.BeanDefinitionStoreException: Failed to read candidate component class: URL [jar:file:/C:/Users/franc/.m2/repository/org/springframework/boot/spring-boot-autoconfigure/3.4.3/spring-boot-autoconfigure-3.4.3.jar!/org/springframework/boot/autoconfigure/r2dbc/ConnectionFactoryConfigurations$PoolConfiguration.class]
	at org.springframework.context.annotation.ClassPathScanningCandidateComponentProvider.scanCandidateComponents(ClassPathScanningCandidateComponentProvider.java:510) ~[spring-context-6.2.3.jar:6.2.3]
	at org.springframework.context.annotation.ClassPathScanningCandidateComponentProvider.findCandidateComponents(ClassPathScanningCandidateComponentProvider.java:351) ~[spring-context-6.2.3.jar:6.2.3]
	at org.springframework.context.annotation.ClassPathBeanDefinitionScanner.doScan(ClassPathBeanDefinitionScanner.java:277) ~[spring-context-6.2.3.jar:6.2.3]
	at org.springframework.context.annotation.ComponentScanAnnotationParser.parse(ComponentScanAnnotationParser.java:128) ~[spring-context-6.2.3.jar:6.2.3]
	at org.springframework.context.annotation.ConfigurationClassParser.doProcessConfigurationClass(ConfigurationClassParser.java:332) ~[spring-context-6.2.3.jar:6.2.3]
	at org.springframework.context.annotation.ConfigurationClassParser.processConfigurationClass(ConfigurationClassParser.java:267) ~[spring-context-6.2.3.jar:6.2.3]
	at org.springframework.context.annotation.ConfigurationClassParser.parse(ConfigurationClassParser.java:193) ~[spring-context-6.2.3.jar:6.2.3]
	at org.springframework.context.annotation.ConfigurationClassParser.parse(ConfigurationClassParser.java:171) ~[spring-context-6.2.3.jar:6.2.3]
	at org.springframework.context.annotation.ConfigurationClassPostProcessor.processConfigBeanDefinitions(ConfigurationClassPostProcessor.java:418) ~[spring-context-6.2.3.jar:6.2.3]
	at org.springframework.context.annotation.ConfigurationClassPostProcessor.postProcessBeanDefinitionRegistry(ConfigurationClassPostProcessor.java:290) ~[spring-context-6.2.3.jar:6.2.3]
	at org.springframework.context.support.PostProcessorRegistrationDelegate.invokeBeanDefinitionRegistryPostProcessors(PostProcessorRegistrationDelegate.java:349) ~[spring-context-6.2.3.jar:6.2.3]
	at org.springframework.context.support.PostProcessorRegistrationDelegate.invokeBeanFactoryPostProcessors(PostProcessorRegistrationDelegate.java:118) ~[spring-context-6.2.3.jar:6.2.3]
	at org.springframework.context.support.AbstractApplicationContext.invokeBeanFactoryPostProcessors(AbstractApplicationContext.java:791) ~[spring-context-6.2.3.jar:6.2.3]
	at org.springframework.context.support.AbstractApplicationContext.refresh(AbstractApplicationContext.java:609) ~[spring-context-6.2.3.jar:6.2.3]
	at org.springframework.boot.web.servlet.context.ServletWebServerApplicationContext.refresh(ServletWebServerApplicationContext.java:146) ~[spring-boot-3.4.3.jar:3.4.3]
	at org.springframework.boot.SpringApplication.refresh(SpringApplication.java:752) ~[spring-boot-3.4.3.jar:3.4.3]
	at org.springframework.boot.SpringApplication.refreshContext(SpringApplication.java:439) ~[spring-boot-3.4.3.jar:3.4.3]
	at org.springframework.boot.SpringApplication.run(SpringApplication.java:318) ~[spring-boot-3.4.3.jar:3.4.3]
	at org.springframework.boot.SpringApplication.run(SpringApplication.java:1361) ~[spring-boot-3.4.3.jar:3.4.3]
	at org.springframework.boot.SpringApplication.run(SpringApplication.java:1350) ~[spring-boot-3.4.3.jar:3.4.3]
	at BackGrupo3ViMaApplication.main(BackGrupo3ViMaApplication.java:10) ~[classes/:na]
	at java.base/jdk.internal.reflect.DirectMethodHandleAccessor.invoke(DirectMethodHandleAccessor.java:103) ~[na:na]
	at java.base/java.lang.reflect.Method.invoke(Method.java:580) ~[na:na]
	at org.springframework.boot.devtools.restart.RestartLauncher.run(RestartLauncher.java:50) ~[spring-boot-devtools-3.4.3.jar:3.4.3]
Caused by: java.lang.IllegalStateException: Could not evaluate condition on org.springframework.boot.autoconfigure.r2dbc.ConnectionFactoryConfigurations$PoolConfiguration due to io/r2dbc/spi/ValidationDepth not found. Make sure your own configuration does not rely on that class. This can also happen if you are @ComponentScanning a springframework package (e.g. if you put a @ComponentScan in the default package by mistake)
	at org.springframework.boot.autoconfigure.condition.SpringBootCondition.matches(SpringBootCondition.java:54) ~[spring-boot-autoconfigure-3.4.3.jar:3.4.3]
	at org.springframework.context.annotation.ConditionEvaluator.shouldSkip(ConditionEvaluator.java:99) ~[spring-context-6.2.3.jar:6.2.3]
	at org.springframework.context.annotation.ConditionEvaluator.shouldSkip(ConditionEvaluator.java:88) ~[spring-context-6.2.3.jar:6.2.3]
	at org.springframework.context.annotation.ConditionEvaluator.shouldSkip(ConditionEvaluator.java:71) ~[spring-context-6.2.3.jar:6.2.3]
	at org.springframework.context.annotation.ClassPathScanningCandidateComponentProvider.isConditionMatch(ClassPathScanningCandidateComponentProvider.java:564) ~[spring-context-6.2.3.jar:6.2.3]
	at org.springframework.context.annotation.ClassPathScanningCandidateComponentProvider.isCandidateComponent(ClassPathScanningCandidateComponentProvider.java:547) ~[spring-context-6.2.3.jar:6.2.3]
	at org.springframework.context.annotation.ClassPathScanningCandidateComponentProvider.scanCandidateComponents(ClassPathScanningCandidateComponentProvider.java:471) ~[spring-context-6.2.3.jar:6.2.3]
	... 23 common frames omitted
Caused by: java.lang.NoClassDefFoundError: io/r2dbc/spi/ValidationDepth
	at java.base/java.lang.Class.getDeclaredFields0(Native Method) ~[na:na]
	at java.base/java.lang.Class.privateGetDeclaredFields(Class.java:3496) ~[na:na]
	at java.base/java.lang.Class.getDeclaredField(Class.java:2790) ~[na:na]
	at org.springframework.boot.context.properties.bind.DefaultBindConstructorProvider$Constructors.isInnerClass(DefaultBindConstructorProvider.java:144) ~[spring-boot-3.4.3.jar:3.4.3]
	at org.springframework.boot.context.properties.bind.DefaultBindConstructorProvider$Constructors.getCandidateConstructors(DefaultBindConstructorProvider.java:134) ~[spring-boot-3.4.3.jar:3.4.3]
	at org.springframework.boot.context.properties.bind.DefaultBindConstructorProvider$Constructors.getConstructors(DefaultBindConstructorProvider.java:103) ~[spring-boot-3.4.3.jar:3.4.3]
	at org.springframework.boot.context.properties.bind.DefaultBindConstructorProvider.getBindConstructor(DefaultBindConstructorProvider.java:42) ~[spring-boot-3.4.3.jar:3.4.3]
	at org.springframework.boot.context.properties.bind.ValueObjectBinder$ValueObject.get(ValueObjectBinder.java:213) ~[spring-boot-3.4.3.jar:3.4.3]
	at org.springframework.boot.context.properties.bind.ValueObjectBinder.bind(ValueObjectBinder.java:76) ~[spring-boot-3.4.3.jar:3.4.3]
	at org.springframework.boot.context.properties.bind.Binder.lambda$bindDataObject$6(Binder.java:480) ~[spring-boot-3.4.3.jar:3.4.3]
	at java.base/java.util.stream.ReferencePipeline$3$1.accept(ReferencePipeline.java:212) ~[na:na]
	at java.base/java.util.AbstractList$RandomAccessSpliterator.tryAdvance(AbstractList.java:708) ~[na:na]
	at java.base/java.util.stream.ReferencePipeline.forEachWithCancel(ReferencePipeline.java:144) ~[na:na]
	at java.base/java.util.stream.AbstractPipeline.copyIntoWithCancel(AbstractPipeline.java:574) ~[na:na]
	at java.base/java.util.stream.AbstractPipeline.copyInto(AbstractPipeline.java:560) ~[na:na]
	at java.base/java.util.stream.AbstractPipeline.wrapAndCopyInto(AbstractPipeline.java:546) ~[na:na]
	at java.base/java.util.stream.FindOps$FindOp.evaluateSequential(FindOps.java:150) ~[na:na]
	at java.base/java.util.stream.AbstractPipeline.evaluate(AbstractPipeline.java:265) ~[na:na]
	at java.base/java.util.stream.ReferencePipeline.findFirst(ReferencePipeline.java:662) ~[na:na]
	at org.springframework.boot.context.properties.bind.Binder.fromDataObjectBinders(Binder.java:488) ~[spring-boot-3.4.3.jar:3.4.3]
	at org.springframework.boot.context.properties.bind.Binder.lambda$bindDataObject$7(Binder.java:479) ~[spring-boot-3.4.3.jar:3.4.3]
	at org.springframework.boot.context.properties.bind.Binder$Context.withIncreasedDepth(Binder.java:597) ~[spring-boot-3.4.3.jar:3.4.3]
	at org.springframework.boot.context.properties.bind.Binder$Context.withDataObject(Binder.java:583) ~[spring-boot-3.4.3.jar:3.4.3]
	at org.springframework.boot.context.properties.bind.Binder.bindDataObject(Binder.java:479) ~[spring-boot-3.4.3.jar:3.4.3]
	at org.springframework.boot.context.properties.bind.Binder.bindObject(Binder.java:418) ~[spring-boot-3.4.3.jar:3.4.3]
	at org.springframework.boot.context.properties.bind.Binder.bind(Binder.java:350) ~[spring-boot-3.4.3.jar:3.4.3]
	at org.springframework.boot.context.properties.bind.Binder.bind(Binder.java:339) ~[spring-boot-3.4.3.jar:3.4.3]
	at org.springframework.boot.context.properties.bind.Binder.bind(Binder.java:269) ~[spring-boot-3.4.3.jar:3.4.3]
	at org.springframework.boot.context.properties.bind.Binder.bind(Binder.java:230) ~[spring-boot-3.4.3.jar:3.4.3]
	at org.springframework.boot.autoconfigure.r2dbc.ConnectionFactoryConfigurations$PooledConnectionFactoryCondition.getMatchOutcome(ConnectionFactoryConfigurations.java:155) ~[spring-boot-autoconfigure-3.4.3.jar:3.4.3]
	at org.springframework.boot.autoconfigure.condition.SpringBootCondition.matches(SpringBootCondition.java:47) ~[spring-boot-autoconfigure-3.4.3.jar:3.4.3]
	... 29 common frames omitted
Caused by: java.lang.ClassNotFoundException: io.r2dbc.spi.ValidationDepth
	at java.base/jdk.internal.loader.BuiltinClassLoader.loadClass(BuiltinClassLoader.java:641) ~[na:na]
	at java.base/jdk.internal.loader.ClassLoaders$AppClassLoader.loadClass(ClassLoaders.java:188) ~[na:na]
	at java.base/java.lang.ClassLoader.loadClass(ClassLoader.java:525) ~[na:na]
	... 60 common frames omitted

2025-04-11T10:53:11.941-03:00  INFO 31692 --- [backGrupo3ViMa] [restartedMain] o.e.b.BackGrupo3ViMaApplication          : Starting BackGrupo3ViMaApplication using Java 22.0.2 with PID 31692 (C:\Users\franc\Documents\GitHub\DesarrolloAPSI\backend\backGrupo4ViMa\target\classes started by franc in C:\Users\franc\Documents\GitHub\DesarrolloAPSI\backend\backGrupo4ViMa)
2025-04-11T10:53:11.945-03:00  INFO 31692 --- [backGrupo3ViMa] [restartedMain] o.e.b.BackGrupo3ViMaApplication          : No active profile set, falling back to 1 default profile: "default"
2025-04-11T10:53:12.019-03:00  INFO 31692 --- [backGrupo3ViMa] [restartedMain] .e.DevToolsPropertyDefaultsPostProcessor : Devtools property defaults active! Set 'spring.devtools.add-properties' to 'false' to disable
2025-04-11T10:53:12.019-03:00  INFO 31692 --- [backGrupo3ViMa] [restartedMain] .e.DevToolsPropertyDefaultsPostProcessor : For additional web related logging consider setting the 'logging.level.web' property to 'DEBUG'
2025-04-11T10:53:12.971-03:00  INFO 31692 --- [backGrupo3ViMa] [restartedMain] .s.d.r.c.RepositoryConfigurationDelegate : Bootstrapping Spring Data JPA repositories in DEFAULT mode.
2025-04-11T10:53:12.997-03:00  INFO 31692 --- [backGrupo3ViMa] [restartedMain] .s.d.r.c.RepositoryConfigurationDelegate : Finished Spring Data repository scanning in 13 ms. Found 0 JPA repository interfaces.
2025-04-11T10:53:13.677-03:00  INFO 31692 --- [backGrupo3ViMa] [restartedMain] o.s.b.w.embedded.tomcat.TomcatWebServer  : Tomcat initialized with port 4002 (http)
2025-04-11T10:53:13.694-03:00  INFO 31692 --- [backGrupo3ViMa] [restartedMain] o.apache.catalina.core.StandardService   : Starting service [Tomcat]
2025-04-11T10:53:13.694-03:00  INFO 31692 --- [backGrupo3ViMa] [restartedMain] o.apache.catalina.core.StandardEngine    : Starting Servlet engine: [Apache Tomcat/10.1.36]
2025-04-11T10:53:13.757-03:00  INFO 31692 --- [backGrupo3ViMa] [restartedMain] o.a.c.c.C.[Tomcat].[localhost].[/]       : Initializing Spring embedded WebApplicationContext
2025-04-11T10:53:13.757-03:00  INFO 31692 --- [backGrupo3ViMa] [restartedMain] w.s.c.ServletWebServerApplicationContext : Root WebApplicationContext: initialization completed in 1737 ms
2025-04-11T10:53:13.942-03:00  INFO 31692 --- [backGrupo3ViMa] [restartedMain] o.hibernate.jpa.internal.util.LogHelper  : HHH000204: Processing PersistenceUnitInfo [name: default]
2025-04-11T10:53:14.002-03:00  INFO 31692 --- [backGrupo3ViMa] [restartedMain] org.hibernate.Version                    : HHH000412: Hibernate ORM core version 6.6.8.Final
2025-04-11T10:53:14.047-03:00  INFO 31692 --- [backGrupo3ViMa] [restartedMain] o.h.c.internal.RegionFactoryInitiator    : HHH000026: Second-level cache disabled
2025-04-11T10:53:14.355-03:00  INFO 31692 --- [backGrupo3ViMa] [restartedMain] o.s.o.j.p.SpringPersistenceUnitInfo      : No LoadTimeWeaver setup: ignoring JPA class transformer
2025-04-11T10:53:14.386-03:00  INFO 31692 --- [backGrupo3ViMa] [restartedMain] com.zaxxer.hikari.HikariDataSource       : HikariPool-1 - Starting...
2025-04-11T10:53:14.722-03:00  INFO 31692 --- [backGrupo3ViMa] [restartedMain] com.zaxxer.hikari.pool.HikariPool        : HikariPool-1 - Added connection com.mysql.cj.jdbc.ConnectionImpl@54dd1889
2025-04-11T10:53:14.724-03:00  INFO 31692 --- [backGrupo3ViMa] [restartedMain] com.zaxxer.hikari.HikariDataSource       : HikariPool-1 - Start completed.
2025-04-11T10:53:14.809-03:00  INFO 31692 --- [backGrupo3ViMa] [restartedMain] org.hibernate.orm.connections.pooling    : HHH10001005: Database info:
	Database JDBC URL [Connecting through datasource 'HikariDataSource (HikariPool-1)']
	Database driver: undefined/unknown
	Database version: 8.0.41
	Autocommit mode: undefined/unknown
	Isolation level: undefined/unknown
	Minimum pool size: undefined/unknown
	Maximum pool size: undefined/unknown
2025-04-11T10:53:15.211-03:00  INFO 31692 --- [backGrupo3ViMa] [restartedMain] o.h.e.t.j.p.i.JtaPlatformInitiator       : HHH000489: No JTA platform available (set 'hibernate.transaction.jta.platform' to enable JTA platform integration)
2025-04-11T10:53:15.217-03:00  INFO 31692 --- [backGrupo3ViMa] [restartedMain] j.LocalContainerEntityManagerFactoryBean : Initialized JPA EntityManagerFactory for persistence unit 'default'
2025-04-11T10:53:15.393-03:00  WARN 31692 --- [backGrupo3ViMa] [restartedMain] JpaBaseConfiguration$JpaWebConfiguration : spring.jpa.open-in-view is enabled by default. Therefore, database queries may be performed during view rendering. Explicitly configure spring.jpa.open-in-view to disable this warning
2025-04-11T10:53:15.466-03:00  INFO 31692 --- [backGrupo3ViMa] [restartedMain] o.s.v.b.OptionalValidatorFactoryBean     : Failed to set up a Bean Validation provider: jakarta.validation.NoProviderFoundException: Unable to create a Configuration, because no Jakarta Bean Validation provider could be found. Add a provider like Hibernate Validator (RI) to your classpath.
2025-04-11T10:53:15.535-03:00 DEBUG 31692 --- [backGrupo3ViMa] [restartedMain] s.w.s.m.m.a.RequestMappingHandlerMapping : 6 mappings in 'requestMappingHandlerMapping'
2025-04-11T10:53:15.629-03:00 DEBUG 31692 --- [backGrupo3ViMa] [restartedMain] o.s.w.s.handler.SimpleUrlHandlerMapping  : Patterns [/webjars/**, /**, /swagger-ui*/*swagger-initializer.js, /swagger-ui*/**] in 'resourceHandlerMapping'
2025-04-11T10:53:15.671-03:00 DEBUG 31692 --- [backGrupo3ViMa] [restartedMain] s.w.s.m.m.a.RequestMappingHandlerAdapter : ControllerAdvice beans: 0 @ModelAttribute, 0 @InitBinder, 1 RequestBodyAdvice, 1 ResponseBodyAdvice
2025-04-11T10:53:15.788-03:00 DEBUG 31692 --- [backGrupo3ViMa] [restartedMain] .m.m.a.ExceptionHandlerExceptionResolver : ControllerAdvice beans: 1 @ExceptionHandler, 1 ResponseBodyAdvice
2025-04-11T10:53:16.041-03:00  WARN 31692 --- [backGrupo3ViMa] [restartedMain] .s.s.UserDetailsServiceAutoConfiguration : 

Using generated security password: 55294f6b-6a60-4d53-bfc5-2e05a67a5b3c

This generated password is for development use only. Your security configuration must be updated before running your application in production.

2025-04-11T10:53:16.059-03:00  INFO 31692 --- [backGrupo3ViMa] [restartedMain] r$InitializeUserDetailsManagerConfigurer : Global AuthenticationManager configured with UserDetailsService bean with name inMemoryUserDetailsManager
2025-04-11T10:53:16.240-03:00  INFO 31692 --- [backGrupo3ViMa] [restartedMain] o.s.b.d.a.OptionalLiveReloadServer       : LiveReload server is running on port 35729
2025-04-11T10:53:16.302-03:00  INFO 31692 --- [backGrupo3ViMa] [restartedMain] o.s.b.w.embedded.tomcat.TomcatWebServer  : Tomcat started on port 4002 (http) with context path '/'
2025-04-11T10:53:16.318-03:00  INFO 31692 --- [backGrupo3ViMa] [restartedMain] o.e.b.BackGrupo3ViMaApplication          : Started BackGrupo3ViMaApplication in 5.119 seconds (process running for 6.337)
2025-04-11T10:53:35.395-03:00  INFO 33840 --- [backGrupo3ViMa] [restartedMain] o.e.b.BackGrupo3ViMaApplication          : Starting BackGrupo3ViMaApplication using Java 22.0.2 with PID 33840 (C:\Users\franc\Documents\GitHub\DesarrolloAPSI\backend\backGrupo4ViMa\target\classes started by franc in C:\Users\franc\Documents\GitHub\DesarrolloAPSI\backend\backGrupo4ViMa)
2025-04-11T10:53:35.399-03:00  INFO 33840 --- [backGrupo3ViMa] [restartedMain] o.e.b.BackGrupo3ViMaApplication          : No active profile set, falling back to 1 default profile: "default"
2025-04-11T10:53:35.469-03:00  INFO 33840 --- [backGrupo3ViMa] [restartedMain] .e.DevToolsPropertyDefaultsPostProcessor : Devtools property defaults active! Set 'spring.devtools.add-properties' to 'false' to disable
2025-04-11T10:53:35.469-03:00  INFO 33840 --- [backGrupo3ViMa] [restartedMain] .e.DevToolsPropertyDefaultsPostProcessor : For additional web related logging consider setting the 'logging.level.web' property to 'DEBUG'
2025-04-11T10:53:36.454-03:00  INFO 33840 --- [backGrupo3ViMa] [restartedMain] .s.d.r.c.RepositoryConfigurationDelegate : Bootstrapping Spring Data JPA repositories in DEFAULT mode.
2025-04-11T10:53:36.476-03:00  INFO 33840 --- [backGrupo3ViMa] [restartedMain] .s.d.r.c.RepositoryConfigurationDelegate : Finished Spring Data repository scanning in 12 ms. Found 0 JPA repository interfaces.
2025-04-11T10:53:37.142-03:00  INFO 33840 --- [backGrupo3ViMa] [restartedMain] o.s.b.w.embedded.tomcat.TomcatWebServer  : Tomcat initialized with port 4002 (http)
2025-04-11T10:53:37.157-03:00  INFO 33840 --- [backGrupo3ViMa] [restartedMain] o.apache.catalina.core.StandardService   : Starting service [Tomcat]
2025-04-11T10:53:37.158-03:00  INFO 33840 --- [backGrupo3ViMa] [restartedMain] o.apache.catalina.core.StandardEngine    : Starting Servlet engine: [Apache Tomcat/10.1.36]
2025-04-11T10:53:37.222-03:00  INFO 33840 --- [backGrupo3ViMa] [restartedMain] o.a.c.c.C.[Tomcat].[localhost].[/]       : Initializing Spring embedded WebApplicationContext
2025-04-11T10:53:37.222-03:00  INFO 33840 --- [backGrupo3ViMa] [restartedMain] w.s.c.ServletWebServerApplicationContext : Root WebApplicationContext: initialization completed in 1752 ms
2025-04-11T10:53:37.446-03:00  INFO 33840 --- [backGrupo3ViMa] [restartedMain] o.hibernate.jpa.internal.util.LogHelper  : HHH000204: Processing PersistenceUnitInfo [name: default]
2025-04-11T10:53:37.499-03:00  INFO 33840 --- [backGrupo3ViMa] [restartedMain] org.hibernate.Version                    : HHH000412: Hibernate ORM core version 6.6.8.Final
2025-04-11T10:53:37.537-03:00  INFO 33840 --- [backGrupo3ViMa] [restartedMain] o.h.c.internal.RegionFactoryInitiator    : HHH000026: Second-level cache disabled
2025-04-11T10:53:37.859-03:00  INFO 33840 --- [backGrupo3ViMa] [restartedMain] o.s.o.j.p.SpringPersistenceUnitInfo      : No LoadTimeWeaver setup: ignoring JPA class transformer
2025-04-11T10:53:37.893-03:00  INFO 33840 --- [backGrupo3ViMa] [restartedMain] com.zaxxer.hikari.HikariDataSource       : HikariPool-1 - Starting...
2025-04-11T10:53:38.218-03:00  INFO 33840 --- [backGrupo3ViMa] [restartedMain] com.zaxxer.hikari.pool.HikariPool        : HikariPool-1 - Added connection com.mysql.cj.jdbc.ConnectionImpl@521d2e77
2025-04-11T10:53:38.220-03:00  INFO 33840 --- [backGrupo3ViMa] [restartedMain] com.zaxxer.hikari.HikariDataSource       : HikariPool-1 - Start completed.
2025-04-11T10:53:38.314-03:00  INFO 33840 --- [backGrupo3ViMa] [restartedMain] org.hibernate.orm.connections.pooling    : HHH10001005: Database info:
	Database JDBC URL [Connecting through datasource 'HikariDataSource (HikariPool-1)']
	Database driver: undefined/unknown
	Database version: 8.0.41
	Autocommit mode: undefined/unknown
	Isolation level: undefined/unknown
	Minimum pool size: undefined/unknown
	Maximum pool size: undefined/unknown
2025-04-11T10:53:38.719-03:00  INFO 33840 --- [backGrupo3ViMa] [restartedMain] o.h.e.t.j.p.i.JtaPlatformInitiator       : HHH000489: No JTA platform available (set 'hibernate.transaction.jta.platform' to enable JTA platform integration)
2025-04-11T10:53:38.727-03:00  INFO 33840 --- [backGrupo3ViMa] [restartedMain] j.LocalContainerEntityManagerFactoryBean : Initialized JPA EntityManagerFactory for persistence unit 'default'
2025-04-11T10:53:38.746-03:00  WARN 33840 --- [backGrupo3ViMa] [restartedMain] ConfigServletWebServerApplicationContext : Exception encountered during context initialization - cancelling refresh attempt: org.springframework.beans.factory.UnsatisfiedDependencyException: Error creating bean with name 'doctorController': Unsatisfied dependency expressed through field 'doctorServiceImpl': Error creating bean with name 'doctorServiceImpl': Unsatisfied dependency expressed through field 'doctorRepository': No qualifying bean of type 'Repository.doctorRepository' available: expected at least 1 bean which qualifies as autowire candidate. Dependency annotations: {@org.springframework.beans.factory.annotation.Autowired(required=true)}
2025-04-11T10:53:38.747-03:00  INFO 33840 --- [backGrupo3ViMa] [restartedMain] j.LocalContainerEntityManagerFactoryBean : Closing JPA EntityManagerFactory for persistence unit 'default'
2025-04-11T10:53:38.764-03:00  INFO 33840 --- [backGrupo3ViMa] [restartedMain] com.zaxxer.hikari.HikariDataSource       : HikariPool-1 - Shutdown initiated...
2025-04-11T10:53:38.773-03:00  INFO 33840 --- [backGrupo3ViMa] [restartedMain] com.zaxxer.hikari.HikariDataSource       : HikariPool-1 - Shutdown completed.
2025-04-11T10:53:38.776-03:00  INFO 33840 --- [backGrupo3ViMa] [restartedMain] o.apache.catalina.core.StandardService   : Stopping service [Tomcat]
2025-04-11T10:53:38.790-03:00  INFO 33840 --- [backGrupo3ViMa] [restartedMain] .s.b.a.l.ConditionEvaluationReportLogger : 

Error starting ApplicationContext. To display the condition evaluation report re-run your application with 'debug' enabled.
2025-04-11T10:53:38.820-03:00 ERROR 33840 --- [backGrupo3ViMa] [restartedMain] o.s.b.d.LoggingFailureAnalysisReporter   : 

***************************
APPLICATION FAILED TO START
***************************

Description:

Field doctorRepository in Service.doctorServiceImpl required a bean of type 'Repository.doctorRepository' that could not be found.

The injection point has the following annotations:
	- @org.springframework.beans.factory.annotation.Autowired(required=true)


Action:

Consider defining a bean of type 'Repository.doctorRepository' in your configuration.

2025-04-11T10:56:49.859-03:00  INFO 14376 --- [backGrupo3ViMa] [restartedMain] o.e.b.BackGrupo3ViMaApplication          : Starting BackGrupo3ViMaApplication using Java 22.0.2 with PID 14376 (C:\Users\franc\Documents\GitHub\DesarrolloAPSI\backend\backGrupo4ViMa\target\classes started by franc in C:\Users\franc\Documents\GitHub\DesarrolloAPSI\backend\backGrupo4ViMa)
2025-04-11T10:56:49.863-03:00  INFO 14376 --- [backGrupo3ViMa] [restartedMain] o.e.b.BackGrupo3ViMaApplication          : No active profile set, falling back to 1 default profile: "default"
2025-04-11T10:56:49.935-03:00  INFO 14376 --- [backGrupo3ViMa] [restartedMain] .e.DevToolsPropertyDefaultsPostProcessor : Devtools property defaults active! Set 'spring.devtools.add-properties' to 'false' to disable
2025-04-11T10:56:49.936-03:00  INFO 14376 --- [backGrupo3ViMa] [restartedMain] .e.DevToolsPropertyDefaultsPostProcessor : For additional web related logging consider setting the 'logging.level.web' property to 'DEBUG'
2025-04-11T10:56:51.286-03:00  INFO 14376 --- [backGrupo3ViMa] [restartedMain] .s.d.r.c.RepositoryConfigurationDelegate : Bootstrapping Spring Data JPA repositories in DEFAULT mode.
2025-04-11T10:56:51.410-03:00  INFO 14376 --- [backGrupo3ViMa] [restartedMain] .s.d.r.c.RepositoryConfigurationDelegate : Finished Spring Data repository scanning in 111 ms. Found 5 JPA repository interfaces.
2025-04-11T10:56:52.294-03:00  INFO 14376 --- [backGrupo3ViMa] [restartedMain] o.s.b.w.embedded.tomcat.TomcatWebServer  : Tomcat initialized with port 4002 (http)
2025-04-11T10:56:52.326-03:00  INFO 14376 --- [backGrupo3ViMa] [restartedMain] o.apache.catalina.core.StandardService   : Starting service [Tomcat]
2025-04-11T10:56:52.327-03:00  INFO 14376 --- [backGrupo3ViMa] [restartedMain] o.apache.catalina.core.StandardEngine    : Starting Servlet engine: [Apache Tomcat/10.1.36]
2025-04-11T10:56:52.477-03:00  INFO 14376 --- [backGrupo3ViMa] [restartedMain] o.a.c.c.C.[Tomcat].[localhost].[/]       : Initializing Spring embedded WebApplicationContext
2025-04-11T10:56:52.478-03:00  INFO 14376 --- [backGrupo3ViMa] [restartedMain] w.s.c.ServletWebServerApplicationContext : Root WebApplicationContext: initialization completed in 2541 ms
2025-04-11T10:56:52.759-03:00  INFO 14376 --- [backGrupo3ViMa] [restartedMain] o.hibernate.jpa.internal.util.LogHelper  : HHH000204: Processing PersistenceUnitInfo [name: default]
2025-04-11T10:56:52.856-03:00  INFO 14376 --- [backGrupo3ViMa] [restartedMain] org.hibernate.Version                    : HHH000412: Hibernate ORM core version 6.6.8.Final
2025-04-11T10:56:52.909-03:00  INFO 14376 --- [backGrupo3ViMa] [restartedMain] o.h.c.internal.RegionFactoryInitiator    : HHH000026: Second-level cache disabled
2025-04-11T10:56:53.437-03:00  INFO 14376 --- [backGrupo3ViMa] [restartedMain] o.s.o.j.p.SpringPersistenceUnitInfo      : No LoadTimeWeaver setup: ignoring JPA class transformer
2025-04-11T10:56:53.480-03:00  INFO 14376 --- [backGrupo3ViMa] [restartedMain] com.zaxxer.hikari.HikariDataSource       : HikariPool-1 - Starting...
2025-04-11T10:56:53.956-03:00  INFO 14376 --- [backGrupo3ViMa] [restartedMain] com.zaxxer.hikari.pool.HikariPool        : HikariPool-1 - Added connection com.mysql.cj.jdbc.ConnectionImpl@3263f07f
2025-04-11T10:56:53.958-03:00  INFO 14376 --- [backGrupo3ViMa] [restartedMain] com.zaxxer.hikari.HikariDataSource       : HikariPool-1 - Start completed.
2025-04-11T10:56:54.073-03:00  INFO 14376 --- [backGrupo3ViMa] [restartedMain] org.hibernate.orm.connections.pooling    : HHH10001005: Database info:
	Database JDBC URL [Connecting through datasource 'HikariDataSource (HikariPool-1)']
	Database driver: undefined/unknown
	Database version: 8.0.41
	Autocommit mode: undefined/unknown
	Isolation level: undefined/unknown
	Minimum pool size: undefined/unknown
	Maximum pool size: undefined/unknown
2025-04-11T10:56:54.408-03:00 ERROR 14376 --- [backGrupo3ViMa] [restartedMain] j.LocalContainerEntityManagerFactoryBean : Failed to initialize JPA EntityManagerFactory: Table [tokens_entity] contains physical column name [id_usuario] referred to by multiple logical column names: [id_usuario], [idUsuario]
2025-04-11T10:56:54.410-03:00  WARN 14376 --- [backGrupo3ViMa] [restartedMain] ConfigServletWebServerApplicationContext : Exception encountered during context initialization - cancelling refresh attempt: org.springframework.beans.factory.BeanCreationException: Error creating bean with name 'entityManagerFactory' defined in class path resource [org/springframework/boot/autoconfigure/orm/jpa/HibernateJpaConfiguration.class]: Table [tokens_entity] contains physical column name [id_usuario] referred to by multiple logical column names: [id_usuario], [idUsuario]
2025-04-11T10:56:54.413-03:00  INFO 14376 --- [backGrupo3ViMa] [restartedMain] com.zaxxer.hikari.HikariDataSource       : HikariPool-1 - Shutdown initiated...
2025-04-11T10:56:54.448-03:00  INFO 14376 --- [backGrupo3ViMa] [restartedMain] com.zaxxer.hikari.HikariDataSource       : HikariPool-1 - Shutdown completed.
2025-04-11T10:56:54.451-03:00  INFO 14376 --- [backGrupo3ViMa] [restartedMain] o.apache.catalina.core.StandardService   : Stopping service [Tomcat]
2025-04-11T10:56:54.464-03:00  INFO 14376 --- [backGrupo3ViMa] [restartedMain] .s.b.a.l.ConditionEvaluationReportLogger : 

Error starting ApplicationContext. To display the condition evaluation report re-run your application with 'debug' enabled.
2025-04-11T10:56:54.490-03:00 ERROR 14376 --- [backGrupo3ViMa] [restartedMain] o.s.boot.SpringApplication               : Application run failed

org.springframework.beans.factory.BeanCreationException: Error creating bean with name 'entityManagerFactory' defined in class path resource [org/springframework/boot/autoconfigure/orm/jpa/HibernateJpaConfiguration.class]: Table [tokens_entity] contains physical column name [id_usuario] referred to by multiple logical column names: [id_usuario], [idUsuario]
	at org.springframework.beans.factory.support.AbstractAutowireCapableBeanFactory.initializeBean(AbstractAutowireCapableBeanFactory.java:1812) ~[spring-beans-6.2.3.jar:6.2.3]
	at org.springframework.beans.factory.support.AbstractAutowireCapableBeanFactory.doCreateBean(AbstractAutowireCapableBeanFactory.java:601) ~[spring-beans-6.2.3.jar:6.2.3]
	at org.springframework.beans.factory.support.AbstractAutowireCapableBeanFactory.createBean(AbstractAutowireCapableBeanFactory.java:523) ~[spring-beans-6.2.3.jar:6.2.3]
	at org.springframework.beans.factory.support.AbstractBeanFactory.lambda$doGetBean$0(AbstractBeanFactory.java:339) ~[spring-beans-6.2.3.jar:6.2.3]
	at org.springframework.beans.factory.support.DefaultSingletonBeanRegistry.getSingleton(DefaultSingletonBeanRegistry.java:346) ~[spring-beans-6.2.3.jar:6.2.3]
	at org.springframework.beans.factory.support.AbstractBeanFactory.doGetBean(AbstractBeanFactory.java:337) ~[spring-beans-6.2.3.jar:6.2.3]
	at org.springframework.beans.factory.support.AbstractBeanFactory.getBean(AbstractBeanFactory.java:207) ~[spring-beans-6.2.3.jar:6.2.3]
	at org.springframework.context.support.AbstractApplicationContext.finishBeanFactoryInitialization(AbstractApplicationContext.java:970) ~[spring-context-6.2.3.jar:6.2.3]
	at org.springframework.context.support.AbstractApplicationContext.refresh(AbstractApplicationContext.java:627) ~[spring-context-6.2.3.jar:6.2.3]
	at org.springframework.boot.web.servlet.context.ServletWebServerApplicationContext.refresh(ServletWebServerApplicationContext.java:146) ~[spring-boot-3.4.3.jar:3.4.3]
	at org.springframework.boot.SpringApplication.refresh(SpringApplication.java:752) ~[spring-boot-3.4.3.jar:3.4.3]
	at org.springframework.boot.SpringApplication.refreshContext(SpringApplication.java:439) ~[spring-boot-3.4.3.jar:3.4.3]
	at org.springframework.boot.SpringApplication.run(SpringApplication.java:318) ~[spring-boot-3.4.3.jar:3.4.3]
	at org.springframework.boot.SpringApplication.run(SpringApplication.java:1361) ~[spring-boot-3.4.3.jar:3.4.3]
	at org.springframework.boot.SpringApplication.run(SpringApplication.java:1350) ~[spring-boot-3.4.3.jar:3.4.3]
	at org.example.backgrupo3vima.BackGrupo3ViMaApplication.main(BackGrupo3ViMaApplication.java:12) ~[classes/:na]
	at java.base/jdk.internal.reflect.DirectMethodHandleAccessor.invoke(DirectMethodHandleAccessor.java:103) ~[na:na]
	at java.base/java.lang.reflect.Method.invoke(Method.java:580) ~[na:na]
	at org.springframework.boot.devtools.restart.RestartLauncher.run(RestartLauncher.java:50) ~[spring-boot-devtools-3.4.3.jar:3.4.3]
Caused by: org.hibernate.DuplicateMappingException: Table [tokens_entity] contains physical column name [id_usuario] referred to by multiple logical column names: [id_usuario], [idUsuario]
	at org.hibernate.boot.internal.InFlightMetadataCollectorImpl$TableColumnNameBinding.bindPhysicalToLogical(InFlightMetadataCollectorImpl.java:1135) ~[hibernate-core-6.6.8.Final.jar:6.6.8.Final]
	at org.hibernate.boot.internal.InFlightMetadataCollectorImpl$TableColumnNameBinding.addBinding(InFlightMetadataCollectorImpl.java:1104) ~[hibernate-core-6.6.8.Final.jar:6.6.8.Final]
	at org.hibernate.boot.internal.InFlightMetadataCollectorImpl.addColumnNameBinding(InFlightMetadataCollectorImpl.java:1174) ~[hibernate-core-6.6.8.Final.jar:6.6.8.Final]
	at org.hibernate.boot.internal.InFlightMetadataCollectorImpl.addColumnNameBinding(InFlightMetadataCollectorImpl.java:1155) ~[hibernate-core-6.6.8.Final.jar:6.6.8.Final]
	at org.hibernate.boot.model.internal.AnnotatedJoinColumn.addColumnBinding(AnnotatedJoinColumn.java:409) ~[hibernate-core-6.6.8.Final.jar:6.6.8.Final]
	at org.hibernate.boot.model.internal.AnnotatedColumn.linkWithValue(AnnotatedColumn.java:445) ~[hibernate-core-6.6.8.Final.jar:6.6.8.Final]
	at org.hibernate.boot.model.internal.TableBinder.matchUpJoinColumnsWithKeyColumns(TableBinder.java:700) ~[hibernate-core-6.6.8.Final.jar:6.6.8.Final]
	at org.hibernate.boot.model.internal.TableBinder.bindPrimaryKeyReference(TableBinder.java:636) ~[hibernate-core-6.6.8.Final.jar:6.6.8.Final]
	at org.hibernate.boot.model.internal.TableBinder.bindExplicitColumns(TableBinder.java:590) ~[hibernate-core-6.6.8.Final.jar:6.6.8.Final]
	at org.hibernate.boot.model.internal.TableBinder.bindForeignKey(TableBinder.java:568) ~[hibernate-core-6.6.8.Final.jar:6.6.8.Final]
	at org.hibernate.boot.model.internal.ToOneFkSecondPass.doSecondPass(ToOneFkSecondPass.java:123) ~[hibernate-core-6.6.8.Final.jar:6.6.8.Final]
	at org.hibernate.boot.internal.InFlightMetadataCollectorImpl.processEndOfQueue(InFlightMetadataCollectorImpl.java:1937) ~[hibernate-core-6.6.8.Final.jar:6.6.8.Final]
	at org.hibernate.boot.internal.InFlightMetadataCollectorImpl.processFkSecondPassesInOrder(InFlightMetadataCollectorImpl.java:1886) ~[hibernate-core-6.6.8.Final.jar:6.6.8.Final]
	at org.hibernate.boot.internal.InFlightMetadataCollectorImpl.processSecondPasses(InFlightMetadataCollectorImpl.java:1794) ~[hibernate-core-6.6.8.Final.jar:6.6.8.Final]
	at org.hibernate.boot.model.process.spi.MetadataBuildingProcess.complete(MetadataBuildingProcess.java:334) ~[hibernate-core-6.6.8.Final.jar:6.6.8.Final]
	at org.hibernate.jpa.boot.internal.EntityManagerFactoryBuilderImpl.metadata(EntityManagerFactoryBuilderImpl.java:1442) ~[hibernate-core-6.6.8.Final.jar:6.6.8.Final]
	at org.hibernate.jpa.boot.internal.EntityManagerFactoryBuilderImpl.build(EntityManagerFactoryBuilderImpl.java:1513) ~[hibernate-core-6.6.8.Final.jar:6.6.8.Final]
	at org.springframework.orm.jpa.vendor.SpringHibernateJpaPersistenceProvider.createContainerEntityManagerFactory(SpringHibernateJpaPersistenceProvider.java:66) ~[spring-orm-6.2.3.jar:6.2.3]
	at org.springframework.orm.jpa.LocalContainerEntityManagerFactoryBean.createNativeEntityManagerFactory(LocalContainerEntityManagerFactoryBean.java:390) ~[spring-orm-6.2.3.jar:6.2.3]
	at org.springframework.orm.jpa.AbstractEntityManagerFactoryBean.buildNativeEntityManagerFactory(AbstractEntityManagerFactoryBean.java:419) ~[spring-orm-6.2.3.jar:6.2.3]
	at org.springframework.orm.jpa.AbstractEntityManagerFactoryBean.afterPropertiesSet(AbstractEntityManagerFactoryBean.java:400) ~[spring-orm-6.2.3.jar:6.2.3]
	at org.springframework.orm.jpa.LocalContainerEntityManagerFactoryBean.afterPropertiesSet(LocalContainerEntityManagerFactoryBean.java:366) ~[spring-orm-6.2.3.jar:6.2.3]
	at org.springframework.beans.factory.support.AbstractAutowireCapableBeanFactory.invokeInitMethods(AbstractAutowireCapableBeanFactory.java:1859) ~[spring-beans-6.2.3.jar:6.2.3]
	at org.springframework.beans.factory.support.AbstractAutowireCapableBeanFactory.initializeBean(AbstractAutowireCapableBeanFactory.java:1808) ~[spring-beans-6.2.3.jar:6.2.3]
	... 18 common frames omitted

2025-04-11T10:58:24.528-03:00  INFO 35540 --- [backGrupo3ViMa] [restartedMain] o.e.b.BackGrupo3ViMaApplication          : Starting BackGrupo3ViMaApplication using Java 22.0.2 with PID 35540 (C:\Users\franc\Documents\GitHub\DesarrolloAPSI\backend\backGrupo4ViMa\target\classes started by franc in C:\Users\franc\Documents\GitHub\DesarrolloAPSI\backend\backGrupo4ViMa)
2025-04-11T10:58:24.531-03:00  INFO 35540 --- [backGrupo3ViMa] [restartedMain] o.e.b.BackGrupo3ViMaApplication          : No active profile set, falling back to 1 default profile: "default"
2025-04-11T10:58:24.613-03:00  INFO 35540 --- [backGrupo3ViMa] [restartedMain] .e.DevToolsPropertyDefaultsPostProcessor : Devtools property defaults active! Set 'spring.devtools.add-properties' to 'false' to disable
2025-04-11T10:58:24.613-03:00  INFO 35540 --- [backGrupo3ViMa] [restartedMain] .e.DevToolsPropertyDefaultsPostProcessor : For additional web related logging consider setting the 'logging.level.web' property to 'DEBUG'
2025-04-11T10:58:25.835-03:00  INFO 35540 --- [backGrupo3ViMa] [restartedMain] .s.d.r.c.RepositoryConfigurationDelegate : Bootstrapping Spring Data JPA repositories in DEFAULT mode.
2025-04-11T10:58:25.939-03:00  INFO 35540 --- [backGrupo3ViMa] [restartedMain] .s.d.r.c.RepositoryConfigurationDelegate : Finished Spring Data repository scanning in 91 ms. Found 5 JPA repository interfaces.
2025-04-11T10:58:26.669-03:00  INFO 35540 --- [backGrupo3ViMa] [restartedMain] o.s.b.w.embedded.tomcat.TomcatWebServer  : Tomcat initialized with port 4002 (http)
2025-04-11T10:58:26.686-03:00  INFO 35540 --- [backGrupo3ViMa] [restartedMain] o.apache.catalina.core.StandardService   : Starting service [Tomcat]
2025-04-11T10:58:26.687-03:00  INFO 35540 --- [backGrupo3ViMa] [restartedMain] o.apache.catalina.core.StandardEngine    : Starting Servlet engine: [Apache Tomcat/10.1.36]
2025-04-11T10:58:26.769-03:00  INFO 35540 --- [backGrupo3ViMa] [restartedMain] o.a.c.c.C.[Tomcat].[localhost].[/]       : Initializing Spring embedded WebApplicationContext
2025-04-11T10:58:26.770-03:00  INFO 35540 --- [backGrupo3ViMa] [restartedMain] w.s.c.ServletWebServerApplicationContext : Root WebApplicationContext: initialization completed in 2156 ms
2025-04-11T10:58:27.003-03:00  INFO 35540 --- [backGrupo3ViMa] [restartedMain] o.hibernate.jpa.internal.util.LogHelper  : HHH000204: Processing PersistenceUnitInfo [name: default]
2025-04-11T10:58:27.070-03:00  INFO 35540 --- [backGrupo3ViMa] [restartedMain] org.hibernate.Version                    : HHH000412: Hibernate ORM core version 6.6.8.Final
2025-04-11T10:58:27.111-03:00  INFO 35540 --- [backGrupo3ViMa] [restartedMain] o.h.c.internal.RegionFactoryInitiator    : HHH000026: Second-level cache disabled
2025-04-11T10:58:27.424-03:00  INFO 35540 --- [backGrupo3ViMa] [restartedMain] o.s.o.j.p.SpringPersistenceUnitInfo      : No LoadTimeWeaver setup: ignoring JPA class transformer
2025-04-11T10:58:27.459-03:00  INFO 35540 --- [backGrupo3ViMa] [restartedMain] com.zaxxer.hikari.HikariDataSource       : HikariPool-1 - Starting...
2025-04-11T10:58:27.791-03:00  INFO 35540 --- [backGrupo3ViMa] [restartedMain] com.zaxxer.hikari.pool.HikariPool        : HikariPool-1 - Added connection com.mysql.cj.jdbc.ConnectionImpl@443baa0c
2025-04-11T10:58:27.793-03:00  INFO 35540 --- [backGrupo3ViMa] [restartedMain] com.zaxxer.hikari.HikariDataSource       : HikariPool-1 - Start completed.
2025-04-11T10:58:27.906-03:00  INFO 35540 --- [backGrupo3ViMa] [restartedMain] org.hibernate.orm.connections.pooling    : HHH10001005: Database info:
	Database JDBC URL [Connecting through datasource 'HikariDataSource (HikariPool-1)']
	Database driver: undefined/unknown
	Database version: 8.0.41
	Autocommit mode: undefined/unknown
	Isolation level: undefined/unknown
	Minimum pool size: undefined/unknown
	Maximum pool size: undefined/unknown
2025-04-11T10:58:28.196-03:00 ERROR 35540 --- [backGrupo3ViMa] [restartedMain] j.LocalContainerEntityManagerFactoryBean : Failed to initialize JPA EntityManagerFactory: Table [turnos_entity] contains physical column name [id_usuario] referred to by multiple logical column names: [id_usuario], [idUsuario]
2025-04-11T10:58:28.197-03:00  WARN 35540 --- [backGrupo3ViMa] [restartedMain] ConfigServletWebServerApplicationContext : Exception encountered during context initialization - cancelling refresh attempt: org.springframework.beans.factory.BeanCreationException: Error creating bean with name 'entityManagerFactory' defined in class path resource [org/springframework/boot/autoconfigure/orm/jpa/HibernateJpaConfiguration.class]: Table [turnos_entity] contains physical column name [id_usuario] referred to by multiple logical column names: [id_usuario], [idUsuario]
2025-04-11T10:58:28.199-03:00  INFO 35540 --- [backGrupo3ViMa] [restartedMain] com.zaxxer.hikari.HikariDataSource       : HikariPool-1 - Shutdown initiated...
2025-04-11T10:58:28.217-03:00  INFO 35540 --- [backGrupo3ViMa] [restartedMain] com.zaxxer.hikari.HikariDataSource       : HikariPool-1 - Shutdown completed.
2025-04-11T10:58:28.220-03:00  INFO 35540 --- [backGrupo3ViMa] [restartedMain] o.apache.catalina.core.StandardService   : Stopping service [Tomcat]
2025-04-11T10:58:28.234-03:00  INFO 35540 --- [backGrupo3ViMa] [restartedMain] .s.b.a.l.ConditionEvaluationReportLogger : 

Error starting ApplicationContext. To display the condition evaluation report re-run your application with 'debug' enabled.
2025-04-11T10:58:28.260-03:00 ERROR 35540 --- [backGrupo3ViMa] [restartedMain] o.s.boot.SpringApplication               : Application run failed

org.springframework.beans.factory.BeanCreationException: Error creating bean with name 'entityManagerFactory' defined in class path resource [org/springframework/boot/autoconfigure/orm/jpa/HibernateJpaConfiguration.class]: Table [turnos_entity] contains physical column name [id_usuario] referred to by multiple logical column names: [id_usuario], [idUsuario]
	at org.springframework.beans.factory.support.AbstractAutowireCapableBeanFactory.initializeBean(AbstractAutowireCapableBeanFactory.java:1812) ~[spring-beans-6.2.3.jar:6.2.3]
	at org.springframework.beans.factory.support.AbstractAutowireCapableBeanFactory.doCreateBean(AbstractAutowireCapableBeanFactory.java:601) ~[spring-beans-6.2.3.jar:6.2.3]
	at org.springframework.beans.factory.support.AbstractAutowireCapableBeanFactory.createBean(AbstractAutowireCapableBeanFactory.java:523) ~[spring-beans-6.2.3.jar:6.2.3]
	at org.springframework.beans.factory.support.AbstractBeanFactory.lambda$doGetBean$0(AbstractBeanFactory.java:339) ~[spring-beans-6.2.3.jar:6.2.3]
	at org.springframework.beans.factory.support.DefaultSingletonBeanRegistry.getSingleton(DefaultSingletonBeanRegistry.java:346) ~[spring-beans-6.2.3.jar:6.2.3]
	at org.springframework.beans.factory.support.AbstractBeanFactory.doGetBean(AbstractBeanFactory.java:337) ~[spring-beans-6.2.3.jar:6.2.3]
	at org.springframework.beans.factory.support.AbstractBeanFactory.getBean(AbstractBeanFactory.java:207) ~[spring-beans-6.2.3.jar:6.2.3]
	at org.springframework.context.support.AbstractApplicationContext.finishBeanFactoryInitialization(AbstractApplicationContext.java:970) ~[spring-context-6.2.3.jar:6.2.3]
	at org.springframework.context.support.AbstractApplicationContext.refresh(AbstractApplicationContext.java:627) ~[spring-context-6.2.3.jar:6.2.3]
	at org.springframework.boot.web.servlet.context.ServletWebServerApplicationContext.refresh(ServletWebServerApplicationContext.java:146) ~[spring-boot-3.4.3.jar:3.4.3]
	at org.springframework.boot.SpringApplication.refresh(SpringApplication.java:752) ~[spring-boot-3.4.3.jar:3.4.3]
	at org.springframework.boot.SpringApplication.refreshContext(SpringApplication.java:439) ~[spring-boot-3.4.3.jar:3.4.3]
	at org.springframework.boot.SpringApplication.run(SpringApplication.java:318) ~[spring-boot-3.4.3.jar:3.4.3]
	at org.springframework.boot.SpringApplication.run(SpringApplication.java:1361) ~[spring-boot-3.4.3.jar:3.4.3]
	at org.springframework.boot.SpringApplication.run(SpringApplication.java:1350) ~[spring-boot-3.4.3.jar:3.4.3]
	at org.example.backgrupo3vima.BackGrupo3ViMaApplication.main(BackGrupo3ViMaApplication.java:12) ~[classes/:na]
	at java.base/jdk.internal.reflect.DirectMethodHandleAccessor.invoke(DirectMethodHandleAccessor.java:103) ~[na:na]
	at java.base/java.lang.reflect.Method.invoke(Method.java:580) ~[na:na]
	at org.springframework.boot.devtools.restart.RestartLauncher.run(RestartLauncher.java:50) ~[spring-boot-devtools-3.4.3.jar:3.4.3]
Caused by: org.hibernate.DuplicateMappingException: Table [turnos_entity] contains physical column name [id_usuario] referred to by multiple logical column names: [id_usuario], [idUsuario]
	at org.hibernate.boot.internal.InFlightMetadataCollectorImpl$TableColumnNameBinding.bindPhysicalToLogical(InFlightMetadataCollectorImpl.java:1135) ~[hibernate-core-6.6.8.Final.jar:6.6.8.Final]
	at org.hibernate.boot.internal.InFlightMetadataCollectorImpl$TableColumnNameBinding.addBinding(InFlightMetadataCollectorImpl.java:1104) ~[hibernate-core-6.6.8.Final.jar:6.6.8.Final]
	at org.hibernate.boot.internal.InFlightMetadataCollectorImpl.addColumnNameBinding(InFlightMetadataCollectorImpl.java:1174) ~[hibernate-core-6.6.8.Final.jar:6.6.8.Final]
	at org.hibernate.boot.internal.InFlightMetadataCollectorImpl.addColumnNameBinding(InFlightMetadataCollectorImpl.java:1155) ~[hibernate-core-6.6.8.Final.jar:6.6.8.Final]
	at org.hibernate.boot.model.internal.AnnotatedJoinColumn.addColumnBinding(AnnotatedJoinColumn.java:409) ~[hibernate-core-6.6.8.Final.jar:6.6.8.Final]
	at org.hibernate.boot.model.internal.AnnotatedColumn.linkWithValue(AnnotatedColumn.java:445) ~[hibernate-core-6.6.8.Final.jar:6.6.8.Final]
	at org.hibernate.boot.model.internal.TableBinder.matchUpJoinColumnsWithKeyColumns(TableBinder.java:700) ~[hibernate-core-6.6.8.Final.jar:6.6.8.Final]
	at org.hibernate.boot.model.internal.TableBinder.bindPrimaryKeyReference(TableBinder.java:636) ~[hibernate-core-6.6.8.Final.jar:6.6.8.Final]
	at org.hibernate.boot.model.internal.TableBinder.bindExplicitColumns(TableBinder.java:590) ~[hibernate-core-6.6.8.Final.jar:6.6.8.Final]
	at org.hibernate.boot.model.internal.TableBinder.bindForeignKey(TableBinder.java:568) ~[hibernate-core-6.6.8.Final.jar:6.6.8.Final]
	at org.hibernate.boot.model.internal.ToOneFkSecondPass.doSecondPass(ToOneFkSecondPass.java:123) ~[hibernate-core-6.6.8.Final.jar:6.6.8.Final]
	at org.hibernate.boot.internal.InFlightMetadataCollectorImpl.processEndOfQueue(InFlightMetadataCollectorImpl.java:1937) ~[hibernate-core-6.6.8.Final.jar:6.6.8.Final]
	at org.hibernate.boot.internal.InFlightMetadataCollectorImpl.processFkSecondPassesInOrder(InFlightMetadataCollectorImpl.java:1886) ~[hibernate-core-6.6.8.Final.jar:6.6.8.Final]
	at org.hibernate.boot.internal.InFlightMetadataCollectorImpl.processSecondPasses(InFlightMetadataCollectorImpl.java:1794) ~[hibernate-core-6.6.8.Final.jar:6.6.8.Final]
	at org.hibernate.boot.model.process.spi.MetadataBuildingProcess.complete(MetadataBuildingProcess.java:334) ~[hibernate-core-6.6.8.Final.jar:6.6.8.Final]
	at org.hibernate.jpa.boot.internal.EntityManagerFactoryBuilderImpl.metadata(EntityManagerFactoryBuilderImpl.java:1442) ~[hibernate-core-6.6.8.Final.jar:6.6.8.Final]
	at org.hibernate.jpa.boot.internal.EntityManagerFactoryBuilderImpl.build(EntityManagerFactoryBuilderImpl.java:1513) ~[hibernate-core-6.6.8.Final.jar:6.6.8.Final]
	at org.springframework.orm.jpa.vendor.SpringHibernateJpaPersistenceProvider.createContainerEntityManagerFactory(SpringHibernateJpaPersistenceProvider.java:66) ~[spring-orm-6.2.3.jar:6.2.3]
	at org.springframework.orm.jpa.LocalContainerEntityManagerFactoryBean.createNativeEntityManagerFactory(LocalContainerEntityManagerFactoryBean.java:390) ~[spring-orm-6.2.3.jar:6.2.3]
	at org.springframework.orm.jpa.AbstractEntityManagerFactoryBean.buildNativeEntityManagerFactory(AbstractEntityManagerFactoryBean.java:419) ~[spring-orm-6.2.3.jar:6.2.3]
	at org.springframework.orm.jpa.AbstractEntityManagerFactoryBean.afterPropertiesSet(AbstractEntityManagerFactoryBean.java:400) ~[spring-orm-6.2.3.jar:6.2.3]
	at org.springframework.orm.jpa.LocalContainerEntityManagerFactoryBean.afterPropertiesSet(LocalContainerEntityManagerFactoryBean.java:366) ~[spring-orm-6.2.3.jar:6.2.3]
	at org.springframework.beans.factory.support.AbstractAutowireCapableBeanFactory.invokeInitMethods(AbstractAutowireCapableBeanFactory.java:1859) ~[spring-beans-6.2.3.jar:6.2.3]
	at org.springframework.beans.factory.support.AbstractAutowireCapableBeanFactory.initializeBean(AbstractAutowireCapableBeanFactory.java:1808) ~[spring-beans-6.2.3.jar:6.2.3]
	... 18 common frames omitted

2025-04-11T11:00:51.448-03:00  INFO 11236 --- [backGrupo3ViMa] [restartedMain] o.e.b.BackGrupo3ViMaApplication          : Starting BackGrupo3ViMaApplication using Java 22.0.2 with PID 11236 (C:\Users\franc\Documents\GitHub\DesarrolloAPSI\backend\backGrupo4ViMa\target\classes started by franc in C:\Users\franc\Documents\GitHub\DesarrolloAPSI\backend\backGrupo4ViMa)
2025-04-11T11:00:51.452-03:00  INFO 11236 --- [backGrupo3ViMa] [restartedMain] o.e.b.BackGrupo3ViMaApplication          : No active profile set, falling back to 1 default profile: "default"
2025-04-11T11:00:51.530-03:00  INFO 11236 --- [backGrupo3ViMa] [restartedMain] .e.DevToolsPropertyDefaultsPostProcessor : Devtools property defaults active! Set 'spring.devtools.add-properties' to 'false' to disable
2025-04-11T11:00:51.530-03:00  INFO 11236 --- [backGrupo3ViMa] [restartedMain] .e.DevToolsPropertyDefaultsPostProcessor : For additional web related logging consider setting the 'logging.level.web' property to 'DEBUG'
2025-04-11T11:00:52.686-03:00  INFO 11236 --- [backGrupo3ViMa] [restartedMain] .s.d.r.c.RepositoryConfigurationDelegate : Bootstrapping Spring Data JPA repositories in DEFAULT mode.
2025-04-11T11:00:52.770-03:00  INFO 11236 --- [backGrupo3ViMa] [restartedMain] .s.d.r.c.RepositoryConfigurationDelegate : Finished Spring Data repository scanning in 73 ms. Found 5 JPA repository interfaces.
2025-04-11T11:00:53.452-03:00  INFO 11236 --- [backGrupo3ViMa] [restartedMain] o.s.b.w.embedded.tomcat.TomcatWebServer  : Tomcat initialized with port 4002 (http)
2025-04-11T11:00:53.470-03:00  INFO 11236 --- [backGrupo3ViMa] [restartedMain] o.apache.catalina.core.StandardService   : Starting service [Tomcat]
2025-04-11T11:00:53.471-03:00  INFO 11236 --- [backGrupo3ViMa] [restartedMain] o.apache.catalina.core.StandardEngine    : Starting Servlet engine: [Apache Tomcat/10.1.36]
2025-04-11T11:00:53.531-03:00  INFO 11236 --- [backGrupo3ViMa] [restartedMain] o.a.c.c.C.[Tomcat].[localhost].[/]       : Initializing Spring embedded WebApplicationContext
2025-04-11T11:00:53.531-03:00  INFO 11236 --- [backGrupo3ViMa] [restartedMain] w.s.c.ServletWebServerApplicationContext : Root WebApplicationContext: initialization completed in 2000 ms
2025-04-11T11:00:53.741-03:00  INFO 11236 --- [backGrupo3ViMa] [restartedMain] o.hibernate.jpa.internal.util.LogHelper  : HHH000204: Processing PersistenceUnitInfo [name: default]
2025-04-11T11:00:53.814-03:00  INFO 11236 --- [backGrupo3ViMa] [restartedMain] org.hibernate.Version                    : HHH000412: Hibernate ORM core version 6.6.8.Final
2025-04-11T11:00:53.851-03:00  INFO 11236 --- [backGrupo3ViMa] [restartedMain] o.h.c.internal.RegionFactoryInitiator    : HHH000026: Second-level cache disabled
2025-04-11T11:00:54.176-03:00  INFO 11236 --- [backGrupo3ViMa] [restartedMain] o.s.o.j.p.SpringPersistenceUnitInfo      : No LoadTimeWeaver setup: ignoring JPA class transformer
2025-04-11T11:00:54.212-03:00  INFO 11236 --- [backGrupo3ViMa] [restartedMain] com.zaxxer.hikari.HikariDataSource       : HikariPool-1 - Starting...
2025-04-11T11:00:54.550-03:00  INFO 11236 --- [backGrupo3ViMa] [restartedMain] com.zaxxer.hikari.pool.HikariPool        : HikariPool-1 - Added connection com.mysql.cj.jdbc.ConnectionImpl@a362897
2025-04-11T11:00:54.552-03:00  INFO 11236 --- [backGrupo3ViMa] [restartedMain] com.zaxxer.hikari.HikariDataSource       : HikariPool-1 - Start completed.
2025-04-11T11:00:54.641-03:00  INFO 11236 --- [backGrupo3ViMa] [restartedMain] org.hibernate.orm.connections.pooling    : HHH10001005: Database info:
	Database JDBC URL [Connecting through datasource 'HikariDataSource (HikariPool-1)']
	Database driver: undefined/unknown
	Database version: 8.0.41
	Autocommit mode: undefined/unknown
	Isolation level: undefined/unknown
	Minimum pool size: undefined/unknown
	Maximum pool size: undefined/unknown
2025-04-11T11:00:54.976-03:00 ERROR 11236 --- [backGrupo3ViMa] [restartedMain] j.LocalContainerEntityManagerFactoryBean : Failed to initialize JPA EntityManagerFactory: Table [turnos_entity] contains physical column name [id_usuario] referred to by multiple logical column names: [id_usuario], [idUsuario]
2025-04-11T11:00:54.976-03:00  WARN 11236 --- [backGrupo3ViMa] [restartedMain] ConfigServletWebServerApplicationContext : Exception encountered during context initialization - cancelling refresh attempt: org.springframework.beans.factory.BeanCreationException: Error creating bean with name 'entityManagerFactory' defined in class path resource [org/springframework/boot/autoconfigure/orm/jpa/HibernateJpaConfiguration.class]: Table [turnos_entity] contains physical column name [id_usuario] referred to by multiple logical column names: [id_usuario], [idUsuario]
2025-04-11T11:00:54.978-03:00  INFO 11236 --- [backGrupo3ViMa] [restartedMain] com.zaxxer.hikari.HikariDataSource       : HikariPool-1 - Shutdown initiated...
2025-04-11T11:00:54.986-03:00  INFO 11236 --- [backGrupo3ViMa] [restartedMain] com.zaxxer.hikari.HikariDataSource       : HikariPool-1 - Shutdown completed.
2025-04-11T11:00:54.989-03:00  INFO 11236 --- [backGrupo3ViMa] [restartedMain] o.apache.catalina.core.StandardService   : Stopping service [Tomcat]
2025-04-11T11:00:55.003-03:00  INFO 11236 --- [backGrupo3ViMa] [restartedMain] .s.b.a.l.ConditionEvaluationReportLogger : 

Error starting ApplicationContext. To display the condition evaluation report re-run your application with 'debug' enabled.
2025-04-11T11:00:55.025-03:00 ERROR 11236 --- [backGrupo3ViMa] [restartedMain] o.s.boot.SpringApplication               : Application run failed

org.springframework.beans.factory.BeanCreationException: Error creating bean with name 'entityManagerFactory' defined in class path resource [org/springframework/boot/autoconfigure/orm/jpa/HibernateJpaConfiguration.class]: Table [turnos_entity] contains physical column name [id_usuario] referred to by multiple logical column names: [id_usuario], [idUsuario]
	at org.springframework.beans.factory.support.AbstractAutowireCapableBeanFactory.initializeBean(AbstractAutowireCapableBeanFactory.java:1812) ~[spring-beans-6.2.3.jar:6.2.3]
	at org.springframework.beans.factory.support.AbstractAutowireCapableBeanFactory.doCreateBean(AbstractAutowireCapableBeanFactory.java:601) ~[spring-beans-6.2.3.jar:6.2.3]
	at org.springframework.beans.factory.support.AbstractAutowireCapableBeanFactory.createBean(AbstractAutowireCapableBeanFactory.java:523) ~[spring-beans-6.2.3.jar:6.2.3]
	at org.springframework.beans.factory.support.AbstractBeanFactory.lambda$doGetBean$0(AbstractBeanFactory.java:339) ~[spring-beans-6.2.3.jar:6.2.3]
	at org.springframework.beans.factory.support.DefaultSingletonBeanRegistry.getSingleton(DefaultSingletonBeanRegistry.java:346) ~[spring-beans-6.2.3.jar:6.2.3]
	at org.springframework.beans.factory.support.AbstractBeanFactory.doGetBean(AbstractBeanFactory.java:337) ~[spring-beans-6.2.3.jar:6.2.3]
	at org.springframework.beans.factory.support.AbstractBeanFactory.getBean(AbstractBeanFactory.java:207) ~[spring-beans-6.2.3.jar:6.2.3]
	at org.springframework.context.support.AbstractApplicationContext.finishBeanFactoryInitialization(AbstractApplicationContext.java:970) ~[spring-context-6.2.3.jar:6.2.3]
	at org.springframework.context.support.AbstractApplicationContext.refresh(AbstractApplicationContext.java:627) ~[spring-context-6.2.3.jar:6.2.3]
	at org.springframework.boot.web.servlet.context.ServletWebServerApplicationContext.refresh(ServletWebServerApplicationContext.java:146) ~[spring-boot-3.4.3.jar:3.4.3]
	at org.springframework.boot.SpringApplication.refresh(SpringApplication.java:752) ~[spring-boot-3.4.3.jar:3.4.3]
	at org.springframework.boot.SpringApplication.refreshContext(SpringApplication.java:439) ~[spring-boot-3.4.3.jar:3.4.3]
	at org.springframework.boot.SpringApplication.run(SpringApplication.java:318) ~[spring-boot-3.4.3.jar:3.4.3]
	at org.springframework.boot.SpringApplication.run(SpringApplication.java:1361) ~[spring-boot-3.4.3.jar:3.4.3]
	at org.springframework.boot.SpringApplication.run(SpringApplication.java:1350) ~[spring-boot-3.4.3.jar:3.4.3]
	at org.example.backgrupo3vima.BackGrupo3ViMaApplication.main(BackGrupo3ViMaApplication.java:12) ~[classes/:na]
	at java.base/jdk.internal.reflect.DirectMethodHandleAccessor.invoke(DirectMethodHandleAccessor.java:103) ~[na:na]
	at java.base/java.lang.reflect.Method.invoke(Method.java:580) ~[na:na]
	at org.springframework.boot.devtools.restart.RestartLauncher.run(RestartLauncher.java:50) ~[spring-boot-devtools-3.4.3.jar:3.4.3]
Caused by: org.hibernate.DuplicateMappingException: Table [turnos_entity] contains physical column name [id_usuario] referred to by multiple logical column names: [id_usuario], [idUsuario]
	at org.hibernate.boot.internal.InFlightMetadataCollectorImpl$TableColumnNameBinding.bindPhysicalToLogical(InFlightMetadataCollectorImpl.java:1135) ~[hibernate-core-6.6.8.Final.jar:6.6.8.Final]
	at org.hibernate.boot.internal.InFlightMetadataCollectorImpl$TableColumnNameBinding.addBinding(InFlightMetadataCollectorImpl.java:1104) ~[hibernate-core-6.6.8.Final.jar:6.6.8.Final]
	at org.hibernate.boot.internal.InFlightMetadataCollectorImpl.addColumnNameBinding(InFlightMetadataCollectorImpl.java:1174) ~[hibernate-core-6.6.8.Final.jar:6.6.8.Final]
	at org.hibernate.boot.internal.InFlightMetadataCollectorImpl.addColumnNameBinding(InFlightMetadataCollectorImpl.java:1155) ~[hibernate-core-6.6.8.Final.jar:6.6.8.Final]
	at org.hibernate.boot.model.internal.AnnotatedJoinColumn.addColumnBinding(AnnotatedJoinColumn.java:409) ~[hibernate-core-6.6.8.Final.jar:6.6.8.Final]
	at org.hibernate.boot.model.internal.AnnotatedColumn.linkWithValue(AnnotatedColumn.java:445) ~[hibernate-core-6.6.8.Final.jar:6.6.8.Final]
	at org.hibernate.boot.model.internal.TableBinder.matchUpJoinColumnsWithKeyColumns(TableBinder.java:700) ~[hibernate-core-6.6.8.Final.jar:6.6.8.Final]
	at org.hibernate.boot.model.internal.TableBinder.bindPrimaryKeyReference(TableBinder.java:636) ~[hibernate-core-6.6.8.Final.jar:6.6.8.Final]
	at org.hibernate.boot.model.internal.TableBinder.bindExplicitColumns(TableBinder.java:590) ~[hibernate-core-6.6.8.Final.jar:6.6.8.Final]
	at org.hibernate.boot.model.internal.TableBinder.bindForeignKey(TableBinder.java:568) ~[hibernate-core-6.6.8.Final.jar:6.6.8.Final]
	at org.hibernate.boot.model.internal.ToOneFkSecondPass.doSecondPass(ToOneFkSecondPass.java:123) ~[hibernate-core-6.6.8.Final.jar:6.6.8.Final]
	at org.hibernate.boot.internal.InFlightMetadataCollectorImpl.processEndOfQueue(InFlightMetadataCollectorImpl.java:1937) ~[hibernate-core-6.6.8.Final.jar:6.6.8.Final]
	at org.hibernate.boot.internal.InFlightMetadataCollectorImpl.processFkSecondPassesInOrder(InFlightMetadataCollectorImpl.java:1886) ~[hibernate-core-6.6.8.Final.jar:6.6.8.Final]
	at org.hibernate.boot.internal.InFlightMetadataCollectorImpl.processSecondPasses(InFlightMetadataCollectorImpl.java:1794) ~[hibernate-core-6.6.8.Final.jar:6.6.8.Final]
	at org.hibernate.boot.model.process.spi.MetadataBuildingProcess.complete(MetadataBuildingProcess.java:334) ~[hibernate-core-6.6.8.Final.jar:6.6.8.Final]
	at org.hibernate.jpa.boot.internal.EntityManagerFactoryBuilderImpl.metadata(EntityManagerFactoryBuilderImpl.java:1442) ~[hibernate-core-6.6.8.Final.jar:6.6.8.Final]
	at org.hibernate.jpa.boot.internal.EntityManagerFactoryBuilderImpl.build(EntityManagerFactoryBuilderImpl.java:1513) ~[hibernate-core-6.6.8.Final.jar:6.6.8.Final]
	at org.springframework.orm.jpa.vendor.SpringHibernateJpaPersistenceProvider.createContainerEntityManagerFactory(SpringHibernateJpaPersistenceProvider.java:66) ~[spring-orm-6.2.3.jar:6.2.3]
	at org.springframework.orm.jpa.LocalContainerEntityManagerFactoryBean.createNativeEntityManagerFactory(LocalContainerEntityManagerFactoryBean.java:390) ~[spring-orm-6.2.3.jar:6.2.3]
	at org.springframework.orm.jpa.AbstractEntityManagerFactoryBean.buildNativeEntityManagerFactory(AbstractEntityManagerFactoryBean.java:419) ~[spring-orm-6.2.3.jar:6.2.3]
	at org.springframework.orm.jpa.AbstractEntityManagerFactoryBean.afterPropertiesSet(AbstractEntityManagerFactoryBean.java:400) ~[spring-orm-6.2.3.jar:6.2.3]
	at org.springframework.orm.jpa.LocalContainerEntityManagerFactoryBean.afterPropertiesSet(LocalContainerEntityManagerFactoryBean.java:366) ~[spring-orm-6.2.3.jar:6.2.3]
	at org.springframework.beans.factory.support.AbstractAutowireCapableBeanFactory.invokeInitMethods(AbstractAutowireCapableBeanFactory.java:1859) ~[spring-beans-6.2.3.jar:6.2.3]
	at org.springframework.beans.factory.support.AbstractAutowireCapableBeanFactory.initializeBean(AbstractAutowireCapableBeanFactory.java:1808) ~[spring-beans-6.2.3.jar:6.2.3]
	... 18 common frames omitted

2025-04-11T11:06:08.670-03:00  INFO 2952 --- [backGrupo3ViMa] [restartedMain] o.e.b.BackGrupo3ViMaApplication          : Starting BackGrupo3ViMaApplication using Java 22.0.2 with PID 2952 (C:\Users\franc\Documents\GitHub\DesarrolloAPSI\backend\backGrupo4ViMa\target\classes started by franc in C:\Users\franc\Documents\GitHub\DesarrolloAPSI\backend\backGrupo4ViMa)
2025-04-11T11:06:08.673-03:00  INFO 2952 --- [backGrupo3ViMa] [restartedMain] o.e.b.BackGrupo3ViMaApplication          : No active profile set, falling back to 1 default profile: "default"
2025-04-11T11:06:08.745-03:00  INFO 2952 --- [backGrupo3ViMa] [restartedMain] .e.DevToolsPropertyDefaultsPostProcessor : Devtools property defaults active! Set 'spring.devtools.add-properties' to 'false' to disable
2025-04-11T11:06:08.745-03:00  INFO 2952 --- [backGrupo3ViMa] [restartedMain] .e.DevToolsPropertyDefaultsPostProcessor : For additional web related logging consider setting the 'logging.level.web' property to 'DEBUG'
2025-04-11T11:06:09.737-03:00  INFO 2952 --- [backGrupo3ViMa] [restartedMain] .s.d.r.c.RepositoryConfigurationDelegate : Bootstrapping Spring Data JPA repositories in DEFAULT mode.
2025-04-11T11:06:09.826-03:00  INFO 2952 --- [backGrupo3ViMa] [restartedMain] .s.d.r.c.RepositoryConfigurationDelegate : Finished Spring Data repository scanning in 79 ms. Found 5 JPA repository interfaces.
2025-04-11T11:06:10.510-03:00  INFO 2952 --- [backGrupo3ViMa] [restartedMain] o.s.b.w.embedded.tomcat.TomcatWebServer  : Tomcat initialized with port 4002 (http)
2025-04-11T11:06:10.525-03:00  INFO 2952 --- [backGrupo3ViMa] [restartedMain] o.apache.catalina.core.StandardService   : Starting service [Tomcat]
2025-04-11T11:06:10.525-03:00  INFO 2952 --- [backGrupo3ViMa] [restartedMain] o.apache.catalina.core.StandardEngine    : Starting Servlet engine: [Apache Tomcat/10.1.36]
2025-04-11T11:06:10.589-03:00  INFO 2952 --- [backGrupo3ViMa] [restartedMain] o.a.c.c.C.[Tomcat].[localhost].[/]       : Initializing Spring embedded WebApplicationContext
2025-04-11T11:06:10.589-03:00  INFO 2952 --- [backGrupo3ViMa] [restartedMain] w.s.c.ServletWebServerApplicationContext : Root WebApplicationContext: initialization completed in 1844 ms
2025-04-11T11:06:10.772-03:00  INFO 2952 --- [backGrupo3ViMa] [restartedMain] o.hibernate.jpa.internal.util.LogHelper  : HHH000204: Processing PersistenceUnitInfo [name: default]
2025-04-11T11:06:10.826-03:00  INFO 2952 --- [backGrupo3ViMa] [restartedMain] org.hibernate.Version                    : HHH000412: Hibernate ORM core version 6.6.8.Final
2025-04-11T11:06:10.861-03:00  INFO 2952 --- [backGrupo3ViMa] [restartedMain] o.h.c.internal.RegionFactoryInitiator    : HHH000026: Second-level cache disabled
2025-04-11T11:06:11.180-03:00  INFO 2952 --- [backGrupo3ViMa] [restartedMain] o.s.o.j.p.SpringPersistenceUnitInfo      : No LoadTimeWeaver setup: ignoring JPA class transformer
2025-04-11T11:06:11.213-03:00  INFO 2952 --- [backGrupo3ViMa] [restartedMain] com.zaxxer.hikari.HikariDataSource       : HikariPool-1 - Starting...
2025-04-11T11:06:11.561-03:00  INFO 2952 --- [backGrupo3ViMa] [restartedMain] com.zaxxer.hikari.pool.HikariPool        : HikariPool-1 - Added connection com.mysql.cj.jdbc.ConnectionImpl@9804f17
2025-04-11T11:06:11.563-03:00  INFO 2952 --- [backGrupo3ViMa] [restartedMain] com.zaxxer.hikari.HikariDataSource       : HikariPool-1 - Start completed.
2025-04-11T11:06:11.663-03:00  INFO 2952 --- [backGrupo3ViMa] [restartedMain] org.hibernate.orm.connections.pooling    : HHH10001005: Database info:
	Database JDBC URL [Connecting through datasource 'HikariDataSource (HikariPool-1)']
	Database driver: undefined/unknown
	Database version: 8.0.41
	Autocommit mode: undefined/unknown
	Isolation level: undefined/unknown
	Minimum pool size: undefined/unknown
	Maximum pool size: undefined/unknown
2025-04-11T11:06:12.972-03:00  INFO 2952 --- [backGrupo3ViMa] [restartedMain] o.h.e.t.j.p.i.JtaPlatformInitiator       : HHH000489: No JTA platform available (set 'hibernate.transaction.jta.platform' to enable JTA platform integration)
2025-04-11T11:06:13.651-03:00  INFO 2952 --- [backGrupo3ViMa] [restartedMain] j.LocalContainerEntityManagerFactoryBean : Initialized JPA EntityManagerFactory for persistence unit 'default'
2025-04-11T11:06:13.999-03:00  WARN 2952 --- [backGrupo3ViMa] [restartedMain] ConfigServletWebServerApplicationContext : Exception encountered during context initialization - cancelling refresh attempt: org.springframework.beans.factory.UnsatisfiedDependencyException: Error creating bean with name 'tokensController': Unsatisfied dependency expressed through field 'tokensService': Error creating bean with name 'tokensServiceImpl': Unsatisfied dependency expressed through field 'tokensRepository': Error creating bean with name 'tokensRepository' defined in org.example.backgrupo3vima.Repository.tokensRepository defined in @EnableJpaRepositories declared on JpaRepositoriesRegistrar.EnableJpaRepositoriesConfiguration: Could not create query for public abstract java.util.Optional org.example.backgrupo3vima.Repository.tokensRepository.findByUserId(java.lang.Long); Reason: Failed to create query for method public abstract java.util.Optional org.example.backgrupo3vima.Repository.tokensRepository.findByUserId(java.lang.Long); No property 'userId' found for type 'tokensEntity'
2025-04-11T11:06:13.999-03:00  INFO 2952 --- [backGrupo3ViMa] [restartedMain] j.LocalContainerEntityManagerFactoryBean : Closing JPA EntityManagerFactory for persistence unit 'default'
2025-04-11T11:06:14.005-03:00  INFO 2952 --- [backGrupo3ViMa] [restartedMain] com.zaxxer.hikari.HikariDataSource       : HikariPool-1 - Shutdown initiated...
2025-04-11T11:06:14.012-03:00  INFO 2952 --- [backGrupo3ViMa] [restartedMain] com.zaxxer.hikari.HikariDataSource       : HikariPool-1 - Shutdown completed.
2025-04-11T11:06:14.016-03:00  INFO 2952 --- [backGrupo3ViMa] [restartedMain] o.apache.catalina.core.StandardService   : Stopping service [Tomcat]
2025-04-11T11:06:14.030-03:00  INFO 2952 --- [backGrupo3ViMa] [restartedMain] .s.b.a.l.ConditionEvaluationReportLogger : 

Error starting ApplicationContext. To display the condition evaluation report re-run your application with 'debug' enabled.
2025-04-11T11:06:14.053-03:00 ERROR 2952 --- [backGrupo3ViMa] [restartedMain] o.s.boot.SpringApplication               : Application run failed

org.springframework.beans.factory.UnsatisfiedDependencyException: Error creating bean with name 'tokensController': Unsatisfied dependency expressed through field 'tokensService': Error creating bean with name 'tokensServiceImpl': Unsatisfied dependency expressed through field 'tokensRepository': Error creating bean with name 'tokensRepository' defined in org.example.backgrupo3vima.Repository.tokensRepository defined in @EnableJpaRepositories declared on JpaRepositoriesRegistrar.EnableJpaRepositoriesConfiguration: Could not create query for public abstract java.util.Optional org.example.backgrupo3vima.Repository.tokensRepository.findByUserId(java.lang.Long); Reason: Failed to create query for method public abstract java.util.Optional org.example.backgrupo3vima.Repository.tokensRepository.findByUserId(java.lang.Long); No property 'userId' found for type 'tokensEntity'
	at org.springframework.beans.factory.annotation.AutowiredAnnotationBeanPostProcessor$AutowiredFieldElement.resolveFieldValue(AutowiredAnnotationBeanPostProcessor.java:788) ~[spring-beans-6.2.3.jar:6.2.3]
	at org.springframework.beans.factory.annotation.AutowiredAnnotationBeanPostProcessor$AutowiredFieldElement.inject(AutowiredAnnotationBeanPostProcessor.java:768) ~[spring-beans-6.2.3.jar:6.2.3]
	at org.springframework.beans.factory.annotation.InjectionMetadata.inject(InjectionMetadata.java:146) ~[spring-beans-6.2.3.jar:6.2.3]
	at org.springframework.beans.factory.annotation.AutowiredAnnotationBeanPostProcessor.postProcessProperties(AutowiredAnnotationBeanPostProcessor.java:509) ~[spring-beans-6.2.3.jar:6.2.3]
	at org.springframework.beans.factory.support.AbstractAutowireCapableBeanFactory.populateBean(AbstractAutowireCapableBeanFactory.java:1445) ~[spring-beans-6.2.3.jar:6.2.3]
	at org.springframework.beans.factory.support.AbstractAutowireCapableBeanFactory.doCreateBean(AbstractAutowireCapableBeanFactory.java:600) ~[spring-beans-6.2.3.jar:6.2.3]
	at org.springframework.beans.factory.support.AbstractAutowireCapableBeanFactory.createBean(AbstractAutowireCapableBeanFactory.java:523) ~[spring-beans-6.2.3.jar:6.2.3]
	at org.springframework.beans.factory.support.AbstractBeanFactory.lambda$doGetBean$0(AbstractBeanFactory.java:339) ~[spring-beans-6.2.3.jar:6.2.3]
	at org.springframework.beans.factory.support.DefaultSingletonBeanRegistry.getSingleton(DefaultSingletonBeanRegistry.java:346) ~[spring-beans-6.2.3.jar:6.2.3]
	at org.springframework.beans.factory.support.AbstractBeanFactory.doGetBean(AbstractBeanFactory.java:337) ~[spring-beans-6.2.3.jar:6.2.3]
	at org.springframework.beans.factory.support.AbstractBeanFactory.getBean(AbstractBeanFactory.java:202) ~[spring-beans-6.2.3.jar:6.2.3]
	at org.springframework.beans.factory.support.DefaultListableBeanFactory.instantiateSingleton(DefaultListableBeanFactory.java:1155) ~[spring-beans-6.2.3.jar:6.2.3]
	at org.springframework.beans.factory.support.DefaultListableBeanFactory.preInstantiateSingleton(DefaultListableBeanFactory.java:1121) ~[spring-beans-6.2.3.jar:6.2.3]
	at org.springframework.beans.factory.support.DefaultListableBeanFactory.preInstantiateSingletons(DefaultListableBeanFactory.java:1056) ~[spring-beans-6.2.3.jar:6.2.3]
	at org.springframework.context.support.AbstractApplicationContext.finishBeanFactoryInitialization(AbstractApplicationContext.java:987) ~[spring-context-6.2.3.jar:6.2.3]
	at org.springframework.context.support.AbstractApplicationContext.refresh(AbstractApplicationContext.java:627) ~[spring-context-6.2.3.jar:6.2.3]
	at org.springframework.boot.web.servlet.context.ServletWebServerApplicationContext.refresh(ServletWebServerApplicationContext.java:146) ~[spring-boot-3.4.3.jar:3.4.3]
	at org.springframework.boot.SpringApplication.refresh(SpringApplication.java:752) ~[spring-boot-3.4.3.jar:3.4.3]
	at org.springframework.boot.SpringApplication.refreshContext(SpringApplication.java:439) ~[spring-boot-3.4.3.jar:3.4.3]
	at org.springframework.boot.SpringApplication.run(SpringApplication.java:318) ~[spring-boot-3.4.3.jar:3.4.3]
	at org.springframework.boot.SpringApplication.run(SpringApplication.java:1361) ~[spring-boot-3.4.3.jar:3.4.3]
	at org.springframework.boot.SpringApplication.run(SpringApplication.java:1350) ~[spring-boot-3.4.3.jar:3.4.3]
	at org.example.backgrupo3vima.BackGrupo3ViMaApplication.main(BackGrupo3ViMaApplication.java:12) ~[classes/:na]
	at java.base/jdk.internal.reflect.DirectMethodHandleAccessor.invoke(DirectMethodHandleAccessor.java:103) ~[na:na]
	at java.base/java.lang.reflect.Method.invoke(Method.java:580) ~[na:na]
	at org.springframework.boot.devtools.restart.RestartLauncher.run(RestartLauncher.java:50) ~[spring-boot-devtools-3.4.3.jar:3.4.3]
Caused by: org.springframework.beans.factory.UnsatisfiedDependencyException: Error creating bean with name 'tokensServiceImpl': Unsatisfied dependency expressed through field 'tokensRepository': Error creating bean with name 'tokensRepository' defined in org.example.backgrupo3vima.Repository.tokensRepository defined in @EnableJpaRepositories declared on JpaRepositoriesRegistrar.EnableJpaRepositoriesConfiguration: Could not create query for public abstract java.util.Optional org.example.backgrupo3vima.Repository.tokensRepository.findByUserId(java.lang.Long); Reason: Failed to create query for method public abstract java.util.Optional org.example.backgrupo3vima.Repository.tokensRepository.findByUserId(java.lang.Long); No property 'userId' found for type 'tokensEntity'
	at org.springframework.beans.factory.annotation.AutowiredAnnotationBeanPostProcessor$AutowiredFieldElement.resolveFieldValue(AutowiredAnnotationBeanPostProcessor.java:788) ~[spring-beans-6.2.3.jar:6.2.3]
	at org.springframework.beans.factory.annotation.AutowiredAnnotationBeanPostProcessor$AutowiredFieldElement.inject(AutowiredAnnotationBeanPostProcessor.java:768) ~[spring-beans-6.2.3.jar:6.2.3]
	at org.springframework.beans.factory.annotation.InjectionMetadata.inject(InjectionMetadata.java:146) ~[spring-beans-6.2.3.jar:6.2.3]
	at org.springframework.beans.factory.annotation.AutowiredAnnotationBeanPostProcessor.postProcessProperties(AutowiredAnnotationBeanPostProcessor.java:509) ~[spring-beans-6.2.3.jar:6.2.3]
	at org.springframework.beans.factory.support.AbstractAutowireCapableBeanFactory.populateBean(AbstractAutowireCapableBeanFactory.java:1445) ~[spring-beans-6.2.3.jar:6.2.3]
	at org.springframework.beans.factory.support.AbstractAutowireCapableBeanFactory.doCreateBean(AbstractAutowireCapableBeanFactory.java:600) ~[spring-beans-6.2.3.jar:6.2.3]
	at org.springframework.beans.factory.support.AbstractAutowireCapableBeanFactory.createBean(AbstractAutowireCapableBeanFactory.java:523) ~[spring-beans-6.2.3.jar:6.2.3]
	at org.springframework.beans.factory.support.AbstractBeanFactory.lambda$doGetBean$0(AbstractBeanFactory.java:339) ~[spring-beans-6.2.3.jar:6.2.3]
	at org.springframework.beans.factory.support.DefaultSingletonBeanRegistry.getSingleton(DefaultSingletonBeanRegistry.java:346) ~[spring-beans-6.2.3.jar:6.2.3]
	at org.springframework.beans.factory.support.AbstractBeanFactory.doGetBean(AbstractBeanFactory.java:337) ~[spring-beans-6.2.3.jar:6.2.3]
	at org.springframework.beans.factory.support.AbstractBeanFactory.getBean(AbstractBeanFactory.java:202) ~[spring-beans-6.2.3.jar:6.2.3]
	at org.springframework.beans.factory.config.DependencyDescriptor.resolveCandidate(DependencyDescriptor.java:254) ~[spring-beans-6.2.3.jar:6.2.3]
	at org.springframework.beans.factory.support.DefaultListableBeanFactory.doResolveDependency(DefaultListableBeanFactory.java:1664) ~[spring-beans-6.2.3.jar:6.2.3]
	at org.springframework.beans.factory.support.DefaultListableBeanFactory.resolveDependency(DefaultListableBeanFactory.java:1552) ~[spring-beans-6.2.3.jar:6.2.3]
	at org.springframework.beans.factory.annotation.AutowiredAnnotationBeanPostProcessor$AutowiredFieldElement.resolveFieldValue(AutowiredAnnotationBeanPostProcessor.java:785) ~[spring-beans-6.2.3.jar:6.2.3]
	... 25 common frames omitted
Caused by: org.springframework.beans.factory.BeanCreationException: Error creating bean with name 'tokensRepository' defined in org.example.backgrupo3vima.Repository.tokensRepository defined in @EnableJpaRepositories declared on JpaRepositoriesRegistrar.EnableJpaRepositoriesConfiguration: Could not create query for public abstract java.util.Optional org.example.backgrupo3vima.Repository.tokensRepository.findByUserId(java.lang.Long); Reason: Failed to create query for method public abstract java.util.Optional org.example.backgrupo3vima.Repository.tokensRepository.findByUserId(java.lang.Long); No property 'userId' found for type 'tokensEntity'
	at org.springframework.beans.factory.support.AbstractAutowireCapableBeanFactory.initializeBean(AbstractAutowireCapableBeanFactory.java:1812) ~[spring-beans-6.2.3.jar:6.2.3]
	at org.springframework.beans.factory.support.AbstractAutowireCapableBeanFactory.doCreateBean(AbstractAutowireCapableBeanFactory.java:601) ~[spring-beans-6.2.3.jar:6.2.3]
	at org.springframework.beans.factory.support.AbstractAutowireCapableBeanFactory.createBean(AbstractAutowireCapableBeanFactory.java:523) ~[spring-beans-6.2.3.jar:6.2.3]
	at org.springframework.beans.factory.support.AbstractBeanFactory.lambda$doGetBean$0(AbstractBeanFactory.java:339) ~[spring-beans-6.2.3.jar:6.2.3]
	at org.springframework.beans.factory.support.DefaultSingletonBeanRegistry.getSingleton(DefaultSingletonBeanRegistry.java:346) ~[spring-beans-6.2.3.jar:6.2.3]
	at org.springframework.beans.factory.support.AbstractBeanFactory.doGetBean(AbstractBeanFactory.java:337) ~[spring-beans-6.2.3.jar:6.2.3]
	at org.springframework.beans.factory.support.AbstractBeanFactory.getBean(AbstractBeanFactory.java:202) ~[spring-beans-6.2.3.jar:6.2.3]
	at org.springframework.beans.factory.support.DefaultListableBeanFactory.doResolveDependency(DefaultListableBeanFactory.java:1606) ~[spring-beans-6.2.3.jar:6.2.3]
	at org.springframework.beans.factory.support.DefaultListableBeanFactory.resolveDependency(DefaultListableBeanFactory.java:1552) ~[spring-beans-6.2.3.jar:6.2.3]
	at org.springframework.beans.factory.annotation.AutowiredAnnotationBeanPostProcessor$AutowiredFieldElement.resolveFieldValue(AutowiredAnnotationBeanPostProcessor.java:785) ~[spring-beans-6.2.3.jar:6.2.3]
	... 39 common frames omitted
Caused by: org.springframework.data.repository.query.QueryCreationException: Could not create query for public abstract java.util.Optional org.example.backgrupo3vima.Repository.tokensRepository.findByUserId(java.lang.Long); Reason: Failed to create query for method public abstract java.util.Optional org.example.backgrupo3vima.Repository.tokensRepository.findByUserId(java.lang.Long); No property 'userId' found for type 'tokensEntity'
	at org.springframework.data.repository.query.QueryCreationException.create(QueryCreationException.java:101) ~[spring-data-commons-3.4.3.jar:3.4.3]
	at org.springframework.data.repository.core.support.QueryExecutorMethodInterceptor.lookupQuery(QueryExecutorMethodInterceptor.java:120) ~[spring-data-commons-3.4.3.jar:3.4.3]
	at org.springframework.data.repository.core.support.QueryExecutorMethodInterceptor.mapMethodsToQuery(QueryExecutorMethodInterceptor.java:104) ~[spring-data-commons-3.4.3.jar:3.4.3]
	at org.springframework.data.repository.core.support.QueryExecutorMethodInterceptor.lambda$new$0(QueryExecutorMethodInterceptor.java:92) ~[spring-data-commons-3.4.3.jar:3.4.3]
	at java.base/java.util.Optional.map(Optional.java:260) ~[na:na]
	at org.springframework.data.repository.core.support.QueryExecutorMethodInterceptor.<init>(QueryExecutorMethodInterceptor.java:92) ~[spring-data-commons-3.4.3.jar:3.4.3]
	at org.springframework.data.repository.core.support.RepositoryFactorySupport.getRepository(RepositoryFactorySupport.java:440) ~[spring-data-commons-3.4.3.jar:3.4.3]
	at org.springframework.data.repository.core.support.RepositoryFactoryBeanSupport.lambda$afterPropertiesSet$4(RepositoryFactoryBeanSupport.java:350) ~[spring-data-commons-3.4.3.jar:3.4.3]
	at org.springframework.data.util.Lazy.getNullable(Lazy.java:135) ~[spring-data-commons-3.4.3.jar:3.4.3]
	at org.springframework.data.util.Lazy.get(Lazy.java:113) ~[spring-data-commons-3.4.3.jar:3.4.3]
	at org.springframework.data.repository.core.support.RepositoryFactoryBeanSupport.afterPropertiesSet(RepositoryFactoryBeanSupport.java:356) ~[spring-data-commons-3.4.3.jar:3.4.3]
	at org.springframework.data.jpa.repository.support.JpaRepositoryFactoryBean.afterPropertiesSet(JpaRepositoryFactoryBean.java:132) ~[spring-data-jpa-3.4.3.jar:3.4.3]
	at org.springframework.beans.factory.support.AbstractAutowireCapableBeanFactory.invokeInitMethods(AbstractAutowireCapableBeanFactory.java:1859) ~[spring-beans-6.2.3.jar:6.2.3]
	at org.springframework.beans.factory.support.AbstractAutowireCapableBeanFactory.initializeBean(AbstractAutowireCapableBeanFactory.java:1808) ~[spring-beans-6.2.3.jar:6.2.3]
	... 48 common frames omitted
Caused by: java.lang.IllegalArgumentException: Failed to create query for method public abstract java.util.Optional org.example.backgrupo3vima.Repository.tokensRepository.findByUserId(java.lang.Long); No property 'userId' found for type 'tokensEntity'
	at org.springframework.data.jpa.repository.query.PartTreeJpaQuery.<init>(PartTreeJpaQuery.java:107) ~[spring-data-jpa-3.4.3.jar:3.4.3]
	at org.springframework.data.jpa.repository.query.JpaQueryLookupStrategy$CreateQueryLookupStrategy.resolveQuery(JpaQueryLookupStrategy.java:128) ~[spring-data-jpa-3.4.3.jar:3.4.3]
	at org.springframework.data.jpa.repository.query.JpaQueryLookupStrategy$CreateIfNotFoundQueryLookupStrategy.resolveQuery(JpaQueryLookupStrategy.java:262) ~[spring-data-jpa-3.4.3.jar:3.4.3]
	at org.springframework.data.jpa.repository.query.JpaQueryLookupStrategy$AbstractQueryLookupStrategy.resolveQuery(JpaQueryLookupStrategy.java:99) ~[spring-data-jpa-3.4.3.jar:3.4.3]
	at org.springframework.data.repository.core.support.QueryExecutorMethodInterceptor.lookupQuery(QueryExecutorMethodInterceptor.java:116) ~[spring-data-commons-3.4.3.jar:3.4.3]
	... 60 common frames omitted
Caused by: org.springframework.data.mapping.PropertyReferenceException: No property 'userId' found for type 'tokensEntity'
	at org.springframework.data.mapping.PropertyPath.<init>(PropertyPath.java:94) ~[spring-data-commons-3.4.3.jar:3.4.3]
	at org.springframework.data.mapping.PropertyPath.create(PropertyPath.java:455) ~[spring-data-commons-3.4.3.jar:3.4.3]
	at org.springframework.data.mapping.PropertyPath.create(PropertyPath.java:431) ~[spring-data-commons-3.4.3.jar:3.4.3]
	at org.springframework.data.mapping.PropertyPath.lambda$from$0(PropertyPath.java:384) ~[spring-data-commons-3.4.3.jar:3.4.3]
	at java.base/java.util.concurrent.ConcurrentMap.computeIfAbsent(ConcurrentMap.java:330) ~[na:na]
	at org.springframework.data.mapping.PropertyPath.from(PropertyPath.java:366) ~[spring-data-commons-3.4.3.jar:3.4.3]
	at org.springframework.data.mapping.PropertyPath.from(PropertyPath.java:344) ~[spring-data-commons-3.4.3.jar:3.4.3]
	at org.springframework.data.repository.query.parser.Part.<init>(Part.java:81) ~[spring-data-commons-3.4.3.jar:3.4.3]
	at org.springframework.data.repository.query.parser.PartTree$OrPart.lambda$new$0(PartTree.java:259) ~[spring-data-commons-3.4.3.jar:3.4.3]
	at java.base/java.util.stream.ReferencePipeline$3$1.accept(ReferencePipeline.java:212) ~[na:na]
	at java.base/java.util.stream.ReferencePipeline$2$1.accept(ReferencePipeline.java:194) ~[na:na]
	at java.base/java.util.Spliterators$ArraySpliterator.forEachRemaining(Spliterators.java:1024) ~[na:na]
	at java.base/java.util.stream.AbstractPipeline.copyInto(AbstractPipeline.java:556) ~[na:na]
	at java.base/java.util.stream.AbstractPipeline.wrapAndCopyInto(AbstractPipeline.java:546) ~[na:na]
	at java.base/java.util.stream.ReduceOps$ReduceOp.evaluateSequential(ReduceOps.java:921) ~[na:na]
	at java.base/java.util.stream.AbstractPipeline.evaluate(AbstractPipeline.java:265) ~[na:na]
	at java.base/java.util.stream.ReferencePipeline.collect(ReferencePipeline.java:702) ~[na:na]
	at org.springframework.data.repository.query.parser.PartTree$OrPart.<init>(PartTree.java:260) ~[spring-data-commons-3.4.3.jar:3.4.3]
	at org.springframework.data.repository.query.parser.PartTree$Predicate.lambda$new$0(PartTree.java:389) ~[spring-data-commons-3.4.3.jar:3.4.3]
	at java.base/java.util.stream.ReferencePipeline$3$1.accept(ReferencePipeline.java:212) ~[na:na]
	at java.base/java.util.stream.ReferencePipeline$2$1.accept(ReferencePipeline.java:194) ~[na:na]
	at java.base/java.util.Spliterators$ArraySpliterator.forEachRemaining(Spliterators.java:1024) ~[na:na]
	at java.base/java.util.stream.AbstractPipeline.copyInto(AbstractPipeline.java:556) ~[na:na]
	at java.base/java.util.stream.AbstractPipeline.wrapAndCopyInto(AbstractPipeline.java:546) ~[na:na]
	at java.base/java.util.stream.ReduceOps$ReduceOp.evaluateSequential(ReduceOps.java:921) ~[na:na]
	at java.base/java.util.stream.AbstractPipeline.evaluate(AbstractPipeline.java:265) ~[na:na]
	at java.base/java.util.stream.ReferencePipeline.collect(ReferencePipeline.java:702) ~[na:na]
	at org.springframework.data.repository.query.parser.PartTree$Predicate.<init>(PartTree.java:390) ~[spring-data-commons-3.4.3.jar:3.4.3]
	at org.springframework.data.repository.query.parser.PartTree.<init>(PartTree.java:103) ~[spring-data-commons-3.4.3.jar:3.4.3]
	at org.springframework.data.jpa.repository.query.PartTreeJpaQuery.<init>(PartTreeJpaQuery.java:101) ~[spring-data-jpa-3.4.3.jar:3.4.3]
	... 64 common frames omitted

2025-04-11T11:09:20.329-03:00  INFO 32388 --- [backGrupo3ViMa] [restartedMain] o.e.b.BackGrupo3ViMaApplication          : Starting BackGrupo3ViMaApplication using Java 22.0.2 with PID 32388 (C:\Users\franc\Documents\GitHub\DesarrolloAPSI\backend\backGrupo4ViMa\target\classes started by franc in C:\Users\franc\Documents\GitHub\DesarrolloAPSI\backend\backGrupo4ViMa)
2025-04-11T11:09:20.332-03:00  INFO 32388 --- [backGrupo3ViMa] [restartedMain] o.e.b.BackGrupo3ViMaApplication          : No active profile set, falling back to 1 default profile: "default"
2025-04-11T11:09:20.441-03:00  INFO 32388 --- [backGrupo3ViMa] [restartedMain] .e.DevToolsPropertyDefaultsPostProcessor : Devtools property defaults active! Set 'spring.devtools.add-properties' to 'false' to disable
2025-04-11T11:09:20.442-03:00  INFO 32388 --- [backGrupo3ViMa] [restartedMain] .e.DevToolsPropertyDefaultsPostProcessor : For additional web related logging consider setting the 'logging.level.web' property to 'DEBUG'
2025-04-11T11:09:22.374-03:00  INFO 32388 --- [backGrupo3ViMa] [restartedMain] .s.d.r.c.RepositoryConfigurationDelegate : Bootstrapping Spring Data JPA repositories in DEFAULT mode.
2025-04-11T11:09:22.502-03:00  INFO 32388 --- [backGrupo3ViMa] [restartedMain] .s.d.r.c.RepositoryConfigurationDelegate : Finished Spring Data repository scanning in 112 ms. Found 5 JPA repository interfaces.
2025-04-11T11:09:23.600-03:00  INFO 32388 --- [backGrupo3ViMa] [restartedMain] o.s.b.w.embedded.tomcat.TomcatWebServer  : Tomcat initialized with port 4002 (http)
2025-04-11T11:09:23.620-03:00  INFO 32388 --- [backGrupo3ViMa] [restartedMain] o.apache.catalina.core.StandardService   : Starting service [Tomcat]
2025-04-11T11:09:23.621-03:00  INFO 32388 --- [backGrupo3ViMa] [restartedMain] o.apache.catalina.core.StandardEngine    : Starting Servlet engine: [Apache Tomcat/10.1.36]
2025-04-11T11:09:23.682-03:00  INFO 32388 --- [backGrupo3ViMa] [restartedMain] o.a.c.c.C.[Tomcat].[localhost].[/]       : Initializing Spring embedded WebApplicationContext
2025-04-11T11:09:23.683-03:00  INFO 32388 --- [backGrupo3ViMa] [restartedMain] w.s.c.ServletWebServerApplicationContext : Root WebApplicationContext: initialization completed in 3239 ms
2025-04-11T11:09:23.897-03:00  INFO 32388 --- [backGrupo3ViMa] [restartedMain] o.hibernate.jpa.internal.util.LogHelper  : HHH000204: Processing PersistenceUnitInfo [name: default]
2025-04-11T11:09:23.962-03:00  INFO 32388 --- [backGrupo3ViMa] [restartedMain] org.hibernate.Version                    : HHH000412: Hibernate ORM core version 6.6.8.Final
2025-04-11T11:09:23.997-03:00  INFO 32388 --- [backGrupo3ViMa] [restartedMain] o.h.c.internal.RegionFactoryInitiator    : HHH000026: Second-level cache disabled
2025-04-11T11:09:24.390-03:00  INFO 32388 --- [backGrupo3ViMa] [restartedMain] o.s.o.j.p.SpringPersistenceUnitInfo      : No LoadTimeWeaver setup: ignoring JPA class transformer
2025-04-11T11:09:24.432-03:00  INFO 32388 --- [backGrupo3ViMa] [restartedMain] com.zaxxer.hikari.HikariDataSource       : HikariPool-1 - Starting...
2025-04-11T11:09:24.913-03:00  INFO 32388 --- [backGrupo3ViMa] [restartedMain] com.zaxxer.hikari.pool.HikariPool        : HikariPool-1 - Added connection com.mysql.cj.jdbc.ConnectionImpl@33dfde25
2025-04-11T11:09:24.917-03:00  INFO 32388 --- [backGrupo3ViMa] [restartedMain] com.zaxxer.hikari.HikariDataSource       : HikariPool-1 - Start completed.
2025-04-11T11:09:25.117-03:00  INFO 32388 --- [backGrupo3ViMa] [restartedMain] org.hibernate.orm.connections.pooling    : HHH10001005: Database info:
	Database JDBC URL [Connecting through datasource 'HikariDataSource (HikariPool-1)']
	Database driver: undefined/unknown
	Database version: 8.0.41
	Autocommit mode: undefined/unknown
	Isolation level: undefined/unknown
	Minimum pool size: undefined/unknown
	Maximum pool size: undefined/unknown
2025-04-11T11:09:26.428-03:00  INFO 32388 --- [backGrupo3ViMa] [restartedMain] o.h.e.t.j.p.i.JtaPlatformInitiator       : HHH000489: No JTA platform available (set 'hibernate.transaction.jta.platform' to enable JTA platform integration)
2025-04-11T11:09:26.613-03:00  INFO 32388 --- [backGrupo3ViMa] [restartedMain] j.LocalContainerEntityManagerFactoryBean : Initialized JPA EntityManagerFactory for persistence unit 'default'
2025-04-11T11:09:26.920-03:00  WARN 32388 --- [backGrupo3ViMa] [restartedMain] ConfigServletWebServerApplicationContext : Exception encountered during context initialization - cancelling refresh attempt: org.springframework.beans.factory.UnsatisfiedDependencyException: Error creating bean with name 'tokensController': Unsatisfied dependency expressed through field 'tokensService': Error creating bean with name 'tokensServiceImpl': Unsatisfied dependency expressed through field 'tokensRepository': Error creating bean with name 'tokensRepository' defined in org.example.backgrupo3vima.Repository.tokensRepository defined in @EnableJpaRepositories declared on JpaRepositoriesRegistrar.EnableJpaRepositoriesConfiguration: Could not create query for public abstract java.util.Optional org.example.backgrupo3vima.Repository.tokensRepository.findByUserId(java.lang.Long); Reason: Failed to create query for method public abstract java.util.Optional org.example.backgrupo3vima.Repository.tokensRepository.findByUserId(java.lang.Long); No property 'userId' found for type 'tokensEntity'
2025-04-11T11:09:26.921-03:00  INFO 32388 --- [backGrupo3ViMa] [restartedMain] j.LocalContainerEntityManagerFactoryBean : Closing JPA EntityManagerFactory for persistence unit 'default'
2025-04-11T11:09:26.925-03:00  INFO 32388 --- [backGrupo3ViMa] [restartedMain] com.zaxxer.hikari.HikariDataSource       : HikariPool-1 - Shutdown initiated...
2025-04-11T11:09:26.942-03:00  INFO 32388 --- [backGrupo3ViMa] [restartedMain] com.zaxxer.hikari.HikariDataSource       : HikariPool-1 - Shutdown completed.
2025-04-11T11:09:26.949-03:00  INFO 32388 --- [backGrupo3ViMa] [restartedMain] o.apache.catalina.core.StandardService   : Stopping service [Tomcat]
2025-04-11T11:09:26.969-03:00  INFO 32388 --- [backGrupo3ViMa] [restartedMain] .s.b.a.l.ConditionEvaluationReportLogger : 

Error starting ApplicationContext. To display the condition evaluation report re-run your application with 'debug' enabled.
2025-04-11T11:09:26.993-03:00 ERROR 32388 --- [backGrupo3ViMa] [restartedMain] o.s.boot.SpringApplication               : Application run failed

org.springframework.beans.factory.UnsatisfiedDependencyException: Error creating bean with name 'tokensController': Unsatisfied dependency expressed through field 'tokensService': Error creating bean with name 'tokensServiceImpl': Unsatisfied dependency expressed through field 'tokensRepository': Error creating bean with name 'tokensRepository' defined in org.example.backgrupo3vima.Repository.tokensRepository defined in @EnableJpaRepositories declared on JpaRepositoriesRegistrar.EnableJpaRepositoriesConfiguration: Could not create query for public abstract java.util.Optional org.example.backgrupo3vima.Repository.tokensRepository.findByUserId(java.lang.Long); Reason: Failed to create query for method public abstract java.util.Optional org.example.backgrupo3vima.Repository.tokensRepository.findByUserId(java.lang.Long); No property 'userId' found for type 'tokensEntity'
	at org.springframework.beans.factory.annotation.AutowiredAnnotationBeanPostProcessor$AutowiredFieldElement.resolveFieldValue(AutowiredAnnotationBeanPostProcessor.java:788) ~[spring-beans-6.2.3.jar:6.2.3]
	at org.springframework.beans.factory.annotation.AutowiredAnnotationBeanPostProcessor$AutowiredFieldElement.inject(AutowiredAnnotationBeanPostProcessor.java:768) ~[spring-beans-6.2.3.jar:6.2.3]
	at org.springframework.beans.factory.annotation.InjectionMetadata.inject(InjectionMetadata.java:146) ~[spring-beans-6.2.3.jar:6.2.3]
	at org.springframework.beans.factory.annotation.AutowiredAnnotationBeanPostProcessor.postProcessProperties(AutowiredAnnotationBeanPostProcessor.java:509) ~[spring-beans-6.2.3.jar:6.2.3]
	at org.springframework.beans.factory.support.AbstractAutowireCapableBeanFactory.populateBean(AbstractAutowireCapableBeanFactory.java:1445) ~[spring-beans-6.2.3.jar:6.2.3]
	at org.springframework.beans.factory.support.AbstractAutowireCapableBeanFactory.doCreateBean(AbstractAutowireCapableBeanFactory.java:600) ~[spring-beans-6.2.3.jar:6.2.3]
	at org.springframework.beans.factory.support.AbstractAutowireCapableBeanFactory.createBean(AbstractAutowireCapableBeanFactory.java:523) ~[spring-beans-6.2.3.jar:6.2.3]
	at org.springframework.beans.factory.support.AbstractBeanFactory.lambda$doGetBean$0(AbstractBeanFactory.java:339) ~[spring-beans-6.2.3.jar:6.2.3]
	at org.springframework.beans.factory.support.DefaultSingletonBeanRegistry.getSingleton(DefaultSingletonBeanRegistry.java:346) ~[spring-beans-6.2.3.jar:6.2.3]
	at org.springframework.beans.factory.support.AbstractBeanFactory.doGetBean(AbstractBeanFactory.java:337) ~[spring-beans-6.2.3.jar:6.2.3]
	at org.springframework.beans.factory.support.AbstractBeanFactory.getBean(AbstractBeanFactory.java:202) ~[spring-beans-6.2.3.jar:6.2.3]
	at org.springframework.beans.factory.support.DefaultListableBeanFactory.instantiateSingleton(DefaultListableBeanFactory.java:1155) ~[spring-beans-6.2.3.jar:6.2.3]
	at org.springframework.beans.factory.support.DefaultListableBeanFactory.preInstantiateSingleton(DefaultListableBeanFactory.java:1121) ~[spring-beans-6.2.3.jar:6.2.3]
	at org.springframework.beans.factory.support.DefaultListableBeanFactory.preInstantiateSingletons(DefaultListableBeanFactory.java:1056) ~[spring-beans-6.2.3.jar:6.2.3]
	at org.springframework.context.support.AbstractApplicationContext.finishBeanFactoryInitialization(AbstractApplicationContext.java:987) ~[spring-context-6.2.3.jar:6.2.3]
	at org.springframework.context.support.AbstractApplicationContext.refresh(AbstractApplicationContext.java:627) ~[spring-context-6.2.3.jar:6.2.3]
	at org.springframework.boot.web.servlet.context.ServletWebServerApplicationContext.refresh(ServletWebServerApplicationContext.java:146) ~[spring-boot-3.4.3.jar:3.4.3]
	at org.springframework.boot.SpringApplication.refresh(SpringApplication.java:752) ~[spring-boot-3.4.3.jar:3.4.3]
	at org.springframework.boot.SpringApplication.refreshContext(SpringApplication.java:439) ~[spring-boot-3.4.3.jar:3.4.3]
	at org.springframework.boot.SpringApplication.run(SpringApplication.java:318) ~[spring-boot-3.4.3.jar:3.4.3]
	at org.springframework.boot.SpringApplication.run(SpringApplication.java:1361) ~[spring-boot-3.4.3.jar:3.4.3]
	at org.springframework.boot.SpringApplication.run(SpringApplication.java:1350) ~[spring-boot-3.4.3.jar:3.4.3]
	at org.example.backgrupo3vima.BackGrupo3ViMaApplication.main(BackGrupo3ViMaApplication.java:12) ~[classes/:na]
	at java.base/jdk.internal.reflect.DirectMethodHandleAccessor.invoke(DirectMethodHandleAccessor.java:103) ~[na:na]
	at java.base/java.lang.reflect.Method.invoke(Method.java:580) ~[na:na]
	at org.springframework.boot.devtools.restart.RestartLauncher.run(RestartLauncher.java:50) ~[spring-boot-devtools-3.4.3.jar:3.4.3]
Caused by: org.springframework.beans.factory.UnsatisfiedDependencyException: Error creating bean with name 'tokensServiceImpl': Unsatisfied dependency expressed through field 'tokensRepository': Error creating bean with name 'tokensRepository' defined in org.example.backgrupo3vima.Repository.tokensRepository defined in @EnableJpaRepositories declared on JpaRepositoriesRegistrar.EnableJpaRepositoriesConfiguration: Could not create query for public abstract java.util.Optional org.example.backgrupo3vima.Repository.tokensRepository.findByUserId(java.lang.Long); Reason: Failed to create query for method public abstract java.util.Optional org.example.backgrupo3vima.Repository.tokensRepository.findByUserId(java.lang.Long); No property 'userId' found for type 'tokensEntity'
	at org.springframework.beans.factory.annotation.AutowiredAnnotationBeanPostProcessor$AutowiredFieldElement.resolveFieldValue(AutowiredAnnotationBeanPostProcessor.java:788) ~[spring-beans-6.2.3.jar:6.2.3]
	at org.springframework.beans.factory.annotation.AutowiredAnnotationBeanPostProcessor$AutowiredFieldElement.inject(AutowiredAnnotationBeanPostProcessor.java:768) ~[spring-beans-6.2.3.jar:6.2.3]
	at org.springframework.beans.factory.annotation.InjectionMetadata.inject(InjectionMetadata.java:146) ~[spring-beans-6.2.3.jar:6.2.3]
	at org.springframework.beans.factory.annotation.AutowiredAnnotationBeanPostProcessor.postProcessProperties(AutowiredAnnotationBeanPostProcessor.java:509) ~[spring-beans-6.2.3.jar:6.2.3]
	at org.springframework.beans.factory.support.AbstractAutowireCapableBeanFactory.populateBean(AbstractAutowireCapableBeanFactory.java:1445) ~[spring-beans-6.2.3.jar:6.2.3]
	at org.springframework.beans.factory.support.AbstractAutowireCapableBeanFactory.doCreateBean(AbstractAutowireCapableBeanFactory.java:600) ~[spring-beans-6.2.3.jar:6.2.3]
	at org.springframework.beans.factory.support.AbstractAutowireCapableBeanFactory.createBean(AbstractAutowireCapableBeanFactory.java:523) ~[spring-beans-6.2.3.jar:6.2.3]
	at org.springframework.beans.factory.support.AbstractBeanFactory.lambda$doGetBean$0(AbstractBeanFactory.java:339) ~[spring-beans-6.2.3.jar:6.2.3]
	at org.springframework.beans.factory.support.DefaultSingletonBeanRegistry.getSingleton(DefaultSingletonBeanRegistry.java:346) ~[spring-beans-6.2.3.jar:6.2.3]
	at org.springframework.beans.factory.support.AbstractBeanFactory.doGetBean(AbstractBeanFactory.java:337) ~[spring-beans-6.2.3.jar:6.2.3]
	at org.springframework.beans.factory.support.AbstractBeanFactory.getBean(AbstractBeanFactory.java:202) ~[spring-beans-6.2.3.jar:6.2.3]
	at org.springframework.beans.factory.config.DependencyDescriptor.resolveCandidate(DependencyDescriptor.java:254) ~[spring-beans-6.2.3.jar:6.2.3]
	at org.springframework.beans.factory.support.DefaultListableBeanFactory.doResolveDependency(DefaultListableBeanFactory.java:1664) ~[spring-beans-6.2.3.jar:6.2.3]
	at org.springframework.beans.factory.support.DefaultListableBeanFactory.resolveDependency(DefaultListableBeanFactory.java:1552) ~[spring-beans-6.2.3.jar:6.2.3]
	at org.springframework.beans.factory.annotation.AutowiredAnnotationBeanPostProcessor$AutowiredFieldElement.resolveFieldValue(AutowiredAnnotationBeanPostProcessor.java:785) ~[spring-beans-6.2.3.jar:6.2.3]
	... 25 common frames omitted
Caused by: org.springframework.beans.factory.BeanCreationException: Error creating bean with name 'tokensRepository' defined in org.example.backgrupo3vima.Repository.tokensRepository defined in @EnableJpaRepositories declared on JpaRepositoriesRegistrar.EnableJpaRepositoriesConfiguration: Could not create query for public abstract java.util.Optional org.example.backgrupo3vima.Repository.tokensRepository.findByUserId(java.lang.Long); Reason: Failed to create query for method public abstract java.util.Optional org.example.backgrupo3vima.Repository.tokensRepository.findByUserId(java.lang.Long); No property 'userId' found for type 'tokensEntity'
	at org.springframework.beans.factory.support.AbstractAutowireCapableBeanFactory.initializeBean(AbstractAutowireCapableBeanFactory.java:1812) ~[spring-beans-6.2.3.jar:6.2.3]
	at org.springframework.beans.factory.support.AbstractAutowireCapableBeanFactory.doCreateBean(AbstractAutowireCapableBeanFactory.java:601) ~[spring-beans-6.2.3.jar:6.2.3]
	at org.springframework.beans.factory.support.AbstractAutowireCapableBeanFactory.createBean(AbstractAutowireCapableBeanFactory.java:523) ~[spring-beans-6.2.3.jar:6.2.3]
	at org.springframework.beans.factory.support.AbstractBeanFactory.lambda$doGetBean$0(AbstractBeanFactory.java:339) ~[spring-beans-6.2.3.jar:6.2.3]
	at org.springframework.beans.factory.support.DefaultSingletonBeanRegistry.getSingleton(DefaultSingletonBeanRegistry.java:346) ~[spring-beans-6.2.3.jar:6.2.3]
	at org.springframework.beans.factory.support.AbstractBeanFactory.doGetBean(AbstractBeanFactory.java:337) ~[spring-beans-6.2.3.jar:6.2.3]
	at org.springframework.beans.factory.support.AbstractBeanFactory.getBean(AbstractBeanFactory.java:202) ~[spring-beans-6.2.3.jar:6.2.3]
	at org.springframework.beans.factory.support.DefaultListableBeanFactory.doResolveDependency(DefaultListableBeanFactory.java:1606) ~[spring-beans-6.2.3.jar:6.2.3]
	at org.springframework.beans.factory.support.DefaultListableBeanFactory.resolveDependency(DefaultListableBeanFactory.java:1552) ~[spring-beans-6.2.3.jar:6.2.3]
	at org.springframework.beans.factory.annotation.AutowiredAnnotationBeanPostProcessor$AutowiredFieldElement.resolveFieldValue(AutowiredAnnotationBeanPostProcessor.java:785) ~[spring-beans-6.2.3.jar:6.2.3]
	... 39 common frames omitted
Caused by: org.springframework.data.repository.query.QueryCreationException: Could not create query for public abstract java.util.Optional org.example.backgrupo3vima.Repository.tokensRepository.findByUserId(java.lang.Long); Reason: Failed to create query for method public abstract java.util.Optional org.example.backgrupo3vima.Repository.tokensRepository.findByUserId(java.lang.Long); No property 'userId' found for type 'tokensEntity'
	at org.springframework.data.repository.query.QueryCreationException.create(QueryCreationException.java:101) ~[spring-data-commons-3.4.3.jar:3.4.3]
	at org.springframework.data.repository.core.support.QueryExecutorMethodInterceptor.lookupQuery(QueryExecutorMethodInterceptor.java:120) ~[spring-data-commons-3.4.3.jar:3.4.3]
	at org.springframework.data.repository.core.support.QueryExecutorMethodInterceptor.mapMethodsToQuery(QueryExecutorMethodInterceptor.java:104) ~[spring-data-commons-3.4.3.jar:3.4.3]
	at org.springframework.data.repository.core.support.QueryExecutorMethodInterceptor.lambda$new$0(QueryExecutorMethodInterceptor.java:92) ~[spring-data-commons-3.4.3.jar:3.4.3]
	at java.base/java.util.Optional.map(Optional.java:260) ~[na:na]
	at org.springframework.data.repository.core.support.QueryExecutorMethodInterceptor.<init>(QueryExecutorMethodInterceptor.java:92) ~[spring-data-commons-3.4.3.jar:3.4.3]
	at org.springframework.data.repository.core.support.RepositoryFactorySupport.getRepository(RepositoryFactorySupport.java:440) ~[spring-data-commons-3.4.3.jar:3.4.3]
	at org.springframework.data.repository.core.support.RepositoryFactoryBeanSupport.lambda$afterPropertiesSet$4(RepositoryFactoryBeanSupport.java:350) ~[spring-data-commons-3.4.3.jar:3.4.3]
	at org.springframework.data.util.Lazy.getNullable(Lazy.java:135) ~[spring-data-commons-3.4.3.jar:3.4.3]
	at org.springframework.data.util.Lazy.get(Lazy.java:113) ~[spring-data-commons-3.4.3.jar:3.4.3]
	at org.springframework.data.repository.core.support.RepositoryFactoryBeanSupport.afterPropertiesSet(RepositoryFactoryBeanSupport.java:356) ~[spring-data-commons-3.4.3.jar:3.4.3]
	at org.springframework.data.jpa.repository.support.JpaRepositoryFactoryBean.afterPropertiesSet(JpaRepositoryFactoryBean.java:132) ~[spring-data-jpa-3.4.3.jar:3.4.3]
	at org.springframework.beans.factory.support.AbstractAutowireCapableBeanFactory.invokeInitMethods(AbstractAutowireCapableBeanFactory.java:1859) ~[spring-beans-6.2.3.jar:6.2.3]
	at org.springframework.beans.factory.support.AbstractAutowireCapableBeanFactory.initializeBean(AbstractAutowireCapableBeanFactory.java:1808) ~[spring-beans-6.2.3.jar:6.2.3]
	... 48 common frames omitted
Caused by: java.lang.IllegalArgumentException: Failed to create query for method public abstract java.util.Optional org.example.backgrupo3vima.Repository.tokensRepository.findByUserId(java.lang.Long); No property 'userId' found for type 'tokensEntity'
	at org.springframework.data.jpa.repository.query.PartTreeJpaQuery.<init>(PartTreeJpaQuery.java:107) ~[spring-data-jpa-3.4.3.jar:3.4.3]
	at org.springframework.data.jpa.repository.query.JpaQueryLookupStrategy$CreateQueryLookupStrategy.resolveQuery(JpaQueryLookupStrategy.java:128) ~[spring-data-jpa-3.4.3.jar:3.4.3]
	at org.springframework.data.jpa.repository.query.JpaQueryLookupStrategy$CreateIfNotFoundQueryLookupStrategy.resolveQuery(JpaQueryLookupStrategy.java:262) ~[spring-data-jpa-3.4.3.jar:3.4.3]
	at org.springframework.data.jpa.repository.query.JpaQueryLookupStrategy$AbstractQueryLookupStrategy.resolveQuery(JpaQueryLookupStrategy.java:99) ~[spring-data-jpa-3.4.3.jar:3.4.3]
	at org.springframework.data.repository.core.support.QueryExecutorMethodInterceptor.lookupQuery(QueryExecutorMethodInterceptor.java:116) ~[spring-data-commons-3.4.3.jar:3.4.3]
	... 60 common frames omitted
Caused by: org.springframework.data.mapping.PropertyReferenceException: No property 'userId' found for type 'tokensEntity'
	at org.springframework.data.mapping.PropertyPath.<init>(PropertyPath.java:94) ~[spring-data-commons-3.4.3.jar:3.4.3]
	at org.springframework.data.mapping.PropertyPath.create(PropertyPath.java:455) ~[spring-data-commons-3.4.3.jar:3.4.3]
	at org.springframework.data.mapping.PropertyPath.create(PropertyPath.java:431) ~[spring-data-commons-3.4.3.jar:3.4.3]
	at org.springframework.data.mapping.PropertyPath.lambda$from$0(PropertyPath.java:384) ~[spring-data-commons-3.4.3.jar:3.4.3]
	at java.base/java.util.concurrent.ConcurrentMap.computeIfAbsent(ConcurrentMap.java:330) ~[na:na]
	at org.springframework.data.mapping.PropertyPath.from(PropertyPath.java:366) ~[spring-data-commons-3.4.3.jar:3.4.3]
	at org.springframework.data.mapping.PropertyPath.from(PropertyPath.java:344) ~[spring-data-commons-3.4.3.jar:3.4.3]
	at org.springframework.data.repository.query.parser.Part.<init>(Part.java:81) ~[spring-data-commons-3.4.3.jar:3.4.3]
	at org.springframework.data.repository.query.parser.PartTree$OrPart.lambda$new$0(PartTree.java:259) ~[spring-data-commons-3.4.3.jar:3.4.3]
	at java.base/java.util.stream.ReferencePipeline$3$1.accept(ReferencePipeline.java:212) ~[na:na]
	at java.base/java.util.stream.ReferencePipeline$2$1.accept(ReferencePipeline.java:194) ~[na:na]
	at java.base/java.util.Spliterators$ArraySpliterator.forEachRemaining(Spliterators.java:1024) ~[na:na]
	at java.base/java.util.stream.AbstractPipeline.copyInto(AbstractPipeline.java:556) ~[na:na]
	at java.base/java.util.stream.AbstractPipeline.wrapAndCopyInto(AbstractPipeline.java:546) ~[na:na]
	at java.base/java.util.stream.ReduceOps$ReduceOp.evaluateSequential(ReduceOps.java:921) ~[na:na]
	at java.base/java.util.stream.AbstractPipeline.evaluate(AbstractPipeline.java:265) ~[na:na]
	at java.base/java.util.stream.ReferencePipeline.collect(ReferencePipeline.java:702) ~[na:na]
	at org.springframework.data.repository.query.parser.PartTree$OrPart.<init>(PartTree.java:260) ~[spring-data-commons-3.4.3.jar:3.4.3]
	at org.springframework.data.repository.query.parser.PartTree$Predicate.lambda$new$0(PartTree.java:389) ~[spring-data-commons-3.4.3.jar:3.4.3]
	at java.base/java.util.stream.ReferencePipeline$3$1.accept(ReferencePipeline.java:212) ~[na:na]
	at java.base/java.util.stream.ReferencePipeline$2$1.accept(ReferencePipeline.java:194) ~[na:na]
	at java.base/java.util.Spliterators$ArraySpliterator.forEachRemaining(Spliterators.java:1024) ~[na:na]
	at java.base/java.util.stream.AbstractPipeline.copyInto(AbstractPipeline.java:556) ~[na:na]
	at java.base/java.util.stream.AbstractPipeline.wrapAndCopyInto(AbstractPipeline.java:546) ~[na:na]
	at java.base/java.util.stream.ReduceOps$ReduceOp.evaluateSequential(ReduceOps.java:921) ~[na:na]
	at java.base/java.util.stream.AbstractPipeline.evaluate(AbstractPipeline.java:265) ~[na:na]
	at java.base/java.util.stream.ReferencePipeline.collect(ReferencePipeline.java:702) ~[na:na]
	at org.springframework.data.repository.query.parser.PartTree$Predicate.<init>(PartTree.java:390) ~[spring-data-commons-3.4.3.jar:3.4.3]
	at org.springframework.data.repository.query.parser.PartTree.<init>(PartTree.java:103) ~[spring-data-commons-3.4.3.jar:3.4.3]
	at org.springframework.data.jpa.repository.query.PartTreeJpaQuery.<init>(PartTreeJpaQuery.java:101) ~[spring-data-jpa-3.4.3.jar:3.4.3]
	... 64 common frames omitted

2025-04-11T11:11:03.877-03:00  INFO 32640 --- [backGrupo3ViMa] [restartedMain] o.e.b.BackGrupo3ViMaApplication          : Starting BackGrupo3ViMaApplication using Java 22.0.2 with PID 32640 (C:\Users\franc\Documents\GitHub\DesarrolloAPSI\backend\backGrupo4ViMa\target\classes started by franc in C:\Users\franc\Documents\GitHub\DesarrolloAPSI\backend\backGrupo4ViMa)
2025-04-11T11:11:03.880-03:00  INFO 32640 --- [backGrupo3ViMa] [restartedMain] o.e.b.BackGrupo3ViMaApplication          : No active profile set, falling back to 1 default profile: "default"
2025-04-11T11:11:03.961-03:00  INFO 32640 --- [backGrupo3ViMa] [restartedMain] .e.DevToolsPropertyDefaultsPostProcessor : Devtools property defaults active! Set 'spring.devtools.add-properties' to 'false' to disable
2025-04-11T11:11:03.961-03:00  INFO 32640 --- [backGrupo3ViMa] [restartedMain] .e.DevToolsPropertyDefaultsPostProcessor : For additional web related logging consider setting the 'logging.level.web' property to 'DEBUG'
2025-04-11T11:11:05.042-03:00  INFO 32640 --- [backGrupo3ViMa] [restartedMain] .s.d.r.c.RepositoryConfigurationDelegate : Bootstrapping Spring Data JPA repositories in DEFAULT mode.
2025-04-11T11:11:05.130-03:00  INFO 32640 --- [backGrupo3ViMa] [restartedMain] .s.d.r.c.RepositoryConfigurationDelegate : Finished Spring Data repository scanning in 76 ms. Found 5 JPA repository interfaces.
2025-04-11T11:11:05.808-03:00  INFO 32640 --- [backGrupo3ViMa] [restartedMain] o.s.b.w.embedded.tomcat.TomcatWebServer  : Tomcat initialized with port 4002 (http)
2025-04-11T11:11:05.823-03:00  INFO 32640 --- [backGrupo3ViMa] [restartedMain] o.apache.catalina.core.StandardService   : Starting service [Tomcat]
2025-04-11T11:11:05.824-03:00  INFO 32640 --- [backGrupo3ViMa] [restartedMain] o.apache.catalina.core.StandardEngine    : Starting Servlet engine: [Apache Tomcat/10.1.36]
2025-04-11T11:11:05.884-03:00  INFO 32640 --- [backGrupo3ViMa] [restartedMain] o.a.c.c.C.[Tomcat].[localhost].[/]       : Initializing Spring embedded WebApplicationContext
2025-04-11T11:11:05.884-03:00  INFO 32640 --- [backGrupo3ViMa] [restartedMain] w.s.c.ServletWebServerApplicationContext : Root WebApplicationContext: initialization completed in 1922 ms
2025-04-11T11:11:06.082-03:00  INFO 32640 --- [backGrupo3ViMa] [restartedMain] o.hibernate.jpa.internal.util.LogHelper  : HHH000204: Processing PersistenceUnitInfo [name: default]
2025-04-11T11:11:06.139-03:00  INFO 32640 --- [backGrupo3ViMa] [restartedMain] org.hibernate.Version                    : HHH000412: Hibernate ORM core version 6.6.8.Final
2025-04-11T11:11:06.176-03:00  INFO 32640 --- [backGrupo3ViMa] [restartedMain] o.h.c.internal.RegionFactoryInitiator    : HHH000026: Second-level cache disabled
2025-04-11T11:11:06.503-03:00  INFO 32640 --- [backGrupo3ViMa] [restartedMain] o.s.o.j.p.SpringPersistenceUnitInfo      : No LoadTimeWeaver setup: ignoring JPA class transformer
2025-04-11T11:11:06.539-03:00  INFO 32640 --- [backGrupo3ViMa] [restartedMain] com.zaxxer.hikari.HikariDataSource       : HikariPool-1 - Starting...
2025-04-11T11:11:06.879-03:00  INFO 32640 --- [backGrupo3ViMa] [restartedMain] com.zaxxer.hikari.pool.HikariPool        : HikariPool-1 - Added connection com.mysql.cj.jdbc.ConnectionImpl@6ef5421e
2025-04-11T11:11:06.880-03:00  INFO 32640 --- [backGrupo3ViMa] [restartedMain] com.zaxxer.hikari.HikariDataSource       : HikariPool-1 - Start completed.
2025-04-11T11:11:06.972-03:00  INFO 32640 --- [backGrupo3ViMa] [restartedMain] org.hibernate.orm.connections.pooling    : HHH10001005: Database info:
	Database JDBC URL [Connecting through datasource 'HikariDataSource (HikariPool-1)']
	Database driver: undefined/unknown
	Database version: 8.0.41
	Autocommit mode: undefined/unknown
	Isolation level: undefined/unknown
	Minimum pool size: undefined/unknown
	Maximum pool size: undefined/unknown
2025-04-11T11:11:08.117-03:00  INFO 32640 --- [backGrupo3ViMa] [restartedMain] o.h.e.t.j.p.i.JtaPlatformInitiator       : HHH000489: No JTA platform available (set 'hibernate.transaction.jta.platform' to enable JTA platform integration)
2025-04-11T11:11:08.336-03:00  INFO 32640 --- [backGrupo3ViMa] [restartedMain] j.LocalContainerEntityManagerFactoryBean : Initialized JPA EntityManagerFactory for persistence unit 'default'
2025-04-11T11:11:08.628-03:00  WARN 32640 --- [backGrupo3ViMa] [restartedMain] ConfigServletWebServerApplicationContext : Exception encountered during context initialization - cancelling refresh attempt: org.springframework.beans.factory.UnsatisfiedDependencyException: Error creating bean with name 'tokensController': Unsatisfied dependency expressed through field 'tokensService': Error creating bean with name 'tokensServiceImpl': Unsatisfied dependency expressed through field 'tokensRepository': Error creating bean with name 'tokensRepository' defined in org.example.backgrupo3vima.Repository.tokensRepository defined in @EnableJpaRepositories declared on JpaRepositoriesRegistrar.EnableJpaRepositoriesConfiguration: Could not create query for public abstract java.util.Optional org.example.backgrupo3vima.Repository.tokensRepository.findByUserId(java.lang.Long); Reason: Failed to create query for method public abstract java.util.Optional org.example.backgrupo3vima.Repository.tokensRepository.findByUserId(java.lang.Long); No property 'userId' found for type 'tokensEntity'
2025-04-11T11:11:08.629-03:00  INFO 32640 --- [backGrupo3ViMa] [restartedMain] j.LocalContainerEntityManagerFactoryBean : Closing JPA EntityManagerFactory for persistence unit 'default'
2025-04-11T11:11:08.632-03:00  INFO 32640 --- [backGrupo3ViMa] [restartedMain] com.zaxxer.hikari.HikariDataSource       : HikariPool-1 - Shutdown initiated...
2025-04-11T11:11:08.644-03:00  INFO 32640 --- [backGrupo3ViMa] [restartedMain] com.zaxxer.hikari.HikariDataSource       : HikariPool-1 - Shutdown completed.
2025-04-11T11:11:08.648-03:00  INFO 32640 --- [backGrupo3ViMa] [restartedMain] o.apache.catalina.core.StandardService   : Stopping service [Tomcat]
2025-04-11T11:11:08.661-03:00  INFO 32640 --- [backGrupo3ViMa] [restartedMain] .s.b.a.l.ConditionEvaluationReportLogger : 

Error starting ApplicationContext. To display the condition evaluation report re-run your application with 'debug' enabled.
2025-04-11T11:11:08.685-03:00 ERROR 32640 --- [backGrupo3ViMa] [restartedMain] o.s.boot.SpringApplication               : Application run failed

org.springframework.beans.factory.UnsatisfiedDependencyException: Error creating bean with name 'tokensController': Unsatisfied dependency expressed through field 'tokensService': Error creating bean with name 'tokensServiceImpl': Unsatisfied dependency expressed through field 'tokensRepository': Error creating bean with name 'tokensRepository' defined in org.example.backgrupo3vima.Repository.tokensRepository defined in @EnableJpaRepositories declared on JpaRepositoriesRegistrar.EnableJpaRepositoriesConfiguration: Could not create query for public abstract java.util.Optional org.example.backgrupo3vima.Repository.tokensRepository.findByUserId(java.lang.Long); Reason: Failed to create query for method public abstract java.util.Optional org.example.backgrupo3vima.Repository.tokensRepository.findByUserId(java.lang.Long); No property 'userId' found for type 'tokensEntity'
	at org.springframework.beans.factory.annotation.AutowiredAnnotationBeanPostProcessor$AutowiredFieldElement.resolveFieldValue(AutowiredAnnotationBeanPostProcessor.java:788) ~[spring-beans-6.2.3.jar:6.2.3]
	at org.springframework.beans.factory.annotation.AutowiredAnnotationBeanPostProcessor$AutowiredFieldElement.inject(AutowiredAnnotationBeanPostProcessor.java:768) ~[spring-beans-6.2.3.jar:6.2.3]
	at org.springframework.beans.factory.annotation.InjectionMetadata.inject(InjectionMetadata.java:146) ~[spring-beans-6.2.3.jar:6.2.3]
	at org.springframework.beans.factory.annotation.AutowiredAnnotationBeanPostProcessor.postProcessProperties(AutowiredAnnotationBeanPostProcessor.java:509) ~[spring-beans-6.2.3.jar:6.2.3]
	at org.springframework.beans.factory.support.AbstractAutowireCapableBeanFactory.populateBean(AbstractAutowireCapableBeanFactory.java:1445) ~[spring-beans-6.2.3.jar:6.2.3]
	at org.springframework.beans.factory.support.AbstractAutowireCapableBeanFactory.doCreateBean(AbstractAutowireCapableBeanFactory.java:600) ~[spring-beans-6.2.3.jar:6.2.3]
	at org.springframework.beans.factory.support.AbstractAutowireCapableBeanFactory.createBean(AbstractAutowireCapableBeanFactory.java:523) ~[spring-beans-6.2.3.jar:6.2.3]
	at org.springframework.beans.factory.support.AbstractBeanFactory.lambda$doGetBean$0(AbstractBeanFactory.java:339) ~[spring-beans-6.2.3.jar:6.2.3]
	at org.springframework.beans.factory.support.DefaultSingletonBeanRegistry.getSingleton(DefaultSingletonBeanRegistry.java:346) ~[spring-beans-6.2.3.jar:6.2.3]
	at org.springframework.beans.factory.support.AbstractBeanFactory.doGetBean(AbstractBeanFactory.java:337) ~[spring-beans-6.2.3.jar:6.2.3]
	at org.springframework.beans.factory.support.AbstractBeanFactory.getBean(AbstractBeanFactory.java:202) ~[spring-beans-6.2.3.jar:6.2.3]
	at org.springframework.beans.factory.support.DefaultListableBeanFactory.instantiateSingleton(DefaultListableBeanFactory.java:1155) ~[spring-beans-6.2.3.jar:6.2.3]
	at org.springframework.beans.factory.support.DefaultListableBeanFactory.preInstantiateSingleton(DefaultListableBeanFactory.java:1121) ~[spring-beans-6.2.3.jar:6.2.3]
	at org.springframework.beans.factory.support.DefaultListableBeanFactory.preInstantiateSingletons(DefaultListableBeanFactory.java:1056) ~[spring-beans-6.2.3.jar:6.2.3]
	at org.springframework.context.support.AbstractApplicationContext.finishBeanFactoryInitialization(AbstractApplicationContext.java:987) ~[spring-context-6.2.3.jar:6.2.3]
	at org.springframework.context.support.AbstractApplicationContext.refresh(AbstractApplicationContext.java:627) ~[spring-context-6.2.3.jar:6.2.3]
	at org.springframework.boot.web.servlet.context.ServletWebServerApplicationContext.refresh(ServletWebServerApplicationContext.java:146) ~[spring-boot-3.4.3.jar:3.4.3]
	at org.springframework.boot.SpringApplication.refresh(SpringApplication.java:752) ~[spring-boot-3.4.3.jar:3.4.3]
	at org.springframework.boot.SpringApplication.refreshContext(SpringApplication.java:439) ~[spring-boot-3.4.3.jar:3.4.3]
	at org.springframework.boot.SpringApplication.run(SpringApplication.java:318) ~[spring-boot-3.4.3.jar:3.4.3]
	at org.springframework.boot.SpringApplication.run(SpringApplication.java:1361) ~[spring-boot-3.4.3.jar:3.4.3]
	at org.springframework.boot.SpringApplication.run(SpringApplication.java:1350) ~[spring-boot-3.4.3.jar:3.4.3]
	at org.example.backgrupo3vima.BackGrupo3ViMaApplication.main(BackGrupo3ViMaApplication.java:12) ~[classes/:na]
	at java.base/jdk.internal.reflect.DirectMethodHandleAccessor.invoke(DirectMethodHandleAccessor.java:103) ~[na:na]
	at java.base/java.lang.reflect.Method.invoke(Method.java:580) ~[na:na]
	at org.springframework.boot.devtools.restart.RestartLauncher.run(RestartLauncher.java:50) ~[spring-boot-devtools-3.4.3.jar:3.4.3]
Caused by: org.springframework.beans.factory.UnsatisfiedDependencyException: Error creating bean with name 'tokensServiceImpl': Unsatisfied dependency expressed through field 'tokensRepository': Error creating bean with name 'tokensRepository' defined in org.example.backgrupo3vima.Repository.tokensRepository defined in @EnableJpaRepositories declared on JpaRepositoriesRegistrar.EnableJpaRepositoriesConfiguration: Could not create query for public abstract java.util.Optional org.example.backgrupo3vima.Repository.tokensRepository.findByUserId(java.lang.Long); Reason: Failed to create query for method public abstract java.util.Optional org.example.backgrupo3vima.Repository.tokensRepository.findByUserId(java.lang.Long); No property 'userId' found for type 'tokensEntity'
	at org.springframework.beans.factory.annotation.AutowiredAnnotationBeanPostProcessor$AutowiredFieldElement.resolveFieldValue(AutowiredAnnotationBeanPostProcessor.java:788) ~[spring-beans-6.2.3.jar:6.2.3]
	at org.springframework.beans.factory.annotation.AutowiredAnnotationBeanPostProcessor$AutowiredFieldElement.inject(AutowiredAnnotationBeanPostProcessor.java:768) ~[spring-beans-6.2.3.jar:6.2.3]
	at org.springframework.beans.factory.annotation.InjectionMetadata.inject(InjectionMetadata.java:146) ~[spring-beans-6.2.3.jar:6.2.3]
	at org.springframework.beans.factory.annotation.AutowiredAnnotationBeanPostProcessor.postProcessProperties(AutowiredAnnotationBeanPostProcessor.java:509) ~[spring-beans-6.2.3.jar:6.2.3]
	at org.springframework.beans.factory.support.AbstractAutowireCapableBeanFactory.populateBean(AbstractAutowireCapableBeanFactory.java:1445) ~[spring-beans-6.2.3.jar:6.2.3]
	at org.springframework.beans.factory.support.AbstractAutowireCapableBeanFactory.doCreateBean(AbstractAutowireCapableBeanFactory.java:600) ~[spring-beans-6.2.3.jar:6.2.3]
	at org.springframework.beans.factory.support.AbstractAutowireCapableBeanFactory.createBean(AbstractAutowireCapableBeanFactory.java:523) ~[spring-beans-6.2.3.jar:6.2.3]
	at org.springframework.beans.factory.support.AbstractBeanFactory.lambda$doGetBean$0(AbstractBeanFactory.java:339) ~[spring-beans-6.2.3.jar:6.2.3]
	at org.springframework.beans.factory.support.DefaultSingletonBeanRegistry.getSingleton(DefaultSingletonBeanRegistry.java:346) ~[spring-beans-6.2.3.jar:6.2.3]
	at org.springframework.beans.factory.support.AbstractBeanFactory.doGetBean(AbstractBeanFactory.java:337) ~[spring-beans-6.2.3.jar:6.2.3]
	at org.springframework.beans.factory.support.AbstractBeanFactory.getBean(AbstractBeanFactory.java:202) ~[spring-beans-6.2.3.jar:6.2.3]
	at org.springframework.beans.factory.config.DependencyDescriptor.resolveCandidate(DependencyDescriptor.java:254) ~[spring-beans-6.2.3.jar:6.2.3]
	at org.springframework.beans.factory.support.DefaultListableBeanFactory.doResolveDependency(DefaultListableBeanFactory.java:1664) ~[spring-beans-6.2.3.jar:6.2.3]
	at org.springframework.beans.factory.support.DefaultListableBeanFactory.resolveDependency(DefaultListableBeanFactory.java:1552) ~[spring-beans-6.2.3.jar:6.2.3]
	at org.springframework.beans.factory.annotation.AutowiredAnnotationBeanPostProcessor$AutowiredFieldElement.resolveFieldValue(AutowiredAnnotationBeanPostProcessor.java:785) ~[spring-beans-6.2.3.jar:6.2.3]
	... 25 common frames omitted
Caused by: org.springframework.beans.factory.BeanCreationException: Error creating bean with name 'tokensRepository' defined in org.example.backgrupo3vima.Repository.tokensRepository defined in @EnableJpaRepositories declared on JpaRepositoriesRegistrar.EnableJpaRepositoriesConfiguration: Could not create query for public abstract java.util.Optional org.example.backgrupo3vima.Repository.tokensRepository.findByUserId(java.lang.Long); Reason: Failed to create query for method public abstract java.util.Optional org.example.backgrupo3vima.Repository.tokensRepository.findByUserId(java.lang.Long); No property 'userId' found for type 'tokensEntity'
	at org.springframework.beans.factory.support.AbstractAutowireCapableBeanFactory.initializeBean(AbstractAutowireCapableBeanFactory.java:1812) ~[spring-beans-6.2.3.jar:6.2.3]
	at org.springframework.beans.factory.support.AbstractAutowireCapableBeanFactory.doCreateBean(AbstractAutowireCapableBeanFactory.java:601) ~[spring-beans-6.2.3.jar:6.2.3]
	at org.springframework.beans.factory.support.AbstractAutowireCapableBeanFactory.createBean(AbstractAutowireCapableBeanFactory.java:523) ~[spring-beans-6.2.3.jar:6.2.3]
	at org.springframework.beans.factory.support.AbstractBeanFactory.lambda$doGetBean$0(AbstractBeanFactory.java:339) ~[spring-beans-6.2.3.jar:6.2.3]
	at org.springframework.beans.factory.support.DefaultSingletonBeanRegistry.getSingleton(DefaultSingletonBeanRegistry.java:346) ~[spring-beans-6.2.3.jar:6.2.3]
	at org.springframework.beans.factory.support.AbstractBeanFactory.doGetBean(AbstractBeanFactory.java:337) ~[spring-beans-6.2.3.jar:6.2.3]
	at org.springframework.beans.factory.support.AbstractBeanFactory.getBean(AbstractBeanFactory.java:202) ~[spring-beans-6.2.3.jar:6.2.3]
	at org.springframework.beans.factory.support.DefaultListableBeanFactory.doResolveDependency(DefaultListableBeanFactory.java:1606) ~[spring-beans-6.2.3.jar:6.2.3]
	at org.springframework.beans.factory.support.DefaultListableBeanFactory.resolveDependency(DefaultListableBeanFactory.java:1552) ~[spring-beans-6.2.3.jar:6.2.3]
	at org.springframework.beans.factory.annotation.AutowiredAnnotationBeanPostProcessor$AutowiredFieldElement.resolveFieldValue(AutowiredAnnotationBeanPostProcessor.java:785) ~[spring-beans-6.2.3.jar:6.2.3]
	... 39 common frames omitted
Caused by: org.springframework.data.repository.query.QueryCreationException: Could not create query for public abstract java.util.Optional org.example.backgrupo3vima.Repository.tokensRepository.findByUserId(java.lang.Long); Reason: Failed to create query for method public abstract java.util.Optional org.example.backgrupo3vima.Repository.tokensRepository.findByUserId(java.lang.Long); No property 'userId' found for type 'tokensEntity'
	at org.springframework.data.repository.query.QueryCreationException.create(QueryCreationException.java:101) ~[spring-data-commons-3.4.3.jar:3.4.3]
	at org.springframework.data.repository.core.support.QueryExecutorMethodInterceptor.lookupQuery(QueryExecutorMethodInterceptor.java:120) ~[spring-data-commons-3.4.3.jar:3.4.3]
	at org.springframework.data.repository.core.support.QueryExecutorMethodInterceptor.mapMethodsToQuery(QueryExecutorMethodInterceptor.java:104) ~[spring-data-commons-3.4.3.jar:3.4.3]
	at org.springframework.data.repository.core.support.QueryExecutorMethodInterceptor.lambda$new$0(QueryExecutorMethodInterceptor.java:92) ~[spring-data-commons-3.4.3.jar:3.4.3]
	at java.base/java.util.Optional.map(Optional.java:260) ~[na:na]
	at org.springframework.data.repository.core.support.QueryExecutorMethodInterceptor.<init>(QueryExecutorMethodInterceptor.java:92) ~[spring-data-commons-3.4.3.jar:3.4.3]
	at org.springframework.data.repository.core.support.RepositoryFactorySupport.getRepository(RepositoryFactorySupport.java:440) ~[spring-data-commons-3.4.3.jar:3.4.3]
	at org.springframework.data.repository.core.support.RepositoryFactoryBeanSupport.lambda$afterPropertiesSet$4(RepositoryFactoryBeanSupport.java:350) ~[spring-data-commons-3.4.3.jar:3.4.3]
	at org.springframework.data.util.Lazy.getNullable(Lazy.java:135) ~[spring-data-commons-3.4.3.jar:3.4.3]
	at org.springframework.data.util.Lazy.get(Lazy.java:113) ~[spring-data-commons-3.4.3.jar:3.4.3]
	at org.springframework.data.repository.core.support.RepositoryFactoryBeanSupport.afterPropertiesSet(RepositoryFactoryBeanSupport.java:356) ~[spring-data-commons-3.4.3.jar:3.4.3]
	at org.springframework.data.jpa.repository.support.JpaRepositoryFactoryBean.afterPropertiesSet(JpaRepositoryFactoryBean.java:132) ~[spring-data-jpa-3.4.3.jar:3.4.3]
	at org.springframework.beans.factory.support.AbstractAutowireCapableBeanFactory.invokeInitMethods(AbstractAutowireCapableBeanFactory.java:1859) ~[spring-beans-6.2.3.jar:6.2.3]
	at org.springframework.beans.factory.support.AbstractAutowireCapableBeanFactory.initializeBean(AbstractAutowireCapableBeanFactory.java:1808) ~[spring-beans-6.2.3.jar:6.2.3]
	... 48 common frames omitted
Caused by: java.lang.IllegalArgumentException: Failed to create query for method public abstract java.util.Optional org.example.backgrupo3vima.Repository.tokensRepository.findByUserId(java.lang.Long); No property 'userId' found for type 'tokensEntity'
	at org.springframework.data.jpa.repository.query.PartTreeJpaQuery.<init>(PartTreeJpaQuery.java:107) ~[spring-data-jpa-3.4.3.jar:3.4.3]
	at org.springframework.data.jpa.repository.query.JpaQueryLookupStrategy$CreateQueryLookupStrategy.resolveQuery(JpaQueryLookupStrategy.java:128) ~[spring-data-jpa-3.4.3.jar:3.4.3]
	at org.springframework.data.jpa.repository.query.JpaQueryLookupStrategy$CreateIfNotFoundQueryLookupStrategy.resolveQuery(JpaQueryLookupStrategy.java:262) ~[spring-data-jpa-3.4.3.jar:3.4.3]
	at org.springframework.data.jpa.repository.query.JpaQueryLookupStrategy$AbstractQueryLookupStrategy.resolveQuery(JpaQueryLookupStrategy.java:99) ~[spring-data-jpa-3.4.3.jar:3.4.3]
	at org.springframework.data.repository.core.support.QueryExecutorMethodInterceptor.lookupQuery(QueryExecutorMethodInterceptor.java:116) ~[spring-data-commons-3.4.3.jar:3.4.3]
	... 60 common frames omitted
Caused by: org.springframework.data.mapping.PropertyReferenceException: No property 'userId' found for type 'tokensEntity'
	at org.springframework.data.mapping.PropertyPath.<init>(PropertyPath.java:94) ~[spring-data-commons-3.4.3.jar:3.4.3]
	at org.springframework.data.mapping.PropertyPath.create(PropertyPath.java:455) ~[spring-data-commons-3.4.3.jar:3.4.3]
	at org.springframework.data.mapping.PropertyPath.create(PropertyPath.java:431) ~[spring-data-commons-3.4.3.jar:3.4.3]
	at org.springframework.data.mapping.PropertyPath.lambda$from$0(PropertyPath.java:384) ~[spring-data-commons-3.4.3.jar:3.4.3]
	at java.base/java.util.concurrent.ConcurrentMap.computeIfAbsent(ConcurrentMap.java:330) ~[na:na]
	at org.springframework.data.mapping.PropertyPath.from(PropertyPath.java:366) ~[spring-data-commons-3.4.3.jar:3.4.3]
	at org.springframework.data.mapping.PropertyPath.from(PropertyPath.java:344) ~[spring-data-commons-3.4.3.jar:3.4.3]
	at org.springframework.data.repository.query.parser.Part.<init>(Part.java:81) ~[spring-data-commons-3.4.3.jar:3.4.3]
	at org.springframework.data.repository.query.parser.PartTree$OrPart.lambda$new$0(PartTree.java:259) ~[spring-data-commons-3.4.3.jar:3.4.3]
	at java.base/java.util.stream.ReferencePipeline$3$1.accept(ReferencePipeline.java:212) ~[na:na]
	at java.base/java.util.stream.ReferencePipeline$2$1.accept(ReferencePipeline.java:194) ~[na:na]
	at java.base/java.util.Spliterators$ArraySpliterator.forEachRemaining(Spliterators.java:1024) ~[na:na]
	at java.base/java.util.stream.AbstractPipeline.copyInto(AbstractPipeline.java:556) ~[na:na]
	at java.base/java.util.stream.AbstractPipeline.wrapAndCopyInto(AbstractPipeline.java:546) ~[na:na]
	at java.base/java.util.stream.ReduceOps$ReduceOp.evaluateSequential(ReduceOps.java:921) ~[na:na]
	at java.base/java.util.stream.AbstractPipeline.evaluate(AbstractPipeline.java:265) ~[na:na]
	at java.base/java.util.stream.ReferencePipeline.collect(ReferencePipeline.java:702) ~[na:na]
	at org.springframework.data.repository.query.parser.PartTree$OrPart.<init>(PartTree.java:260) ~[spring-data-commons-3.4.3.jar:3.4.3]
	at org.springframework.data.repository.query.parser.PartTree$Predicate.lambda$new$0(PartTree.java:389) ~[spring-data-commons-3.4.3.jar:3.4.3]
	at java.base/java.util.stream.ReferencePipeline$3$1.accept(ReferencePipeline.java:212) ~[na:na]
	at java.base/java.util.stream.ReferencePipeline$2$1.accept(ReferencePipeline.java:194) ~[na:na]
	at java.base/java.util.Spliterators$ArraySpliterator.forEachRemaining(Spliterators.java:1024) ~[na:na]
	at java.base/java.util.stream.AbstractPipeline.copyInto(AbstractPipeline.java:556) ~[na:na]
	at java.base/java.util.stream.AbstractPipeline.wrapAndCopyInto(AbstractPipeline.java:546) ~[na:na]
	at java.base/java.util.stream.ReduceOps$ReduceOp.evaluateSequential(ReduceOps.java:921) ~[na:na]
	at java.base/java.util.stream.AbstractPipeline.evaluate(AbstractPipeline.java:265) ~[na:na]
	at java.base/java.util.stream.ReferencePipeline.collect(ReferencePipeline.java:702) ~[na:na]
	at org.springframework.data.repository.query.parser.PartTree$Predicate.<init>(PartTree.java:390) ~[spring-data-commons-3.4.3.jar:3.4.3]
	at org.springframework.data.repository.query.parser.PartTree.<init>(PartTree.java:103) ~[spring-data-commons-3.4.3.jar:3.4.3]
	at org.springframework.data.jpa.repository.query.PartTreeJpaQuery.<init>(PartTreeJpaQuery.java:101) ~[spring-data-jpa-3.4.3.jar:3.4.3]
	... 64 common frames omitted

2025-04-11T11:12:32.972-03:00  INFO 26848 --- [backGrupo3ViMa] [restartedMain] o.e.b.BackGrupo3ViMaApplication          : Starting BackGrupo3ViMaApplication using Java 22.0.2 with PID 26848 (C:\Users\franc\Documents\GitHub\DesarrolloAPSI\backend\backGrupo4ViMa\target\classes started by franc in C:\Users\franc\Documents\GitHub\DesarrolloAPSI\backend\backGrupo4ViMa)
2025-04-11T11:12:32.977-03:00  INFO 26848 --- [backGrupo3ViMa] [restartedMain] o.e.b.BackGrupo3ViMaApplication          : No active profile set, falling back to 1 default profile: "default"
2025-04-11T11:12:33.061-03:00  INFO 26848 --- [backGrupo3ViMa] [restartedMain] .e.DevToolsPropertyDefaultsPostProcessor : Devtools property defaults active! Set 'spring.devtools.add-properties' to 'false' to disable
2025-04-11T11:12:33.062-03:00  INFO 26848 --- [backGrupo3ViMa] [restartedMain] .e.DevToolsPropertyDefaultsPostProcessor : For additional web related logging consider setting the 'logging.level.web' property to 'DEBUG'
2025-04-11T11:12:34.192-03:00  INFO 26848 --- [backGrupo3ViMa] [restartedMain] .s.d.r.c.RepositoryConfigurationDelegate : Bootstrapping Spring Data JPA repositories in DEFAULT mode.
2025-04-11T11:12:34.385-03:00  INFO 26848 --- [backGrupo3ViMa] [restartedMain] .s.d.r.c.RepositoryConfigurationDelegate : Finished Spring Data repository scanning in 168 ms. Found 5 JPA repository interfaces.
2025-04-11T11:12:35.199-03:00  INFO 26848 --- [backGrupo3ViMa] [restartedMain] o.s.b.w.embedded.tomcat.TomcatWebServer  : Tomcat initialized with port 4002 (http)
2025-04-11T11:12:35.222-03:00  INFO 26848 --- [backGrupo3ViMa] [restartedMain] o.apache.catalina.core.StandardService   : Starting service [Tomcat]
2025-04-11T11:12:35.222-03:00  INFO 26848 --- [backGrupo3ViMa] [restartedMain] o.apache.catalina.core.StandardEngine    : Starting Servlet engine: [Apache Tomcat/10.1.36]
2025-04-11T11:12:35.307-03:00  INFO 26848 --- [backGrupo3ViMa] [restartedMain] o.a.c.c.C.[Tomcat].[localhost].[/]       : Initializing Spring embedded WebApplicationContext
2025-04-11T11:12:35.308-03:00  INFO 26848 --- [backGrupo3ViMa] [restartedMain] w.s.c.ServletWebServerApplicationContext : Root WebApplicationContext: initialization completed in 2243 ms
2025-04-11T11:12:35.509-03:00  INFO 26848 --- [backGrupo3ViMa] [restartedMain] o.hibernate.jpa.internal.util.LogHelper  : HHH000204: Processing PersistenceUnitInfo [name: default]
2025-04-11T11:12:35.566-03:00  INFO 26848 --- [backGrupo3ViMa] [restartedMain] org.hibernate.Version                    : HHH000412: Hibernate ORM core version 6.6.8.Final
2025-04-11T11:12:35.605-03:00  INFO 26848 --- [backGrupo3ViMa] [restartedMain] o.h.c.internal.RegionFactoryInitiator    : HHH000026: Second-level cache disabled
2025-04-11T11:12:35.995-03:00  INFO 26848 --- [backGrupo3ViMa] [restartedMain] o.s.o.j.p.SpringPersistenceUnitInfo      : No LoadTimeWeaver setup: ignoring JPA class transformer
2025-04-11T11:12:36.042-03:00  INFO 26848 --- [backGrupo3ViMa] [restartedMain] com.zaxxer.hikari.HikariDataSource       : HikariPool-1 - Starting...
2025-04-11T11:12:36.487-03:00  INFO 26848 --- [backGrupo3ViMa] [restartedMain] com.zaxxer.hikari.pool.HikariPool        : HikariPool-1 - Added connection com.mysql.cj.jdbc.ConnectionImpl@a724754
2025-04-11T11:12:36.489-03:00  INFO 26848 --- [backGrupo3ViMa] [restartedMain] com.zaxxer.hikari.HikariDataSource       : HikariPool-1 - Start completed.
2025-04-11T11:12:36.579-03:00  INFO 26848 --- [backGrupo3ViMa] [restartedMain] org.hibernate.orm.connections.pooling    : HHH10001005: Database info:
	Database JDBC URL [Connecting through datasource 'HikariDataSource (HikariPool-1)']
	Database driver: undefined/unknown
	Database version: 8.0.41
	Autocommit mode: undefined/unknown
	Isolation level: undefined/unknown
	Minimum pool size: undefined/unknown
	Maximum pool size: undefined/unknown
2025-04-11T11:12:37.679-03:00  INFO 26848 --- [backGrupo3ViMa] [restartedMain] o.h.e.t.j.p.i.JtaPlatformInitiator       : HHH000489: No JTA platform available (set 'hibernate.transaction.jta.platform' to enable JTA platform integration)
2025-04-11T11:12:37.779-03:00  INFO 26848 --- [backGrupo3ViMa] [restartedMain] j.LocalContainerEntityManagerFactoryBean : Initialized JPA EntityManagerFactory for persistence unit 'default'
2025-04-11T11:12:38.161-03:00  WARN 26848 --- [backGrupo3ViMa] [restartedMain] ConfigServletWebServerApplicationContext : Exception encountered during context initialization - cancelling refresh attempt: org.springframework.beans.factory.UnsatisfiedDependencyException: Error creating bean with name 'tokensController': Unsatisfied dependency expressed through field 'tokensService': Error creating bean with name 'tokensServiceImpl': Unsatisfied dependency expressed through field 'tokensRepository': Error creating bean with name 'tokensRepository' defined in org.example.backgrupo3vima.Repository.tokensRepository defined in @EnableJpaRepositories declared on JpaRepositoriesRegistrar.EnableJpaRepositoriesConfiguration: Could not create query for public abstract java.util.Optional org.example.backgrupo3vima.Repository.tokensRepository.findByUserId(java.lang.Long); Reason: Failed to create query for method public abstract java.util.Optional org.example.backgrupo3vima.Repository.tokensRepository.findByUserId(java.lang.Long); No property 'userId' found for type 'tokensEntity'
2025-04-11T11:12:38.162-03:00  INFO 26848 --- [backGrupo3ViMa] [restartedMain] j.LocalContainerEntityManagerFactoryBean : Closing JPA EntityManagerFactory for persistence unit 'default'
2025-04-11T11:12:38.166-03:00  INFO 26848 --- [backGrupo3ViMa] [restartedMain] com.zaxxer.hikari.HikariDataSource       : HikariPool-1 - Shutdown initiated...
2025-04-11T11:12:38.178-03:00  INFO 26848 --- [backGrupo3ViMa] [restartedMain] com.zaxxer.hikari.HikariDataSource       : HikariPool-1 - Shutdown completed.
2025-04-11T11:12:38.181-03:00  INFO 26848 --- [backGrupo3ViMa] [restartedMain] o.apache.catalina.core.StandardService   : Stopping service [Tomcat]
2025-04-11T11:12:38.194-03:00  INFO 26848 --- [backGrupo3ViMa] [restartedMain] .s.b.a.l.ConditionEvaluationReportLogger : 

Error starting ApplicationContext. To display the condition evaluation report re-run your application with 'debug' enabled.
2025-04-11T11:12:38.216-03:00 ERROR 26848 --- [backGrupo3ViMa] [restartedMain] o.s.boot.SpringApplication               : Application run failed

org.springframework.beans.factory.UnsatisfiedDependencyException: Error creating bean with name 'tokensController': Unsatisfied dependency expressed through field 'tokensService': Error creating bean with name 'tokensServiceImpl': Unsatisfied dependency expressed through field 'tokensRepository': Error creating bean with name 'tokensRepository' defined in org.example.backgrupo3vima.Repository.tokensRepository defined in @EnableJpaRepositories declared on JpaRepositoriesRegistrar.EnableJpaRepositoriesConfiguration: Could not create query for public abstract java.util.Optional org.example.backgrupo3vima.Repository.tokensRepository.findByUserId(java.lang.Long); Reason: Failed to create query for method public abstract java.util.Optional org.example.backgrupo3vima.Repository.tokensRepository.findByUserId(java.lang.Long); No property 'userId' found for type 'tokensEntity'
	at org.springframework.beans.factory.annotation.AutowiredAnnotationBeanPostProcessor$AutowiredFieldElement.resolveFieldValue(AutowiredAnnotationBeanPostProcessor.java:788) ~[spring-beans-6.2.3.jar:6.2.3]
	at org.springframework.beans.factory.annotation.AutowiredAnnotationBeanPostProcessor$AutowiredFieldElement.inject(AutowiredAnnotationBeanPostProcessor.java:768) ~[spring-beans-6.2.3.jar:6.2.3]
	at org.springframework.beans.factory.annotation.InjectionMetadata.inject(InjectionMetadata.java:146) ~[spring-beans-6.2.3.jar:6.2.3]
	at org.springframework.beans.factory.annotation.AutowiredAnnotationBeanPostProcessor.postProcessProperties(AutowiredAnnotationBeanPostProcessor.java:509) ~[spring-beans-6.2.3.jar:6.2.3]
	at org.springframework.beans.factory.support.AbstractAutowireCapableBeanFactory.populateBean(AbstractAutowireCapableBeanFactory.java:1445) ~[spring-beans-6.2.3.jar:6.2.3]
	at org.springframework.beans.factory.support.AbstractAutowireCapableBeanFactory.doCreateBean(AbstractAutowireCapableBeanFactory.java:600) ~[spring-beans-6.2.3.jar:6.2.3]
	at org.springframework.beans.factory.support.AbstractAutowireCapableBeanFactory.createBean(AbstractAutowireCapableBeanFactory.java:523) ~[spring-beans-6.2.3.jar:6.2.3]
	at org.springframework.beans.factory.support.AbstractBeanFactory.lambda$doGetBean$0(AbstractBeanFactory.java:339) ~[spring-beans-6.2.3.jar:6.2.3]
	at org.springframework.beans.factory.support.DefaultSingletonBeanRegistry.getSingleton(DefaultSingletonBeanRegistry.java:346) ~[spring-beans-6.2.3.jar:6.2.3]
	at org.springframework.beans.factory.support.AbstractBeanFactory.doGetBean(AbstractBeanFactory.java:337) ~[spring-beans-6.2.3.jar:6.2.3]
	at org.springframework.beans.factory.support.AbstractBeanFactory.getBean(AbstractBeanFactory.java:202) ~[spring-beans-6.2.3.jar:6.2.3]
	at org.springframework.beans.factory.support.DefaultListableBeanFactory.instantiateSingleton(DefaultListableBeanFactory.java:1155) ~[spring-beans-6.2.3.jar:6.2.3]
	at org.springframework.beans.factory.support.DefaultListableBeanFactory.preInstantiateSingleton(DefaultListableBeanFactory.java:1121) ~[spring-beans-6.2.3.jar:6.2.3]
	at org.springframework.beans.factory.support.DefaultListableBeanFactory.preInstantiateSingletons(DefaultListableBeanFactory.java:1056) ~[spring-beans-6.2.3.jar:6.2.3]
	at org.springframework.context.support.AbstractApplicationContext.finishBeanFactoryInitialization(AbstractApplicationContext.java:987) ~[spring-context-6.2.3.jar:6.2.3]
	at org.springframework.context.support.AbstractApplicationContext.refresh(AbstractApplicationContext.java:627) ~[spring-context-6.2.3.jar:6.2.3]
	at org.springframework.boot.web.servlet.context.ServletWebServerApplicationContext.refresh(ServletWebServerApplicationContext.java:146) ~[spring-boot-3.4.3.jar:3.4.3]
	at org.springframework.boot.SpringApplication.refresh(SpringApplication.java:752) ~[spring-boot-3.4.3.jar:3.4.3]
	at org.springframework.boot.SpringApplication.refreshContext(SpringApplication.java:439) ~[spring-boot-3.4.3.jar:3.4.3]
	at org.springframework.boot.SpringApplication.run(SpringApplication.java:318) ~[spring-boot-3.4.3.jar:3.4.3]
	at org.springframework.boot.SpringApplication.run(SpringApplication.java:1361) ~[spring-boot-3.4.3.jar:3.4.3]
	at org.springframework.boot.SpringApplication.run(SpringApplication.java:1350) ~[spring-boot-3.4.3.jar:3.4.3]
	at org.example.backgrupo3vima.BackGrupo3ViMaApplication.main(BackGrupo3ViMaApplication.java:12) ~[classes/:na]
	at java.base/jdk.internal.reflect.DirectMethodHandleAccessor.invoke(DirectMethodHandleAccessor.java:103) ~[na:na]
	at java.base/java.lang.reflect.Method.invoke(Method.java:580) ~[na:na]
	at org.springframework.boot.devtools.restart.RestartLauncher.run(RestartLauncher.java:50) ~[spring-boot-devtools-3.4.3.jar:3.4.3]
Caused by: org.springframework.beans.factory.UnsatisfiedDependencyException: Error creating bean with name 'tokensServiceImpl': Unsatisfied dependency expressed through field 'tokensRepository': Error creating bean with name 'tokensRepository' defined in org.example.backgrupo3vima.Repository.tokensRepository defined in @EnableJpaRepositories declared on JpaRepositoriesRegistrar.EnableJpaRepositoriesConfiguration: Could not create query for public abstract java.util.Optional org.example.backgrupo3vima.Repository.tokensRepository.findByUserId(java.lang.Long); Reason: Failed to create query for method public abstract java.util.Optional org.example.backgrupo3vima.Repository.tokensRepository.findByUserId(java.lang.Long); No property 'userId' found for type 'tokensEntity'
	at org.springframework.beans.factory.annotation.AutowiredAnnotationBeanPostProcessor$AutowiredFieldElement.resolveFieldValue(AutowiredAnnotationBeanPostProcessor.java:788) ~[spring-beans-6.2.3.jar:6.2.3]
	at org.springframework.beans.factory.annotation.AutowiredAnnotationBeanPostProcessor$AutowiredFieldElement.inject(AutowiredAnnotationBeanPostProcessor.java:768) ~[spring-beans-6.2.3.jar:6.2.3]
	at org.springframework.beans.factory.annotation.InjectionMetadata.inject(InjectionMetadata.java:146) ~[spring-beans-6.2.3.jar:6.2.3]
	at org.springframework.beans.factory.annotation.AutowiredAnnotationBeanPostProcessor.postProcessProperties(AutowiredAnnotationBeanPostProcessor.java:509) ~[spring-beans-6.2.3.jar:6.2.3]
	at org.springframework.beans.factory.support.AbstractAutowireCapableBeanFactory.populateBean(AbstractAutowireCapableBeanFactory.java:1445) ~[spring-beans-6.2.3.jar:6.2.3]
	at org.springframework.beans.factory.support.AbstractAutowireCapableBeanFactory.doCreateBean(AbstractAutowireCapableBeanFactory.java:600) ~[spring-beans-6.2.3.jar:6.2.3]
	at org.springframework.beans.factory.support.AbstractAutowireCapableBeanFactory.createBean(AbstractAutowireCapableBeanFactory.java:523) ~[spring-beans-6.2.3.jar:6.2.3]
	at org.springframework.beans.factory.support.AbstractBeanFactory.lambda$doGetBean$0(AbstractBeanFactory.java:339) ~[spring-beans-6.2.3.jar:6.2.3]
	at org.springframework.beans.factory.support.DefaultSingletonBeanRegistry.getSingleton(DefaultSingletonBeanRegistry.java:346) ~[spring-beans-6.2.3.jar:6.2.3]
	at org.springframework.beans.factory.support.AbstractBeanFactory.doGetBean(AbstractBeanFactory.java:337) ~[spring-beans-6.2.3.jar:6.2.3]
	at org.springframework.beans.factory.support.AbstractBeanFactory.getBean(AbstractBeanFactory.java:202) ~[spring-beans-6.2.3.jar:6.2.3]
	at org.springframework.beans.factory.config.DependencyDescriptor.resolveCandidate(DependencyDescriptor.java:254) ~[spring-beans-6.2.3.jar:6.2.3]
	at org.springframework.beans.factory.support.DefaultListableBeanFactory.doResolveDependency(DefaultListableBeanFactory.java:1664) ~[spring-beans-6.2.3.jar:6.2.3]
	at org.springframework.beans.factory.support.DefaultListableBeanFactory.resolveDependency(DefaultListableBeanFactory.java:1552) ~[spring-beans-6.2.3.jar:6.2.3]
	at org.springframework.beans.factory.annotation.AutowiredAnnotationBeanPostProcessor$AutowiredFieldElement.resolveFieldValue(AutowiredAnnotationBeanPostProcessor.java:785) ~[spring-beans-6.2.3.jar:6.2.3]
	... 25 common frames omitted
Caused by: org.springframework.beans.factory.BeanCreationException: Error creating bean with name 'tokensRepository' defined in org.example.backgrupo3vima.Repository.tokensRepository defined in @EnableJpaRepositories declared on JpaRepositoriesRegistrar.EnableJpaRepositoriesConfiguration: Could not create query for public abstract java.util.Optional org.example.backgrupo3vima.Repository.tokensRepository.findByUserId(java.lang.Long); Reason: Failed to create query for method public abstract java.util.Optional org.example.backgrupo3vima.Repository.tokensRepository.findByUserId(java.lang.Long); No property 'userId' found for type 'tokensEntity'
	at org.springframework.beans.factory.support.AbstractAutowireCapableBeanFactory.initializeBean(AbstractAutowireCapableBeanFactory.java:1812) ~[spring-beans-6.2.3.jar:6.2.3]
	at org.springframework.beans.factory.support.AbstractAutowireCapableBeanFactory.doCreateBean(AbstractAutowireCapableBeanFactory.java:601) ~[spring-beans-6.2.3.jar:6.2.3]
	at org.springframework.beans.factory.support.AbstractAutowireCapableBeanFactory.createBean(AbstractAutowireCapableBeanFactory.java:523) ~[spring-beans-6.2.3.jar:6.2.3]
	at org.springframework.beans.factory.support.AbstractBeanFactory.lambda$doGetBean$0(AbstractBeanFactory.java:339) ~[spring-beans-6.2.3.jar:6.2.3]
	at org.springframework.beans.factory.support.DefaultSingletonBeanRegistry.getSingleton(DefaultSingletonBeanRegistry.java:346) ~[spring-beans-6.2.3.jar:6.2.3]
	at org.springframework.beans.factory.support.AbstractBeanFactory.doGetBean(AbstractBeanFactory.java:337) ~[spring-beans-6.2.3.jar:6.2.3]
	at org.springframework.beans.factory.support.AbstractBeanFactory.getBean(AbstractBeanFactory.java:202) ~[spring-beans-6.2.3.jar:6.2.3]
	at org.springframework.beans.factory.support.DefaultListableBeanFactory.doResolveDependency(DefaultListableBeanFactory.java:1606) ~[spring-beans-6.2.3.jar:6.2.3]
	at org.springframework.beans.factory.support.DefaultListableBeanFactory.resolveDependency(DefaultListableBeanFactory.java:1552) ~[spring-beans-6.2.3.jar:6.2.3]
	at org.springframework.beans.factory.annotation.AutowiredAnnotationBeanPostProcessor$AutowiredFieldElement.resolveFieldValue(AutowiredAnnotationBeanPostProcessor.java:785) ~[spring-beans-6.2.3.jar:6.2.3]
	... 39 common frames omitted
Caused by: org.springframework.data.repository.query.QueryCreationException: Could not create query for public abstract java.util.Optional org.example.backgrupo3vima.Repository.tokensRepository.findByUserId(java.lang.Long); Reason: Failed to create query for method public abstract java.util.Optional org.example.backgrupo3vima.Repository.tokensRepository.findByUserId(java.lang.Long); No property 'userId' found for type 'tokensEntity'
	at org.springframework.data.repository.query.QueryCreationException.create(QueryCreationException.java:101) ~[spring-data-commons-3.4.3.jar:3.4.3]
	at org.springframework.data.repository.core.support.QueryExecutorMethodInterceptor.lookupQuery(QueryExecutorMethodInterceptor.java:120) ~[spring-data-commons-3.4.3.jar:3.4.3]
	at org.springframework.data.repository.core.support.QueryExecutorMethodInterceptor.mapMethodsToQuery(QueryExecutorMethodInterceptor.java:104) ~[spring-data-commons-3.4.3.jar:3.4.3]
	at org.springframework.data.repository.core.support.QueryExecutorMethodInterceptor.lambda$new$0(QueryExecutorMethodInterceptor.java:92) ~[spring-data-commons-3.4.3.jar:3.4.3]
	at java.base/java.util.Optional.map(Optional.java:260) ~[na:na]
	at org.springframework.data.repository.core.support.QueryExecutorMethodInterceptor.<init>(QueryExecutorMethodInterceptor.java:92) ~[spring-data-commons-3.4.3.jar:3.4.3]
	at org.springframework.data.repository.core.support.RepositoryFactorySupport.getRepository(RepositoryFactorySupport.java:440) ~[spring-data-commons-3.4.3.jar:3.4.3]
	at org.springframework.data.repository.core.support.RepositoryFactoryBeanSupport.lambda$afterPropertiesSet$4(RepositoryFactoryBeanSupport.java:350) ~[spring-data-commons-3.4.3.jar:3.4.3]
	at org.springframework.data.util.Lazy.getNullable(Lazy.java:135) ~[spring-data-commons-3.4.3.jar:3.4.3]
	at org.springframework.data.util.Lazy.get(Lazy.java:113) ~[spring-data-commons-3.4.3.jar:3.4.3]
	at org.springframework.data.repository.core.support.RepositoryFactoryBeanSupport.afterPropertiesSet(RepositoryFactoryBeanSupport.java:356) ~[spring-data-commons-3.4.3.jar:3.4.3]
	at org.springframework.data.jpa.repository.support.JpaRepositoryFactoryBean.afterPropertiesSet(JpaRepositoryFactoryBean.java:132) ~[spring-data-jpa-3.4.3.jar:3.4.3]
	at org.springframework.beans.factory.support.AbstractAutowireCapableBeanFactory.invokeInitMethods(AbstractAutowireCapableBeanFactory.java:1859) ~[spring-beans-6.2.3.jar:6.2.3]
	at org.springframework.beans.factory.support.AbstractAutowireCapableBeanFactory.initializeBean(AbstractAutowireCapableBeanFactory.java:1808) ~[spring-beans-6.2.3.jar:6.2.3]
	... 48 common frames omitted
Caused by: java.lang.IllegalArgumentException: Failed to create query for method public abstract java.util.Optional org.example.backgrupo3vima.Repository.tokensRepository.findByUserId(java.lang.Long); No property 'userId' found for type 'tokensEntity'
	at org.springframework.data.jpa.repository.query.PartTreeJpaQuery.<init>(PartTreeJpaQuery.java:107) ~[spring-data-jpa-3.4.3.jar:3.4.3]
	at org.springframework.data.jpa.repository.query.JpaQueryLookupStrategy$CreateQueryLookupStrategy.resolveQuery(JpaQueryLookupStrategy.java:128) ~[spring-data-jpa-3.4.3.jar:3.4.3]
	at org.springframework.data.jpa.repository.query.JpaQueryLookupStrategy$CreateIfNotFoundQueryLookupStrategy.resolveQuery(JpaQueryLookupStrategy.java:262) ~[spring-data-jpa-3.4.3.jar:3.4.3]
	at org.springframework.data.jpa.repository.query.JpaQueryLookupStrategy$AbstractQueryLookupStrategy.resolveQuery(JpaQueryLookupStrategy.java:99) ~[spring-data-jpa-3.4.3.jar:3.4.3]
	at org.springframework.data.repository.core.support.QueryExecutorMethodInterceptor.lookupQuery(QueryExecutorMethodInterceptor.java:116) ~[spring-data-commons-3.4.3.jar:3.4.3]
	... 60 common frames omitted
Caused by: org.springframework.data.mapping.PropertyReferenceException: No property 'userId' found for type 'tokensEntity'
	at org.springframework.data.mapping.PropertyPath.<init>(PropertyPath.java:94) ~[spring-data-commons-3.4.3.jar:3.4.3]
	at org.springframework.data.mapping.PropertyPath.create(PropertyPath.java:455) ~[spring-data-commons-3.4.3.jar:3.4.3]
	at org.springframework.data.mapping.PropertyPath.create(PropertyPath.java:431) ~[spring-data-commons-3.4.3.jar:3.4.3]
	at org.springframework.data.mapping.PropertyPath.lambda$from$0(PropertyPath.java:384) ~[spring-data-commons-3.4.3.jar:3.4.3]
	at java.base/java.util.concurrent.ConcurrentMap.computeIfAbsent(ConcurrentMap.java:330) ~[na:na]
	at org.springframework.data.mapping.PropertyPath.from(PropertyPath.java:366) ~[spring-data-commons-3.4.3.jar:3.4.3]
	at org.springframework.data.mapping.PropertyPath.from(PropertyPath.java:344) ~[spring-data-commons-3.4.3.jar:3.4.3]
	at org.springframework.data.repository.query.parser.Part.<init>(Part.java:81) ~[spring-data-commons-3.4.3.jar:3.4.3]
	at org.springframework.data.repository.query.parser.PartTree$OrPart.lambda$new$0(PartTree.java:259) ~[spring-data-commons-3.4.3.jar:3.4.3]
	at java.base/java.util.stream.ReferencePipeline$3$1.accept(ReferencePipeline.java:212) ~[na:na]
	at java.base/java.util.stream.ReferencePipeline$2$1.accept(ReferencePipeline.java:194) ~[na:na]
	at java.base/java.util.Spliterators$ArraySpliterator.forEachRemaining(Spliterators.java:1024) ~[na:na]
	at java.base/java.util.stream.AbstractPipeline.copyInto(AbstractPipeline.java:556) ~[na:na]
	at java.base/java.util.stream.AbstractPipeline.wrapAndCopyInto(AbstractPipeline.java:546) ~[na:na]
	at java.base/java.util.stream.ReduceOps$ReduceOp.evaluateSequential(ReduceOps.java:921) ~[na:na]
	at java.base/java.util.stream.AbstractPipeline.evaluate(AbstractPipeline.java:265) ~[na:na]
	at java.base/java.util.stream.ReferencePipeline.collect(ReferencePipeline.java:702) ~[na:na]
	at org.springframework.data.repository.query.parser.PartTree$OrPart.<init>(PartTree.java:260) ~[spring-data-commons-3.4.3.jar:3.4.3]
	at org.springframework.data.repository.query.parser.PartTree$Predicate.lambda$new$0(PartTree.java:389) ~[spring-data-commons-3.4.3.jar:3.4.3]
	at java.base/java.util.stream.ReferencePipeline$3$1.accept(ReferencePipeline.java:212) ~[na:na]
	at java.base/java.util.stream.ReferencePipeline$2$1.accept(ReferencePipeline.java:194) ~[na:na]
	at java.base/java.util.Spliterators$ArraySpliterator.forEachRemaining(Spliterators.java:1024) ~[na:na]
	at java.base/java.util.stream.AbstractPipeline.copyInto(AbstractPipeline.java:556) ~[na:na]
	at java.base/java.util.stream.AbstractPipeline.wrapAndCopyInto(AbstractPipeline.java:546) ~[na:na]
	at java.base/java.util.stream.ReduceOps$ReduceOp.evaluateSequential(ReduceOps.java:921) ~[na:na]
	at java.base/java.util.stream.AbstractPipeline.evaluate(AbstractPipeline.java:265) ~[na:na]
	at java.base/java.util.stream.ReferencePipeline.collect(ReferencePipeline.java:702) ~[na:na]
	at org.springframework.data.repository.query.parser.PartTree$Predicate.<init>(PartTree.java:390) ~[spring-data-commons-3.4.3.jar:3.4.3]
	at org.springframework.data.repository.query.parser.PartTree.<init>(PartTree.java:103) ~[spring-data-commons-3.4.3.jar:3.4.3]
	at org.springframework.data.jpa.repository.query.PartTreeJpaQuery.<init>(PartTreeJpaQuery.java:101) ~[spring-data-jpa-3.4.3.jar:3.4.3]
	... 64 common frames omitted

2025-04-11T11:13:13.981-03:00  INFO 35804 --- [backGrupo3ViMa] [restartedMain] o.e.b.BackGrupo3ViMaApplication          : Starting BackGrupo3ViMaApplication using Java 22.0.2 with PID 35804 (C:\Users\franc\Documents\GitHub\DesarrolloAPSI\backend\backGrupo4ViMa\target\classes started by franc in C:\Users\franc\Documents\GitHub\DesarrolloAPSI\backend\backGrupo4ViMa)
2025-04-11T11:13:13.984-03:00  INFO 35804 --- [backGrupo3ViMa] [restartedMain] o.e.b.BackGrupo3ViMaApplication          : No active profile set, falling back to 1 default profile: "default"
2025-04-11T11:13:14.055-03:00  INFO 35804 --- [backGrupo3ViMa] [restartedMain] .e.DevToolsPropertyDefaultsPostProcessor : Devtools property defaults active! Set 'spring.devtools.add-properties' to 'false' to disable
2025-04-11T11:13:14.055-03:00  INFO 35804 --- [backGrupo3ViMa] [restartedMain] .e.DevToolsPropertyDefaultsPostProcessor : For additional web related logging consider setting the 'logging.level.web' property to 'DEBUG'
2025-04-11T11:13:15.064-03:00  INFO 35804 --- [backGrupo3ViMa] [restartedMain] .s.d.r.c.RepositoryConfigurationDelegate : Bootstrapping Spring Data JPA repositories in DEFAULT mode.
2025-04-11T11:13:15.165-03:00  INFO 35804 --- [backGrupo3ViMa] [restartedMain] .s.d.r.c.RepositoryConfigurationDelegate : Finished Spring Data repository scanning in 88 ms. Found 5 JPA repository interfaces.
2025-04-11T11:13:15.914-03:00  INFO 35804 --- [backGrupo3ViMa] [restartedMain] o.s.b.w.embedded.tomcat.TomcatWebServer  : Tomcat initialized with port 4002 (http)
2025-04-11T11:13:15.932-03:00  INFO 35804 --- [backGrupo3ViMa] [restartedMain] o.apache.catalina.core.StandardService   : Starting service [Tomcat]
2025-04-11T11:13:15.932-03:00  INFO 35804 --- [backGrupo3ViMa] [restartedMain] o.apache.catalina.core.StandardEngine    : Starting Servlet engine: [Apache Tomcat/10.1.36]
2025-04-11T11:13:16.002-03:00  INFO 35804 --- [backGrupo3ViMa] [restartedMain] o.a.c.c.C.[Tomcat].[localhost].[/]       : Initializing Spring embedded WebApplicationContext
2025-04-11T11:13:16.003-03:00  INFO 35804 --- [backGrupo3ViMa] [restartedMain] w.s.c.ServletWebServerApplicationContext : Root WebApplicationContext: initialization completed in 1946 ms
2025-04-11T11:13:16.327-03:00  INFO 35804 --- [backGrupo3ViMa] [restartedMain] o.hibernate.jpa.internal.util.LogHelper  : HHH000204: Processing PersistenceUnitInfo [name: default]
2025-04-11T11:13:16.398-03:00  INFO 35804 --- [backGrupo3ViMa] [restartedMain] org.hibernate.Version                    : HHH000412: Hibernate ORM core version 6.6.8.Final
2025-04-11T11:13:16.438-03:00  INFO 35804 --- [backGrupo3ViMa] [restartedMain] o.h.c.internal.RegionFactoryInitiator    : HHH000026: Second-level cache disabled
2025-04-11T11:13:16.766-03:00  INFO 35804 --- [backGrupo3ViMa] [restartedMain] o.s.o.j.p.SpringPersistenceUnitInfo      : No LoadTimeWeaver setup: ignoring JPA class transformer
2025-04-11T11:13:16.798-03:00  INFO 35804 --- [backGrupo3ViMa] [restartedMain] com.zaxxer.hikari.HikariDataSource       : HikariPool-1 - Starting...
2025-04-11T11:13:17.138-03:00  INFO 35804 --- [backGrupo3ViMa] [restartedMain] com.zaxxer.hikari.pool.HikariPool        : HikariPool-1 - Added connection com.mysql.cj.jdbc.ConnectionImpl@33dfde25
2025-04-11T11:13:17.140-03:00  INFO 35804 --- [backGrupo3ViMa] [restartedMain] com.zaxxer.hikari.HikariDataSource       : HikariPool-1 - Start completed.
2025-04-11T11:13:17.242-03:00  INFO 35804 --- [backGrupo3ViMa] [restartedMain] org.hibernate.orm.connections.pooling    : HHH10001005: Database info:
	Database JDBC URL [Connecting through datasource 'HikariDataSource (HikariPool-1)']
	Database driver: undefined/unknown
	Database version: 8.0.41
	Autocommit mode: undefined/unknown
	Isolation level: undefined/unknown
	Minimum pool size: undefined/unknown
	Maximum pool size: undefined/unknown
2025-04-11T11:13:18.409-03:00  INFO 35804 --- [backGrupo3ViMa] [restartedMain] o.h.e.t.j.p.i.JtaPlatformInitiator       : HHH000489: No JTA platform available (set 'hibernate.transaction.jta.platform' to enable JTA platform integration)
2025-04-11T11:13:18.526-03:00  INFO 35804 --- [backGrupo3ViMa] [restartedMain] j.LocalContainerEntityManagerFactoryBean : Initialized JPA EntityManagerFactory for persistence unit 'default'
2025-04-11T11:13:18.991-03:00  WARN 35804 --- [backGrupo3ViMa] [restartedMain] ConfigServletWebServerApplicationContext : Exception encountered during context initialization - cancelling refresh attempt: org.springframework.beans.factory.UnsatisfiedDependencyException: Error creating bean with name 'tokensController': Unsatisfied dependency expressed through field 'tokensService': Error creating bean with name 'tokensServiceImpl': Unsatisfied dependency expressed through field 'tokensRepository': Error creating bean with name 'tokensRepository' defined in org.example.backgrupo3vima.Repository.tokensRepository defined in @EnableJpaRepositories declared on JpaRepositoriesRegistrar.EnableJpaRepositoriesConfiguration: Could not create query for public abstract java.util.Optional org.example.backgrupo3vima.Repository.tokensRepository.findByUserId(java.lang.Long); Reason: Failed to create query for method public abstract java.util.Optional org.example.backgrupo3vima.Repository.tokensRepository.findByUserId(java.lang.Long); No property 'userId' found for type 'tokensEntity'
2025-04-11T11:13:18.991-03:00  INFO 35804 --- [backGrupo3ViMa] [restartedMain] j.LocalContainerEntityManagerFactoryBean : Closing JPA EntityManagerFactory for persistence unit 'default'
2025-04-11T11:13:18.994-03:00  INFO 35804 --- [backGrupo3ViMa] [restartedMain] com.zaxxer.hikari.HikariDataSource       : HikariPool-1 - Shutdown initiated...
2025-04-11T11:13:19.003-03:00  INFO 35804 --- [backGrupo3ViMa] [restartedMain] com.zaxxer.hikari.HikariDataSource       : HikariPool-1 - Shutdown completed.
2025-04-11T11:13:19.007-03:00  INFO 35804 --- [backGrupo3ViMa] [restartedMain] o.apache.catalina.core.StandardService   : Stopping service [Tomcat]
2025-04-11T11:13:19.020-03:00  INFO 35804 --- [backGrupo3ViMa] [restartedMain] .s.b.a.l.ConditionEvaluationReportLogger : 

Error starting ApplicationContext. To display the condition evaluation report re-run your application with 'debug' enabled.
2025-04-11T11:13:19.043-03:00 ERROR 35804 --- [backGrupo3ViMa] [restartedMain] o.s.boot.SpringApplication               : Application run failed

org.springframework.beans.factory.UnsatisfiedDependencyException: Error creating bean with name 'tokensController': Unsatisfied dependency expressed through field 'tokensService': Error creating bean with name 'tokensServiceImpl': Unsatisfied dependency expressed through field 'tokensRepository': Error creating bean with name 'tokensRepository' defined in org.example.backgrupo3vima.Repository.tokensRepository defined in @EnableJpaRepositories declared on JpaRepositoriesRegistrar.EnableJpaRepositoriesConfiguration: Could not create query for public abstract java.util.Optional org.example.backgrupo3vima.Repository.tokensRepository.findByUserId(java.lang.Long); Reason: Failed to create query for method public abstract java.util.Optional org.example.backgrupo3vima.Repository.tokensRepository.findByUserId(java.lang.Long); No property 'userId' found for type 'tokensEntity'
	at org.springframework.beans.factory.annotation.AutowiredAnnotationBeanPostProcessor$AutowiredFieldElement.resolveFieldValue(AutowiredAnnotationBeanPostProcessor.java:788) ~[spring-beans-6.2.3.jar:6.2.3]
	at org.springframework.beans.factory.annotation.AutowiredAnnotationBeanPostProcessor$AutowiredFieldElement.inject(AutowiredAnnotationBeanPostProcessor.java:768) ~[spring-beans-6.2.3.jar:6.2.3]
	at org.springframework.beans.factory.annotation.InjectionMetadata.inject(InjectionMetadata.java:146) ~[spring-beans-6.2.3.jar:6.2.3]
	at org.springframework.beans.factory.annotation.AutowiredAnnotationBeanPostProcessor.postProcessProperties(AutowiredAnnotationBeanPostProcessor.java:509) ~[spring-beans-6.2.3.jar:6.2.3]
	at org.springframework.beans.factory.support.AbstractAutowireCapableBeanFactory.populateBean(AbstractAutowireCapableBeanFactory.java:1445) ~[spring-beans-6.2.3.jar:6.2.3]
	at org.springframework.beans.factory.support.AbstractAutowireCapableBeanFactory.doCreateBean(AbstractAutowireCapableBeanFactory.java:600) ~[spring-beans-6.2.3.jar:6.2.3]
	at org.springframework.beans.factory.support.AbstractAutowireCapableBeanFactory.createBean(AbstractAutowireCapableBeanFactory.java:523) ~[spring-beans-6.2.3.jar:6.2.3]
	at org.springframework.beans.factory.support.AbstractBeanFactory.lambda$doGetBean$0(AbstractBeanFactory.java:339) ~[spring-beans-6.2.3.jar:6.2.3]
	at org.springframework.beans.factory.support.DefaultSingletonBeanRegistry.getSingleton(DefaultSingletonBeanRegistry.java:346) ~[spring-beans-6.2.3.jar:6.2.3]
	at org.springframework.beans.factory.support.AbstractBeanFactory.doGetBean(AbstractBeanFactory.java:337) ~[spring-beans-6.2.3.jar:6.2.3]
	at org.springframework.beans.factory.support.AbstractBeanFactory.getBean(AbstractBeanFactory.java:202) ~[spring-beans-6.2.3.jar:6.2.3]
	at org.springframework.beans.factory.support.DefaultListableBeanFactory.instantiateSingleton(DefaultListableBeanFactory.java:1155) ~[spring-beans-6.2.3.jar:6.2.3]
	at org.springframework.beans.factory.support.DefaultListableBeanFactory.preInstantiateSingleton(DefaultListableBeanFactory.java:1121) ~[spring-beans-6.2.3.jar:6.2.3]
	at org.springframework.beans.factory.support.DefaultListableBeanFactory.preInstantiateSingletons(DefaultListableBeanFactory.java:1056) ~[spring-beans-6.2.3.jar:6.2.3]
	at org.springframework.context.support.AbstractApplicationContext.finishBeanFactoryInitialization(AbstractApplicationContext.java:987) ~[spring-context-6.2.3.jar:6.2.3]
	at org.springframework.context.support.AbstractApplicationContext.refresh(AbstractApplicationContext.java:627) ~[spring-context-6.2.3.jar:6.2.3]
	at org.springframework.boot.web.servlet.context.ServletWebServerApplicationContext.refresh(ServletWebServerApplicationContext.java:146) ~[spring-boot-3.4.3.jar:3.4.3]
	at org.springframework.boot.SpringApplication.refresh(SpringApplication.java:752) ~[spring-boot-3.4.3.jar:3.4.3]
	at org.springframework.boot.SpringApplication.refreshContext(SpringApplication.java:439) ~[spring-boot-3.4.3.jar:3.4.3]
	at org.springframework.boot.SpringApplication.run(SpringApplication.java:318) ~[spring-boot-3.4.3.jar:3.4.3]
	at org.springframework.boot.SpringApplication.run(SpringApplication.java:1361) ~[spring-boot-3.4.3.jar:3.4.3]
	at org.springframework.boot.SpringApplication.run(SpringApplication.java:1350) ~[spring-boot-3.4.3.jar:3.4.3]
	at org.example.backgrupo3vima.BackGrupo3ViMaApplication.main(BackGrupo3ViMaApplication.java:12) ~[classes/:na]
	at java.base/jdk.internal.reflect.DirectMethodHandleAccessor.invoke(DirectMethodHandleAccessor.java:103) ~[na:na]
	at java.base/java.lang.reflect.Method.invoke(Method.java:580) ~[na:na]
	at org.springframework.boot.devtools.restart.RestartLauncher.run(RestartLauncher.java:50) ~[spring-boot-devtools-3.4.3.jar:3.4.3]
Caused by: org.springframework.beans.factory.UnsatisfiedDependencyException: Error creating bean with name 'tokensServiceImpl': Unsatisfied dependency expressed through field 'tokensRepository': Error creating bean with name 'tokensRepository' defined in org.example.backgrupo3vima.Repository.tokensRepository defined in @EnableJpaRepositories declared on JpaRepositoriesRegistrar.EnableJpaRepositoriesConfiguration: Could not create query for public abstract java.util.Optional org.example.backgrupo3vima.Repository.tokensRepository.findByUserId(java.lang.Long); Reason: Failed to create query for method public abstract java.util.Optional org.example.backgrupo3vima.Repository.tokensRepository.findByUserId(java.lang.Long); No property 'userId' found for type 'tokensEntity'
	at org.springframework.beans.factory.annotation.AutowiredAnnotationBeanPostProcessor$AutowiredFieldElement.resolveFieldValue(AutowiredAnnotationBeanPostProcessor.java:788) ~[spring-beans-6.2.3.jar:6.2.3]
	at org.springframework.beans.factory.annotation.AutowiredAnnotationBeanPostProcessor$AutowiredFieldElement.inject(AutowiredAnnotationBeanPostProcessor.java:768) ~[spring-beans-6.2.3.jar:6.2.3]
	at org.springframework.beans.factory.annotation.InjectionMetadata.inject(InjectionMetadata.java:146) ~[spring-beans-6.2.3.jar:6.2.3]
	at org.springframework.beans.factory.annotation.AutowiredAnnotationBeanPostProcessor.postProcessProperties(AutowiredAnnotationBeanPostProcessor.java:509) ~[spring-beans-6.2.3.jar:6.2.3]
	at org.springframework.beans.factory.support.AbstractAutowireCapableBeanFactory.populateBean(AbstractAutowireCapableBeanFactory.java:1445) ~[spring-beans-6.2.3.jar:6.2.3]
	at org.springframework.beans.factory.support.AbstractAutowireCapableBeanFactory.doCreateBean(AbstractAutowireCapableBeanFactory.java:600) ~[spring-beans-6.2.3.jar:6.2.3]
	at org.springframework.beans.factory.support.AbstractAutowireCapableBeanFactory.createBean(AbstractAutowireCapableBeanFactory.java:523) ~[spring-beans-6.2.3.jar:6.2.3]
	at org.springframework.beans.factory.support.AbstractBeanFactory.lambda$doGetBean$0(AbstractBeanFactory.java:339) ~[spring-beans-6.2.3.jar:6.2.3]
	at org.springframework.beans.factory.support.DefaultSingletonBeanRegistry.getSingleton(DefaultSingletonBeanRegistry.java:346) ~[spring-beans-6.2.3.jar:6.2.3]
	at org.springframework.beans.factory.support.AbstractBeanFactory.doGetBean(AbstractBeanFactory.java:337) ~[spring-beans-6.2.3.jar:6.2.3]
	at org.springframework.beans.factory.support.AbstractBeanFactory.getBean(AbstractBeanFactory.java:202) ~[spring-beans-6.2.3.jar:6.2.3]
	at org.springframework.beans.factory.config.DependencyDescriptor.resolveCandidate(DependencyDescriptor.java:254) ~[spring-beans-6.2.3.jar:6.2.3]
	at org.springframework.beans.factory.support.DefaultListableBeanFactory.doResolveDependency(DefaultListableBeanFactory.java:1664) ~[spring-beans-6.2.3.jar:6.2.3]
	at org.springframework.beans.factory.support.DefaultListableBeanFactory.resolveDependency(DefaultListableBeanFactory.java:1552) ~[spring-beans-6.2.3.jar:6.2.3]
	at org.springframework.beans.factory.annotation.AutowiredAnnotationBeanPostProcessor$AutowiredFieldElement.resolveFieldValue(AutowiredAnnotationBeanPostProcessor.java:785) ~[spring-beans-6.2.3.jar:6.2.3]
	... 25 common frames omitted
Caused by: org.springframework.beans.factory.BeanCreationException: Error creating bean with name 'tokensRepository' defined in org.example.backgrupo3vima.Repository.tokensRepository defined in @EnableJpaRepositories declared on JpaRepositoriesRegistrar.EnableJpaRepositoriesConfiguration: Could not create query for public abstract java.util.Optional org.example.backgrupo3vima.Repository.tokensRepository.findByUserId(java.lang.Long); Reason: Failed to create query for method public abstract java.util.Optional org.example.backgrupo3vima.Repository.tokensRepository.findByUserId(java.lang.Long); No property 'userId' found for type 'tokensEntity'
	at org.springframework.beans.factory.support.AbstractAutowireCapableBeanFactory.initializeBean(AbstractAutowireCapableBeanFactory.java:1812) ~[spring-beans-6.2.3.jar:6.2.3]
	at org.springframework.beans.factory.support.AbstractAutowireCapableBeanFactory.doCreateBean(AbstractAutowireCapableBeanFactory.java:601) ~[spring-beans-6.2.3.jar:6.2.3]
	at org.springframework.beans.factory.support.AbstractAutowireCapableBeanFactory.createBean(AbstractAutowireCapableBeanFactory.java:523) ~[spring-beans-6.2.3.jar:6.2.3]
	at org.springframework.beans.factory.support.AbstractBeanFactory.lambda$doGetBean$0(AbstractBeanFactory.java:339) ~[spring-beans-6.2.3.jar:6.2.3]
	at org.springframework.beans.factory.support.DefaultSingletonBeanRegistry.getSingleton(DefaultSingletonBeanRegistry.java:346) ~[spring-beans-6.2.3.jar:6.2.3]
	at org.springframework.beans.factory.support.AbstractBeanFactory.doGetBean(AbstractBeanFactory.java:337) ~[spring-beans-6.2.3.jar:6.2.3]
	at org.springframework.beans.factory.support.AbstractBeanFactory.getBean(AbstractBeanFactory.java:202) ~[spring-beans-6.2.3.jar:6.2.3]
	at org.springframework.beans.factory.support.DefaultListableBeanFactory.doResolveDependency(DefaultListableBeanFactory.java:1606) ~[spring-beans-6.2.3.jar:6.2.3]
	at org.springframework.beans.factory.support.DefaultListableBeanFactory.resolveDependency(DefaultListableBeanFactory.java:1552) ~[spring-beans-6.2.3.jar:6.2.3]
	at org.springframework.beans.factory.annotation.AutowiredAnnotationBeanPostProcessor$AutowiredFieldElement.resolveFieldValue(AutowiredAnnotationBeanPostProcessor.java:785) ~[spring-beans-6.2.3.jar:6.2.3]
	... 39 common frames omitted
Caused by: org.springframework.data.repository.query.QueryCreationException: Could not create query for public abstract java.util.Optional org.example.backgrupo3vima.Repository.tokensRepository.findByUserId(java.lang.Long); Reason: Failed to create query for method public abstract java.util.Optional org.example.backgrupo3vima.Repository.tokensRepository.findByUserId(java.lang.Long); No property 'userId' found for type 'tokensEntity'
	at org.springframework.data.repository.query.QueryCreationException.create(QueryCreationException.java:101) ~[spring-data-commons-3.4.3.jar:3.4.3]
	at org.springframework.data.repository.core.support.QueryExecutorMethodInterceptor.lookupQuery(QueryExecutorMethodInterceptor.java:120) ~[spring-data-commons-3.4.3.jar:3.4.3]
	at org.springframework.data.repository.core.support.QueryExecutorMethodInterceptor.mapMethodsToQuery(QueryExecutorMethodInterceptor.java:104) ~[spring-data-commons-3.4.3.jar:3.4.3]
	at org.springframework.data.repository.core.support.QueryExecutorMethodInterceptor.lambda$new$0(QueryExecutorMethodInterceptor.java:92) ~[spring-data-commons-3.4.3.jar:3.4.3]
	at java.base/java.util.Optional.map(Optional.java:260) ~[na:na]
	at org.springframework.data.repository.core.support.QueryExecutorMethodInterceptor.<init>(QueryExecutorMethodInterceptor.java:92) ~[spring-data-commons-3.4.3.jar:3.4.3]
	at org.springframework.data.repository.core.support.RepositoryFactorySupport.getRepository(RepositoryFactorySupport.java:440) ~[spring-data-commons-3.4.3.jar:3.4.3]
	at org.springframework.data.repository.core.support.RepositoryFactoryBeanSupport.lambda$afterPropertiesSet$4(RepositoryFactoryBeanSupport.java:350) ~[spring-data-commons-3.4.3.jar:3.4.3]
	at org.springframework.data.util.Lazy.getNullable(Lazy.java:135) ~[spring-data-commons-3.4.3.jar:3.4.3]
	at org.springframework.data.util.Lazy.get(Lazy.java:113) ~[spring-data-commons-3.4.3.jar:3.4.3]
	at org.springframework.data.repository.core.support.RepositoryFactoryBeanSupport.afterPropertiesSet(RepositoryFactoryBeanSupport.java:356) ~[spring-data-commons-3.4.3.jar:3.4.3]
	at org.springframework.data.jpa.repository.support.JpaRepositoryFactoryBean.afterPropertiesSet(JpaRepositoryFactoryBean.java:132) ~[spring-data-jpa-3.4.3.jar:3.4.3]
	at org.springframework.beans.factory.support.AbstractAutowireCapableBeanFactory.invokeInitMethods(AbstractAutowireCapableBeanFactory.java:1859) ~[spring-beans-6.2.3.jar:6.2.3]
	at org.springframework.beans.factory.support.AbstractAutowireCapableBeanFactory.initializeBean(AbstractAutowireCapableBeanFactory.java:1808) ~[spring-beans-6.2.3.jar:6.2.3]
	... 48 common frames omitted
Caused by: java.lang.IllegalArgumentException: Failed to create query for method public abstract java.util.Optional org.example.backgrupo3vima.Repository.tokensRepository.findByUserId(java.lang.Long); No property 'userId' found for type 'tokensEntity'
	at org.springframework.data.jpa.repository.query.PartTreeJpaQuery.<init>(PartTreeJpaQuery.java:107) ~[spring-data-jpa-3.4.3.jar:3.4.3]
	at org.springframework.data.jpa.repository.query.JpaQueryLookupStrategy$CreateQueryLookupStrategy.resolveQuery(JpaQueryLookupStrategy.java:128) ~[spring-data-jpa-3.4.3.jar:3.4.3]
	at org.springframework.data.jpa.repository.query.JpaQueryLookupStrategy$CreateIfNotFoundQueryLookupStrategy.resolveQuery(JpaQueryLookupStrategy.java:262) ~[spring-data-jpa-3.4.3.jar:3.4.3]
	at org.springframework.data.jpa.repository.query.JpaQueryLookupStrategy$AbstractQueryLookupStrategy.resolveQuery(JpaQueryLookupStrategy.java:99) ~[spring-data-jpa-3.4.3.jar:3.4.3]
	at org.springframework.data.repository.core.support.QueryExecutorMethodInterceptor.lookupQuery(QueryExecutorMethodInterceptor.java:116) ~[spring-data-commons-3.4.3.jar:3.4.3]
	... 60 common frames omitted
Caused by: org.springframework.data.mapping.PropertyReferenceException: No property 'userId' found for type 'tokensEntity'
	at org.springframework.data.mapping.PropertyPath.<init>(PropertyPath.java:94) ~[spring-data-commons-3.4.3.jar:3.4.3]
	at org.springframework.data.mapping.PropertyPath.create(PropertyPath.java:455) ~[spring-data-commons-3.4.3.jar:3.4.3]
	at org.springframework.data.mapping.PropertyPath.create(PropertyPath.java:431) ~[spring-data-commons-3.4.3.jar:3.4.3]
	at org.springframework.data.mapping.PropertyPath.lambda$from$0(PropertyPath.java:384) ~[spring-data-commons-3.4.3.jar:3.4.3]
	at java.base/java.util.concurrent.ConcurrentMap.computeIfAbsent(ConcurrentMap.java:330) ~[na:na]
	at org.springframework.data.mapping.PropertyPath.from(PropertyPath.java:366) ~[spring-data-commons-3.4.3.jar:3.4.3]
	at org.springframework.data.mapping.PropertyPath.from(PropertyPath.java:344) ~[spring-data-commons-3.4.3.jar:3.4.3]
	at org.springframework.data.repository.query.parser.Part.<init>(Part.java:81) ~[spring-data-commons-3.4.3.jar:3.4.3]
	at org.springframework.data.repository.query.parser.PartTree$OrPart.lambda$new$0(PartTree.java:259) ~[spring-data-commons-3.4.3.jar:3.4.3]
	at java.base/java.util.stream.ReferencePipeline$3$1.accept(ReferencePipeline.java:212) ~[na:na]
	at java.base/java.util.stream.ReferencePipeline$2$1.accept(ReferencePipeline.java:194) ~[na:na]
	at java.base/java.util.Spliterators$ArraySpliterator.forEachRemaining(Spliterators.java:1024) ~[na:na]
	at java.base/java.util.stream.AbstractPipeline.copyInto(AbstractPipeline.java:556) ~[na:na]
	at java.base/java.util.stream.AbstractPipeline.wrapAndCopyInto(AbstractPipeline.java:546) ~[na:na]
	at java.base/java.util.stream.ReduceOps$ReduceOp.evaluateSequential(ReduceOps.java:921) ~[na:na]
	at java.base/java.util.stream.AbstractPipeline.evaluate(AbstractPipeline.java:265) ~[na:na]
	at java.base/java.util.stream.ReferencePipeline.collect(ReferencePipeline.java:702) ~[na:na]
	at org.springframework.data.repository.query.parser.PartTree$OrPart.<init>(PartTree.java:260) ~[spring-data-commons-3.4.3.jar:3.4.3]
	at org.springframework.data.repository.query.parser.PartTree$Predicate.lambda$new$0(PartTree.java:389) ~[spring-data-commons-3.4.3.jar:3.4.3]
	at java.base/java.util.stream.ReferencePipeline$3$1.accept(ReferencePipeline.java:212) ~[na:na]
	at java.base/java.util.stream.ReferencePipeline$2$1.accept(ReferencePipeline.java:194) ~[na:na]
	at java.base/java.util.Spliterators$ArraySpliterator.forEachRemaining(Spliterators.java:1024) ~[na:na]
	at java.base/java.util.stream.AbstractPipeline.copyInto(AbstractPipeline.java:556) ~[na:na]
	at java.base/java.util.stream.AbstractPipeline.wrapAndCopyInto(AbstractPipeline.java:546) ~[na:na]
	at java.base/java.util.stream.ReduceOps$ReduceOp.evaluateSequential(ReduceOps.java:921) ~[na:na]
	at java.base/java.util.stream.AbstractPipeline.evaluate(AbstractPipeline.java:265) ~[na:na]
	at java.base/java.util.stream.ReferencePipeline.collect(ReferencePipeline.java:702) ~[na:na]
	at org.springframework.data.repository.query.parser.PartTree$Predicate.<init>(PartTree.java:390) ~[spring-data-commons-3.4.3.jar:3.4.3]
	at org.springframework.data.repository.query.parser.PartTree.<init>(PartTree.java:103) ~[spring-data-commons-3.4.3.jar:3.4.3]
	at org.springframework.data.jpa.repository.query.PartTreeJpaQuery.<init>(PartTreeJpaQuery.java:101) ~[spring-data-jpa-3.4.3.jar:3.4.3]
	... 64 common frames omitted

2025-04-11T11:18:53.705-03:00  INFO 4200 --- [backGrupo3ViMa] [restartedMain] o.e.b.BackGrupo3ViMaApplication          : Starting BackGrupo3ViMaApplication using Java 22.0.2 with PID 4200 (C:\Users\franc\Documents\GitHub\DesarrolloAPSI\backend\backGrupo4ViMa\target\classes started by franc in C:\Users\franc\Documents\GitHub\DesarrolloAPSI\backend\backGrupo4ViMa)
2025-04-11T11:18:53.708-03:00  INFO 4200 --- [backGrupo3ViMa] [restartedMain] o.e.b.BackGrupo3ViMaApplication          : No active profile set, falling back to 1 default profile: "default"
2025-04-11T11:18:53.780-03:00  INFO 4200 --- [backGrupo3ViMa] [restartedMain] .e.DevToolsPropertyDefaultsPostProcessor : Devtools property defaults active! Set 'spring.devtools.add-properties' to 'false' to disable
2025-04-11T11:18:53.780-03:00  INFO 4200 --- [backGrupo3ViMa] [restartedMain] .e.DevToolsPropertyDefaultsPostProcessor : For additional web related logging consider setting the 'logging.level.web' property to 'DEBUG'
2025-04-11T11:18:55.195-03:00  INFO 4200 --- [backGrupo3ViMa] [restartedMain] .s.d.r.c.RepositoryConfigurationDelegate : Bootstrapping Spring Data JPA repositories in DEFAULT mode.
2025-04-11T11:18:55.274-03:00  INFO 4200 --- [backGrupo3ViMa] [restartedMain] .s.d.r.c.RepositoryConfigurationDelegate : Finished Spring Data repository scanning in 69 ms. Found 5 JPA repository interfaces.
2025-04-11T11:18:56.301-03:00  INFO 4200 --- [backGrupo3ViMa] [restartedMain] o.s.b.w.embedded.tomcat.TomcatWebServer  : Tomcat initialized with port 4002 (http)
2025-04-11T11:18:56.318-03:00  INFO 4200 --- [backGrupo3ViMa] [restartedMain] o.apache.catalina.core.StandardService   : Starting service [Tomcat]
2025-04-11T11:18:56.319-03:00  INFO 4200 --- [backGrupo3ViMa] [restartedMain] o.apache.catalina.core.StandardEngine    : Starting Servlet engine: [Apache Tomcat/10.1.36]
2025-04-11T11:18:56.387-03:00  INFO 4200 --- [backGrupo3ViMa] [restartedMain] o.a.c.c.C.[Tomcat].[localhost].[/]       : Initializing Spring embedded WebApplicationContext
2025-04-11T11:18:56.387-03:00  INFO 4200 --- [backGrupo3ViMa] [restartedMain] w.s.c.ServletWebServerApplicationContext : Root WebApplicationContext: initialization completed in 2606 ms
2025-04-11T11:18:56.641-03:00 DEBUG 4200 --- [backGrupo3ViMa] [restartedMain] o.s.w.f.ServerHttpObservationFilter      : Filter 'webMvcObservationFilter' configured for use
2025-04-11T11:18:56.810-03:00  INFO 4200 --- [backGrupo3ViMa] [restartedMain] o.hibernate.jpa.internal.util.LogHelper  : HHH000204: Processing PersistenceUnitInfo [name: default]
2025-04-11T11:18:56.875-03:00  INFO 4200 --- [backGrupo3ViMa] [restartedMain] org.hibernate.Version                    : HHH000412: Hibernate ORM core version 6.6.8.Final
2025-04-11T11:18:56.927-03:00  INFO 4200 --- [backGrupo3ViMa] [restartedMain] o.h.c.internal.RegionFactoryInitiator    : HHH000026: Second-level cache disabled
2025-04-11T11:18:57.258-03:00  INFO 4200 --- [backGrupo3ViMa] [restartedMain] o.s.o.j.p.SpringPersistenceUnitInfo      : No LoadTimeWeaver setup: ignoring JPA class transformer
2025-04-11T11:18:57.293-03:00  INFO 4200 --- [backGrupo3ViMa] [restartedMain] com.zaxxer.hikari.HikariDataSource       : HikariPool-1 - Starting...
2025-04-11T11:18:57.631-03:00  INFO 4200 --- [backGrupo3ViMa] [restartedMain] com.zaxxer.hikari.pool.HikariPool        : HikariPool-1 - Added connection com.mysql.cj.jdbc.ConnectionImpl@636cef63
2025-04-11T11:18:57.633-03:00  INFO 4200 --- [backGrupo3ViMa] [restartedMain] com.zaxxer.hikari.HikariDataSource       : HikariPool-1 - Start completed.
2025-04-11T11:18:57.732-03:00  INFO 4200 --- [backGrupo3ViMa] [restartedMain] org.hibernate.orm.connections.pooling    : HHH10001005: Database info:
	Database JDBC URL [Connecting through datasource 'HikariDataSource (HikariPool-1)']
	Database driver: undefined/unknown
	Database version: 8.0.41
	Autocommit mode: undefined/unknown
	Isolation level: undefined/unknown
	Minimum pool size: undefined/unknown
	Maximum pool size: undefined/unknown
2025-04-11T11:18:58.847-03:00  INFO 4200 --- [backGrupo3ViMa] [restartedMain] o.h.e.t.j.p.i.JtaPlatformInitiator       : HHH000489: No JTA platform available (set 'hibernate.transaction.jta.platform' to enable JTA platform integration)
2025-04-11T11:18:58.959-03:00  INFO 4200 --- [backGrupo3ViMa] [restartedMain] j.LocalContainerEntityManagerFactoryBean : Initialized JPA EntityManagerFactory for persistence unit 'default'
2025-04-11T11:18:59.360-03:00  WARN 4200 --- [backGrupo3ViMa] [restartedMain] ConfigServletWebServerApplicationContext : Exception encountered during context initialization - cancelling refresh attempt: org.springframework.beans.factory.UnsatisfiedDependencyException: Error creating bean with name 'tokensController': Unsatisfied dependency expressed through field 'tokensService': Error creating bean with name 'tokensServiceImpl': Unsatisfied dependency expressed through field 'tokensRepository': Error creating bean with name 'tokensRepository' defined in org.example.backgrupo3vima.Repository.tokensRepository defined in @EnableJpaRepositories declared on JpaRepositoriesRegistrar.EnableJpaRepositoriesConfiguration: Could not create query for public abstract java.util.Optional org.example.backgrupo3vima.Repository.tokensRepository.findByUser(org.example.backgrupo3vima.Repository.userRepository); Reason: Failed to create query for method public abstract java.util.Optional org.example.backgrupo3vima.Repository.tokensRepository.findByUser(org.example.backgrupo3vima.Repository.userRepository); No property 'user' found for type 'tokensEntity'
2025-04-11T11:18:59.361-03:00  INFO 4200 --- [backGrupo3ViMa] [restartedMain] j.LocalContainerEntityManagerFactoryBean : Closing JPA EntityManagerFactory for persistence unit 'default'
2025-04-11T11:18:59.366-03:00  INFO 4200 --- [backGrupo3ViMa] [restartedMain] com.zaxxer.hikari.HikariDataSource       : HikariPool-1 - Shutdown initiated...
2025-04-11T11:18:59.378-03:00  INFO 4200 --- [backGrupo3ViMa] [restartedMain] com.zaxxer.hikari.HikariDataSource       : HikariPool-1 - Shutdown completed.
2025-04-11T11:18:59.382-03:00  INFO 4200 --- [backGrupo3ViMa] [restartedMain] o.apache.catalina.core.StandardService   : Stopping service [Tomcat]
2025-04-11T11:18:59.404-03:00  INFO 4200 --- [backGrupo3ViMa] [restartedMain] .s.b.a.l.ConditionEvaluationReportLogger : 

Error starting ApplicationContext. To display the condition evaluation report re-run your application with 'debug' enabled.
2025-04-11T11:18:59.430-03:00 ERROR 4200 --- [backGrupo3ViMa] [restartedMain] o.s.boot.SpringApplication               : Application run failed

org.springframework.beans.factory.UnsatisfiedDependencyException: Error creating bean with name 'tokensController': Unsatisfied dependency expressed through field 'tokensService': Error creating bean with name 'tokensServiceImpl': Unsatisfied dependency expressed through field 'tokensRepository': Error creating bean with name 'tokensRepository' defined in org.example.backgrupo3vima.Repository.tokensRepository defined in @EnableJpaRepositories declared on JpaRepositoriesRegistrar.EnableJpaRepositoriesConfiguration: Could not create query for public abstract java.util.Optional org.example.backgrupo3vima.Repository.tokensRepository.findByUser(org.example.backgrupo3vima.Repository.userRepository); Reason: Failed to create query for method public abstract java.util.Optional org.example.backgrupo3vima.Repository.tokensRepository.findByUser(org.example.backgrupo3vima.Repository.userRepository); No property 'user' found for type 'tokensEntity'
	at org.springframework.beans.factory.annotation.AutowiredAnnotationBeanPostProcessor$AutowiredFieldElement.resolveFieldValue(AutowiredAnnotationBeanPostProcessor.java:788) ~[spring-beans-6.2.3.jar:6.2.3]
	at org.springframework.beans.factory.annotation.AutowiredAnnotationBeanPostProcessor$AutowiredFieldElement.inject(AutowiredAnnotationBeanPostProcessor.java:768) ~[spring-beans-6.2.3.jar:6.2.3]
	at org.springframework.beans.factory.annotation.InjectionMetadata.inject(InjectionMetadata.java:146) ~[spring-beans-6.2.3.jar:6.2.3]
	at org.springframework.beans.factory.annotation.AutowiredAnnotationBeanPostProcessor.postProcessProperties(AutowiredAnnotationBeanPostProcessor.java:509) ~[spring-beans-6.2.3.jar:6.2.3]
	at org.springframework.beans.factory.support.AbstractAutowireCapableBeanFactory.populateBean(AbstractAutowireCapableBeanFactory.java:1445) ~[spring-beans-6.2.3.jar:6.2.3]
	at org.springframework.beans.factory.support.AbstractAutowireCapableBeanFactory.doCreateBean(AbstractAutowireCapableBeanFactory.java:600) ~[spring-beans-6.2.3.jar:6.2.3]
	at org.springframework.beans.factory.support.AbstractAutowireCapableBeanFactory.createBean(AbstractAutowireCapableBeanFactory.java:523) ~[spring-beans-6.2.3.jar:6.2.3]
	at org.springframework.beans.factory.support.AbstractBeanFactory.lambda$doGetBean$0(AbstractBeanFactory.java:339) ~[spring-beans-6.2.3.jar:6.2.3]
	at org.springframework.beans.factory.support.DefaultSingletonBeanRegistry.getSingleton(DefaultSingletonBeanRegistry.java:346) ~[spring-beans-6.2.3.jar:6.2.3]
	at org.springframework.beans.factory.support.AbstractBeanFactory.doGetBean(AbstractBeanFactory.java:337) ~[spring-beans-6.2.3.jar:6.2.3]
	at org.springframework.beans.factory.support.AbstractBeanFactory.getBean(AbstractBeanFactory.java:202) ~[spring-beans-6.2.3.jar:6.2.3]
	at org.springframework.beans.factory.support.DefaultListableBeanFactory.instantiateSingleton(DefaultListableBeanFactory.java:1155) ~[spring-beans-6.2.3.jar:6.2.3]
	at org.springframework.beans.factory.support.DefaultListableBeanFactory.preInstantiateSingleton(DefaultListableBeanFactory.java:1121) ~[spring-beans-6.2.3.jar:6.2.3]
	at org.springframework.beans.factory.support.DefaultListableBeanFactory.preInstantiateSingletons(DefaultListableBeanFactory.java:1056) ~[spring-beans-6.2.3.jar:6.2.3]
	at org.springframework.context.support.AbstractApplicationContext.finishBeanFactoryInitialization(AbstractApplicationContext.java:987) ~[spring-context-6.2.3.jar:6.2.3]
	at org.springframework.context.support.AbstractApplicationContext.refresh(AbstractApplicationContext.java:627) ~[spring-context-6.2.3.jar:6.2.3]
	at org.springframework.boot.web.servlet.context.ServletWebServerApplicationContext.refresh(ServletWebServerApplicationContext.java:146) ~[spring-boot-3.4.3.jar:3.4.3]
	at org.springframework.boot.SpringApplication.refresh(SpringApplication.java:752) ~[spring-boot-3.4.3.jar:3.4.3]
	at org.springframework.boot.SpringApplication.refreshContext(SpringApplication.java:439) ~[spring-boot-3.4.3.jar:3.4.3]
	at org.springframework.boot.SpringApplication.run(SpringApplication.java:318) ~[spring-boot-3.4.3.jar:3.4.3]
	at org.springframework.boot.SpringApplication.run(SpringApplication.java:1361) ~[spring-boot-3.4.3.jar:3.4.3]
	at org.springframework.boot.SpringApplication.run(SpringApplication.java:1350) ~[spring-boot-3.4.3.jar:3.4.3]
	at org.example.backgrupo3vima.BackGrupo3ViMaApplication.main(BackGrupo3ViMaApplication.java:12) ~[classes/:na]
	at java.base/jdk.internal.reflect.DirectMethodHandleAccessor.invoke(DirectMethodHandleAccessor.java:103) ~[na:na]
	at java.base/java.lang.reflect.Method.invoke(Method.java:580) ~[na:na]
	at org.springframework.boot.devtools.restart.RestartLauncher.run(RestartLauncher.java:50) ~[spring-boot-devtools-3.4.3.jar:3.4.3]
Caused by: org.springframework.beans.factory.UnsatisfiedDependencyException: Error creating bean with name 'tokensServiceImpl': Unsatisfied dependency expressed through field 'tokensRepository': Error creating bean with name 'tokensRepository' defined in org.example.backgrupo3vima.Repository.tokensRepository defined in @EnableJpaRepositories declared on JpaRepositoriesRegistrar.EnableJpaRepositoriesConfiguration: Could not create query for public abstract java.util.Optional org.example.backgrupo3vima.Repository.tokensRepository.findByUser(org.example.backgrupo3vima.Repository.userRepository); Reason: Failed to create query for method public abstract java.util.Optional org.example.backgrupo3vima.Repository.tokensRepository.findByUser(org.example.backgrupo3vima.Repository.userRepository); No property 'user' found for type 'tokensEntity'
	at org.springframework.beans.factory.annotation.AutowiredAnnotationBeanPostProcessor$AutowiredFieldElement.resolveFieldValue(AutowiredAnnotationBeanPostProcessor.java:788) ~[spring-beans-6.2.3.jar:6.2.3]
	at org.springframework.beans.factory.annotation.AutowiredAnnotationBeanPostProcessor$AutowiredFieldElement.inject(AutowiredAnnotationBeanPostProcessor.java:768) ~[spring-beans-6.2.3.jar:6.2.3]
	at org.springframework.beans.factory.annotation.InjectionMetadata.inject(InjectionMetadata.java:146) ~[spring-beans-6.2.3.jar:6.2.3]
	at org.springframework.beans.factory.annotation.AutowiredAnnotationBeanPostProcessor.postProcessProperties(AutowiredAnnotationBeanPostProcessor.java:509) ~[spring-beans-6.2.3.jar:6.2.3]
	at org.springframework.beans.factory.support.AbstractAutowireCapableBeanFactory.populateBean(AbstractAutowireCapableBeanFactory.java:1445) ~[spring-beans-6.2.3.jar:6.2.3]
	at org.springframework.beans.factory.support.AbstractAutowireCapableBeanFactory.doCreateBean(AbstractAutowireCapableBeanFactory.java:600) ~[spring-beans-6.2.3.jar:6.2.3]
	at org.springframework.beans.factory.support.AbstractAutowireCapableBeanFactory.createBean(AbstractAutowireCapableBeanFactory.java:523) ~[spring-beans-6.2.3.jar:6.2.3]
	at org.springframework.beans.factory.support.AbstractBeanFactory.lambda$doGetBean$0(AbstractBeanFactory.java:339) ~[spring-beans-6.2.3.jar:6.2.3]
	at org.springframework.beans.factory.support.DefaultSingletonBeanRegistry.getSingleton(DefaultSingletonBeanRegistry.java:346) ~[spring-beans-6.2.3.jar:6.2.3]
	at org.springframework.beans.factory.support.AbstractBeanFactory.doGetBean(AbstractBeanFactory.java:337) ~[spring-beans-6.2.3.jar:6.2.3]
	at org.springframework.beans.factory.support.AbstractBeanFactory.getBean(AbstractBeanFactory.java:202) ~[spring-beans-6.2.3.jar:6.2.3]
	at org.springframework.beans.factory.config.DependencyDescriptor.resolveCandidate(DependencyDescriptor.java:254) ~[spring-beans-6.2.3.jar:6.2.3]
	at org.springframework.beans.factory.support.DefaultListableBeanFactory.doResolveDependency(DefaultListableBeanFactory.java:1664) ~[spring-beans-6.2.3.jar:6.2.3]
	at org.springframework.beans.factory.support.DefaultListableBeanFactory.resolveDependency(DefaultListableBeanFactory.java:1552) ~[spring-beans-6.2.3.jar:6.2.3]
	at org.springframework.beans.factory.annotation.AutowiredAnnotationBeanPostProcessor$AutowiredFieldElement.resolveFieldValue(AutowiredAnnotationBeanPostProcessor.java:785) ~[spring-beans-6.2.3.jar:6.2.3]
	... 25 common frames omitted
Caused by: org.springframework.beans.factory.BeanCreationException: Error creating bean with name 'tokensRepository' defined in org.example.backgrupo3vima.Repository.tokensRepository defined in @EnableJpaRepositories declared on JpaRepositoriesRegistrar.EnableJpaRepositoriesConfiguration: Could not create query for public abstract java.util.Optional org.example.backgrupo3vima.Repository.tokensRepository.findByUser(org.example.backgrupo3vima.Repository.userRepository); Reason: Failed to create query for method public abstract java.util.Optional org.example.backgrupo3vima.Repository.tokensRepository.findByUser(org.example.backgrupo3vima.Repository.userRepository); No property 'user' found for type 'tokensEntity'
	at org.springframework.beans.factory.support.AbstractAutowireCapableBeanFactory.initializeBean(AbstractAutowireCapableBeanFactory.java:1812) ~[spring-beans-6.2.3.jar:6.2.3]
	at org.springframework.beans.factory.support.AbstractAutowireCapableBeanFactory.doCreateBean(AbstractAutowireCapableBeanFactory.java:601) ~[spring-beans-6.2.3.jar:6.2.3]
	at org.springframework.beans.factory.support.AbstractAutowireCapableBeanFactory.createBean(AbstractAutowireCapableBeanFactory.java:523) ~[spring-beans-6.2.3.jar:6.2.3]
	at org.springframework.beans.factory.support.AbstractBeanFactory.lambda$doGetBean$0(AbstractBeanFactory.java:339) ~[spring-beans-6.2.3.jar:6.2.3]
	at org.springframework.beans.factory.support.DefaultSingletonBeanRegistry.getSingleton(DefaultSingletonBeanRegistry.java:346) ~[spring-beans-6.2.3.jar:6.2.3]
	at org.springframework.beans.factory.support.AbstractBeanFactory.doGetBean(AbstractBeanFactory.java:337) ~[spring-beans-6.2.3.jar:6.2.3]
	at org.springframework.beans.factory.support.AbstractBeanFactory.getBean(AbstractBeanFactory.java:202) ~[spring-beans-6.2.3.jar:6.2.3]
	at org.springframework.beans.factory.support.DefaultListableBeanFactory.doResolveDependency(DefaultListableBeanFactory.java:1606) ~[spring-beans-6.2.3.jar:6.2.3]
	at org.springframework.beans.factory.support.DefaultListableBeanFactory.resolveDependency(DefaultListableBeanFactory.java:1552) ~[spring-beans-6.2.3.jar:6.2.3]
	at org.springframework.beans.factory.annotation.AutowiredAnnotationBeanPostProcessor$AutowiredFieldElement.resolveFieldValue(AutowiredAnnotationBeanPostProcessor.java:785) ~[spring-beans-6.2.3.jar:6.2.3]
	... 39 common frames omitted
Caused by: org.springframework.data.repository.query.QueryCreationException: Could not create query for public abstract java.util.Optional org.example.backgrupo3vima.Repository.tokensRepository.findByUser(org.example.backgrupo3vima.Repository.userRepository); Reason: Failed to create query for method public abstract java.util.Optional org.example.backgrupo3vima.Repository.tokensRepository.findByUser(org.example.backgrupo3vima.Repository.userRepository); No property 'user' found for type 'tokensEntity'
	at org.springframework.data.repository.query.QueryCreationException.create(QueryCreationException.java:101) ~[spring-data-commons-3.4.3.jar:3.4.3]
	at org.springframework.data.repository.core.support.QueryExecutorMethodInterceptor.lookupQuery(QueryExecutorMethodInterceptor.java:120) ~[spring-data-commons-3.4.3.jar:3.4.3]
	at org.springframework.data.repository.core.support.QueryExecutorMethodInterceptor.mapMethodsToQuery(QueryExecutorMethodInterceptor.java:104) ~[spring-data-commons-3.4.3.jar:3.4.3]
	at org.springframework.data.repository.core.support.QueryExecutorMethodInterceptor.lambda$new$0(QueryExecutorMethodInterceptor.java:92) ~[spring-data-commons-3.4.3.jar:3.4.3]
	at java.base/java.util.Optional.map(Optional.java:260) ~[na:na]
	at org.springframework.data.repository.core.support.QueryExecutorMethodInterceptor.<init>(QueryExecutorMethodInterceptor.java:92) ~[spring-data-commons-3.4.3.jar:3.4.3]
	at org.springframework.data.repository.core.support.RepositoryFactorySupport.getRepository(RepositoryFactorySupport.java:440) ~[spring-data-commons-3.4.3.jar:3.4.3]
	at org.springframework.data.repository.core.support.RepositoryFactoryBeanSupport.lambda$afterPropertiesSet$4(RepositoryFactoryBeanSupport.java:350) ~[spring-data-commons-3.4.3.jar:3.4.3]
	at org.springframework.data.util.Lazy.getNullable(Lazy.java:135) ~[spring-data-commons-3.4.3.jar:3.4.3]
	at org.springframework.data.util.Lazy.get(Lazy.java:113) ~[spring-data-commons-3.4.3.jar:3.4.3]
	at org.springframework.data.repository.core.support.RepositoryFactoryBeanSupport.afterPropertiesSet(RepositoryFactoryBeanSupport.java:356) ~[spring-data-commons-3.4.3.jar:3.4.3]
	at org.springframework.data.jpa.repository.support.JpaRepositoryFactoryBean.afterPropertiesSet(JpaRepositoryFactoryBean.java:132) ~[spring-data-jpa-3.4.3.jar:3.4.3]
	at org.springframework.beans.factory.support.AbstractAutowireCapableBeanFactory.invokeInitMethods(AbstractAutowireCapableBeanFactory.java:1859) ~[spring-beans-6.2.3.jar:6.2.3]
	at org.springframework.beans.factory.support.AbstractAutowireCapableBeanFactory.initializeBean(AbstractAutowireCapableBeanFactory.java:1808) ~[spring-beans-6.2.3.jar:6.2.3]
	... 48 common frames omitted
Caused by: java.lang.IllegalArgumentException: Failed to create query for method public abstract java.util.Optional org.example.backgrupo3vima.Repository.tokensRepository.findByUser(org.example.backgrupo3vima.Repository.userRepository); No property 'user' found for type 'tokensEntity'
	at org.springframework.data.jpa.repository.query.PartTreeJpaQuery.<init>(PartTreeJpaQuery.java:107) ~[spring-data-jpa-3.4.3.jar:3.4.3]
	at org.springframework.data.jpa.repository.query.JpaQueryLookupStrategy$CreateQueryLookupStrategy.resolveQuery(JpaQueryLookupStrategy.java:128) ~[spring-data-jpa-3.4.3.jar:3.4.3]
	at org.springframework.data.jpa.repository.query.JpaQueryLookupStrategy$CreateIfNotFoundQueryLookupStrategy.resolveQuery(JpaQueryLookupStrategy.java:262) ~[spring-data-jpa-3.4.3.jar:3.4.3]
	at org.springframework.data.jpa.repository.query.JpaQueryLookupStrategy$AbstractQueryLookupStrategy.resolveQuery(JpaQueryLookupStrategy.java:99) ~[spring-data-jpa-3.4.3.jar:3.4.3]
	at org.springframework.data.repository.core.support.QueryExecutorMethodInterceptor.lookupQuery(QueryExecutorMethodInterceptor.java:116) ~[spring-data-commons-3.4.3.jar:3.4.3]
	... 60 common frames omitted
Caused by: org.springframework.data.mapping.PropertyReferenceException: No property 'user' found for type 'tokensEntity'
	at org.springframework.data.mapping.PropertyPath.<init>(PropertyPath.java:94) ~[spring-data-commons-3.4.3.jar:3.4.3]
	at org.springframework.data.mapping.PropertyPath.create(PropertyPath.java:455) ~[spring-data-commons-3.4.3.jar:3.4.3]
	at org.springframework.data.mapping.PropertyPath.create(PropertyPath.java:431) ~[spring-data-commons-3.4.3.jar:3.4.3]
	at org.springframework.data.mapping.PropertyPath.lambda$from$0(PropertyPath.java:384) ~[spring-data-commons-3.4.3.jar:3.4.3]
	at java.base/java.util.concurrent.ConcurrentMap.computeIfAbsent(ConcurrentMap.java:330) ~[na:na]
	at org.springframework.data.mapping.PropertyPath.from(PropertyPath.java:366) ~[spring-data-commons-3.4.3.jar:3.4.3]
	at org.springframework.data.mapping.PropertyPath.from(PropertyPath.java:344) ~[spring-data-commons-3.4.3.jar:3.4.3]
	at org.springframework.data.repository.query.parser.Part.<init>(Part.java:81) ~[spring-data-commons-3.4.3.jar:3.4.3]
	at org.springframework.data.repository.query.parser.PartTree$OrPart.lambda$new$0(PartTree.java:259) ~[spring-data-commons-3.4.3.jar:3.4.3]
	at java.base/java.util.stream.ReferencePipeline$3$1.accept(ReferencePipeline.java:212) ~[na:na]
	at java.base/java.util.stream.ReferencePipeline$2$1.accept(ReferencePipeline.java:194) ~[na:na]
	at java.base/java.util.Spliterators$ArraySpliterator.forEachRemaining(Spliterators.java:1024) ~[na:na]
	at java.base/java.util.stream.AbstractPipeline.copyInto(AbstractPipeline.java:556) ~[na:na]
	at java.base/java.util.stream.AbstractPipeline.wrapAndCopyInto(AbstractPipeline.java:546) ~[na:na]
	at java.base/java.util.stream.ReduceOps$ReduceOp.evaluateSequential(ReduceOps.java:921) ~[na:na]
	at java.base/java.util.stream.AbstractPipeline.evaluate(AbstractPipeline.java:265) ~[na:na]
	at java.base/java.util.stream.ReferencePipeline.collect(ReferencePipeline.java:702) ~[na:na]
	at org.springframework.data.repository.query.parser.PartTree$OrPart.<init>(PartTree.java:260) ~[spring-data-commons-3.4.3.jar:3.4.3]
	at org.springframework.data.repository.query.parser.PartTree$Predicate.lambda$new$0(PartTree.java:389) ~[spring-data-commons-3.4.3.jar:3.4.3]
	at java.base/java.util.stream.ReferencePipeline$3$1.accept(ReferencePipeline.java:212) ~[na:na]
	at java.base/java.util.stream.ReferencePipeline$2$1.accept(ReferencePipeline.java:194) ~[na:na]
	at java.base/java.util.Spliterators$ArraySpliterator.forEachRemaining(Spliterators.java:1024) ~[na:na]
	at java.base/java.util.stream.AbstractPipeline.copyInto(AbstractPipeline.java:556) ~[na:na]
	at java.base/java.util.stream.AbstractPipeline.wrapAndCopyInto(AbstractPipeline.java:546) ~[na:na]
	at java.base/java.util.stream.ReduceOps$ReduceOp.evaluateSequential(ReduceOps.java:921) ~[na:na]
	at java.base/java.util.stream.AbstractPipeline.evaluate(AbstractPipeline.java:265) ~[na:na]
	at java.base/java.util.stream.ReferencePipeline.collect(ReferencePipeline.java:702) ~[na:na]
	at org.springframework.data.repository.query.parser.PartTree$Predicate.<init>(PartTree.java:390) ~[spring-data-commons-3.4.3.jar:3.4.3]
	at org.springframework.data.repository.query.parser.PartTree.<init>(PartTree.java:103) ~[spring-data-commons-3.4.3.jar:3.4.3]
	at org.springframework.data.jpa.repository.query.PartTreeJpaQuery.<init>(PartTreeJpaQuery.java:101) ~[spring-data-jpa-3.4.3.jar:3.4.3]
	... 64 common frames omitted

2025-04-11T11:20:54.716-03:00  INFO 35224 --- [backGrupo3ViMa] [restartedMain] o.e.b.BackGrupo3ViMaApplication          : Starting BackGrupo3ViMaApplication using Java 22.0.2 with PID 35224 (C:\Users\franc\Documents\GitHub\DesarrolloAPSI\backend\backGrupo4ViMa\target\classes started by franc in C:\Users\franc\Documents\GitHub\DesarrolloAPSI\backend\backGrupo4ViMa)
2025-04-11T11:20:54.719-03:00  INFO 35224 --- [backGrupo3ViMa] [restartedMain] o.e.b.BackGrupo3ViMaApplication          : No active profile set, falling back to 1 default profile: "default"
2025-04-11T11:20:54.800-03:00  INFO 35224 --- [backGrupo3ViMa] [restartedMain] .e.DevToolsPropertyDefaultsPostProcessor : Devtools property defaults active! Set 'spring.devtools.add-properties' to 'false' to disable
2025-04-11T11:20:54.800-03:00  INFO 35224 --- [backGrupo3ViMa] [restartedMain] .e.DevToolsPropertyDefaultsPostProcessor : For additional web related logging consider setting the 'logging.level.web' property to 'DEBUG'
2025-04-11T11:20:56.241-03:00  INFO 35224 --- [backGrupo3ViMa] [restartedMain] .s.d.r.c.RepositoryConfigurationDelegate : Bootstrapping Spring Data JPA repositories in DEFAULT mode.
2025-04-11T11:20:56.329-03:00  INFO 35224 --- [backGrupo3ViMa] [restartedMain] .s.d.r.c.RepositoryConfigurationDelegate : Finished Spring Data repository scanning in 77 ms. Found 5 JPA repository interfaces.
2025-04-11T11:20:57.399-03:00  INFO 35224 --- [backGrupo3ViMa] [restartedMain] o.s.b.w.embedded.tomcat.TomcatWebServer  : Tomcat initialized with port 4002 (http)
2025-04-11T11:20:57.417-03:00  INFO 35224 --- [backGrupo3ViMa] [restartedMain] o.apache.catalina.core.StandardService   : Starting service [Tomcat]
2025-04-11T11:20:57.417-03:00  INFO 35224 --- [backGrupo3ViMa] [restartedMain] o.apache.catalina.core.StandardEngine    : Starting Servlet engine: [Apache Tomcat/10.1.36]
2025-04-11T11:20:57.481-03:00  INFO 35224 --- [backGrupo3ViMa] [restartedMain] o.a.c.c.C.[Tomcat].[localhost].[/]       : Initializing Spring embedded WebApplicationContext
2025-04-11T11:20:57.482-03:00  INFO 35224 --- [backGrupo3ViMa] [restartedMain] w.s.c.ServletWebServerApplicationContext : Root WebApplicationContext: initialization completed in 2680 ms
2025-04-11T11:20:57.724-03:00 DEBUG 35224 --- [backGrupo3ViMa] [restartedMain] o.s.w.f.ServerHttpObservationFilter      : Filter 'webMvcObservationFilter' configured for use
2025-04-11T11:20:57.885-03:00  INFO 35224 --- [backGrupo3ViMa] [restartedMain] o.hibernate.jpa.internal.util.LogHelper  : HHH000204: Processing PersistenceUnitInfo [name: default]
2025-04-11T11:20:57.951-03:00  INFO 35224 --- [backGrupo3ViMa] [restartedMain] org.hibernate.Version                    : HHH000412: Hibernate ORM core version 6.6.8.Final
2025-04-11T11:20:57.986-03:00  INFO 35224 --- [backGrupo3ViMa] [restartedMain] o.h.c.internal.RegionFactoryInitiator    : HHH000026: Second-level cache disabled
2025-04-11T11:20:58.314-03:00  INFO 35224 --- [backGrupo3ViMa] [restartedMain] o.s.o.j.p.SpringPersistenceUnitInfo      : No LoadTimeWeaver setup: ignoring JPA class transformer
2025-04-11T11:20:58.349-03:00  INFO 35224 --- [backGrupo3ViMa] [restartedMain] com.zaxxer.hikari.HikariDataSource       : HikariPool-1 - Starting...
2025-04-11T11:20:58.722-03:00  INFO 35224 --- [backGrupo3ViMa] [restartedMain] com.zaxxer.hikari.pool.HikariPool        : HikariPool-1 - Added connection com.mysql.cj.jdbc.ConnectionImpl@77699ff7
2025-04-11T11:20:58.724-03:00  INFO 35224 --- [backGrupo3ViMa] [restartedMain] com.zaxxer.hikari.HikariDataSource       : HikariPool-1 - Start completed.
2025-04-11T11:20:58.814-03:00  INFO 35224 --- [backGrupo3ViMa] [restartedMain] org.hibernate.orm.connections.pooling    : HHH10001005: Database info:
	Database JDBC URL [Connecting through datasource 'HikariDataSource (HikariPool-1)']
	Database driver: undefined/unknown
	Database version: 8.0.41
	Autocommit mode: undefined/unknown
	Isolation level: undefined/unknown
	Minimum pool size: undefined/unknown
	Maximum pool size: undefined/unknown
2025-04-11T11:20:59.942-03:00  INFO 35224 --- [backGrupo3ViMa] [restartedMain] o.h.e.t.j.p.i.JtaPlatformInitiator       : HHH000489: No JTA platform available (set 'hibernate.transaction.jta.platform' to enable JTA platform integration)
2025-04-11T11:21:00.441-03:00  INFO 35224 --- [backGrupo3ViMa] [restartedMain] j.LocalContainerEntityManagerFactoryBean : Initialized JPA EntityManagerFactory for persistence unit 'default'
2025-04-11T11:21:00.974-03:00  WARN 35224 --- [backGrupo3ViMa] [restartedMain] ConfigServletWebServerApplicationContext : Exception encountered during context initialization - cancelling refresh attempt: org.springframework.beans.factory.UnsatisfiedDependencyException: Error creating bean with name 'userController': Unsatisfied dependency expressed through field 'userService': Error creating bean with name 'userServiceImpl': Unsatisfied dependency expressed through field 'userService': Error creating bean with name 'userServiceImpl': Requested bean is currently in creation: Is there an unresolvable circular reference or an asynchronous initialization dependency?
2025-04-11T11:21:00.974-03:00  INFO 35224 --- [backGrupo3ViMa] [restartedMain] j.LocalContainerEntityManagerFactoryBean : Closing JPA EntityManagerFactory for persistence unit 'default'
2025-04-11T11:21:00.979-03:00  INFO 35224 --- [backGrupo3ViMa] [restartedMain] com.zaxxer.hikari.HikariDataSource       : HikariPool-1 - Shutdown initiated...
2025-04-11T11:21:00.985-03:00  INFO 35224 --- [backGrupo3ViMa] [restartedMain] com.zaxxer.hikari.HikariDataSource       : HikariPool-1 - Shutdown completed.
2025-04-11T11:21:00.990-03:00  INFO 35224 --- [backGrupo3ViMa] [restartedMain] o.apache.catalina.core.StandardService   : Stopping service [Tomcat]
2025-04-11T11:21:01.007-03:00  INFO 35224 --- [backGrupo3ViMa] [restartedMain] .s.b.a.l.ConditionEvaluationReportLogger : 

Error starting ApplicationContext. To display the condition evaluation report re-run your application with 'debug' enabled.
2025-04-11T11:21:01.031-03:00 ERROR 35224 --- [backGrupo3ViMa] [restartedMain] o.s.b.d.LoggingFailureAnalysisReporter   : 

***************************
APPLICATION FAILED TO START
***************************

Description:

The dependencies of some of the beans in the application context form a cycle:

   userController (field private org.example.backgrupo3vima.Service.userService org.example.backgrupo3vima.Controller.userController.userService)
┌─────┐
|  userServiceImpl (field private org.example.backgrupo3vima.Service.userService org.example.backgrupo3vima.Service.userServiceImpl.userService)
└─────┘


Action:

Relying upon circular references is discouraged and they are prohibited by default. Update your application to remove the dependency cycle between beans. As a last resort, it may be possible to break the cycle automatically by setting spring.main.allow-circular-references to true.

2025-04-11T11:23:15.717-03:00  INFO 1072 --- [backGrupo3ViMa] [restartedMain] o.e.b.BackGrupo3ViMaApplication          : Starting BackGrupo3ViMaApplication using Java 22.0.2 with PID 1072 (C:\Users\franc\Documents\GitHub\DesarrolloAPSI\backend\backGrupo4ViMa\target\classes started by franc in C:\Users\franc\Documents\GitHub\DesarrolloAPSI\backend\backGrupo4ViMa)
2025-04-11T11:23:15.719-03:00  INFO 1072 --- [backGrupo3ViMa] [restartedMain] o.e.b.BackGrupo3ViMaApplication          : No active profile set, falling back to 1 default profile: "default"
2025-04-11T11:23:15.802-03:00  INFO 1072 --- [backGrupo3ViMa] [restartedMain] .e.DevToolsPropertyDefaultsPostProcessor : Devtools property defaults active! Set 'spring.devtools.add-properties' to 'false' to disable
2025-04-11T11:23:15.802-03:00  INFO 1072 --- [backGrupo3ViMa] [restartedMain] .e.DevToolsPropertyDefaultsPostProcessor : For additional web related logging consider setting the 'logging.level.web' property to 'DEBUG'
2025-04-11T11:23:17.529-03:00  INFO 1072 --- [backGrupo3ViMa] [restartedMain] .s.d.r.c.RepositoryConfigurationDelegate : Bootstrapping Spring Data JPA repositories in DEFAULT mode.
2025-04-11T11:23:17.630-03:00  INFO 1072 --- [backGrupo3ViMa] [restartedMain] .s.d.r.c.RepositoryConfigurationDelegate : Finished Spring Data repository scanning in 90 ms. Found 5 JPA repository interfaces.
2025-04-11T11:23:18.923-03:00  INFO 1072 --- [backGrupo3ViMa] [restartedMain] o.s.b.w.embedded.tomcat.TomcatWebServer  : Tomcat initialized with port 4002 (http)
2025-04-11T11:23:18.943-03:00  INFO 1072 --- [backGrupo3ViMa] [restartedMain] o.apache.catalina.core.StandardService   : Starting service [Tomcat]
2025-04-11T11:23:18.944-03:00  INFO 1072 --- [backGrupo3ViMa] [restartedMain] o.apache.catalina.core.StandardEngine    : Starting Servlet engine: [Apache Tomcat/10.1.36]
2025-04-11T11:23:19.005-03:00  INFO 1072 --- [backGrupo3ViMa] [restartedMain] o.a.c.c.C.[Tomcat].[localhost].[/]       : Initializing Spring embedded WebApplicationContext
2025-04-11T11:23:19.006-03:00  INFO 1072 --- [backGrupo3ViMa] [restartedMain] w.s.c.ServletWebServerApplicationContext : Root WebApplicationContext: initialization completed in 3203 ms
2025-04-11T11:23:19.309-03:00 DEBUG 1072 --- [backGrupo3ViMa] [restartedMain] o.s.w.f.ServerHttpObservationFilter      : Filter 'webMvcObservationFilter' configured for use
2025-04-11T11:23:19.510-03:00  INFO 1072 --- [backGrupo3ViMa] [restartedMain] o.hibernate.jpa.internal.util.LogHelper  : HHH000204: Processing PersistenceUnitInfo [name: default]
2025-04-11T11:23:19.590-03:00  INFO 1072 --- [backGrupo3ViMa] [restartedMain] org.hibernate.Version                    : HHH000412: Hibernate ORM core version 6.6.8.Final
2025-04-11T11:23:19.638-03:00  INFO 1072 --- [backGrupo3ViMa] [restartedMain] o.h.c.internal.RegionFactoryInitiator    : HHH000026: Second-level cache disabled
2025-04-11T11:23:20.064-03:00  INFO 1072 --- [backGrupo3ViMa] [restartedMain] o.s.o.j.p.SpringPersistenceUnitInfo      : No LoadTimeWeaver setup: ignoring JPA class transformer
2025-04-11T11:23:20.110-03:00  INFO 1072 --- [backGrupo3ViMa] [restartedMain] com.zaxxer.hikari.HikariDataSource       : HikariPool-1 - Starting...
2025-04-11T11:23:20.560-03:00  INFO 1072 --- [backGrupo3ViMa] [restartedMain] com.zaxxer.hikari.pool.HikariPool        : HikariPool-1 - Added connection com.mysql.cj.jdbc.ConnectionImpl@77699ff7
2025-04-11T11:23:20.563-03:00  INFO 1072 --- [backGrupo3ViMa] [restartedMain] com.zaxxer.hikari.HikariDataSource       : HikariPool-1 - Start completed.
2025-04-11T11:23:20.661-03:00  INFO 1072 --- [backGrupo3ViMa] [restartedMain] org.hibernate.orm.connections.pooling    : HHH10001005: Database info:
	Database JDBC URL [Connecting through datasource 'HikariDataSource (HikariPool-1)']
	Database driver: undefined/unknown
	Database version: 8.0.41
	Autocommit mode: undefined/unknown
	Isolation level: undefined/unknown
	Minimum pool size: undefined/unknown
	Maximum pool size: undefined/unknown
2025-04-11T11:23:22.063-03:00  INFO 1072 --- [backGrupo3ViMa] [restartedMain] o.h.e.t.j.p.i.JtaPlatformInitiator       : HHH000489: No JTA platform available (set 'hibernate.transaction.jta.platform' to enable JTA platform integration)
2025-04-11T11:23:22.173-03:00  INFO 1072 --- [backGrupo3ViMa] [restartedMain] j.LocalContainerEntityManagerFactoryBean : Initialized JPA EntityManagerFactory for persistence unit 'default'
2025-04-11T11:23:23.023-03:00  WARN 1072 --- [backGrupo3ViMa] [restartedMain] JpaBaseConfiguration$JpaWebConfiguration : spring.jpa.open-in-view is enabled by default. Therefore, database queries may be performed during view rendering. Explicitly configure spring.jpa.open-in-view to disable this warning
2025-04-11T11:23:23.161-03:00  WARN 1072 --- [backGrupo3ViMa] [restartedMain] .s.s.UserDetailsServiceAutoConfiguration : 

Using generated security password: 3d14c5c3-0e18-4d0a-b745-1236cd5b6402

This generated password is for development use only. Your security configuration must be updated before running your application in production.

2025-04-11T11:23:23.211-03:00  INFO 1072 --- [backGrupo3ViMa] [restartedMain] r$InitializeUserDetailsManagerConfigurer : Global AuthenticationManager configured with UserDetailsService bean with name inMemoryUserDetailsManager
2025-04-11T11:23:23.586-03:00 DEBUG 1072 --- [backGrupo3ViMa] [restartedMain] s.w.s.m.m.a.RequestMappingHandlerMapping : 10 mappings in 'requestMappingHandlerMapping'
2025-04-11T11:23:23.847-03:00 DEBUG 1072 --- [backGrupo3ViMa] [restartedMain] o.s.w.s.handler.SimpleUrlHandlerMapping  : Patterns [/webjars/**, /**, /swagger-ui*/*swagger-initializer.js, /swagger-ui*/**] in 'resourceHandlerMapping'
2025-04-11T11:23:24.236-03:00  INFO 1072 --- [backGrupo3ViMa] [restartedMain] o.s.b.a.e.web.EndpointLinksResolver      : Exposing 1 endpoint beneath base path '/actuator'
2025-04-11T11:23:24.380-03:00  INFO 1072 --- [backGrupo3ViMa] [restartedMain] o.s.v.b.OptionalValidatorFactoryBean     : Failed to set up a Bean Validation provider: jakarta.validation.NoProviderFoundException: Unable to create a Configuration, because no Jakarta Bean Validation provider could be found. Add a provider like Hibernate Validator (RI) to your classpath.
2025-04-11T11:23:24.460-03:00 DEBUG 1072 --- [backGrupo3ViMa] [restartedMain] s.w.s.m.m.a.RequestMappingHandlerAdapter : ControllerAdvice beans: 0 @ModelAttribute, 0 @InitBinder, 1 RequestBodyAdvice, 1 ResponseBodyAdvice
2025-04-11T11:23:24.559-03:00 DEBUG 1072 --- [backGrupo3ViMa] [restartedMain] .m.m.a.ExceptionHandlerExceptionResolver : ControllerAdvice beans: 1 @ExceptionHandler, 1 ResponseBodyAdvice
2025-04-11T11:23:25.194-03:00  INFO 1072 --- [backGrupo3ViMa] [restartedMain] o.s.b.d.a.OptionalLiveReloadServer       : LiveReload server is running on port 35729
2025-04-11T11:23:25.380-03:00  INFO 1072 --- [backGrupo3ViMa] [restartedMain] o.s.b.w.embedded.tomcat.TomcatWebServer  : Tomcat started on port 4002 (http) with context path '/'
2025-04-11T11:23:25.405-03:00  INFO 1072 --- [backGrupo3ViMa] [restartedMain] o.e.b.BackGrupo3ViMaApplication          : Started BackGrupo3ViMaApplication in 10.624 seconds (process running for 12.099)
2025-04-11T11:23:25.799-03:00  INFO 1072 --- [backGrupo3ViMa] [RMI TCP Connection(3)-192.168.1.51] o.a.c.c.C.[Tomcat].[localhost].[/]       : Initializing Spring DispatcherServlet 'dispatcherServlet'
2025-04-11T11:23:25.800-03:00  INFO 1072 --- [backGrupo3ViMa] [RMI TCP Connection(3)-192.168.1.51] o.s.web.servlet.DispatcherServlet        : Initializing Servlet 'dispatcherServlet'
2025-04-11T11:23:25.801-03:00 DEBUG 1072 --- [backGrupo3ViMa] [RMI TCP Connection(3)-192.168.1.51] o.s.web.servlet.DispatcherServlet        : Detected StandardServletMultipartResolver
2025-04-11T11:23:25.801-03:00 DEBUG 1072 --- [backGrupo3ViMa] [RMI TCP Connection(3)-192.168.1.51] o.s.web.servlet.DispatcherServlet        : Detected AcceptHeaderLocaleResolver
2025-04-11T11:23:25.802-03:00 DEBUG 1072 --- [backGrupo3ViMa] [RMI TCP Connection(3)-192.168.1.51] o.s.web.servlet.DispatcherServlet        : Detected FixedThemeResolver
2025-04-11T11:23:25.805-03:00 DEBUG 1072 --- [backGrupo3ViMa] [RMI TCP Connection(3)-192.168.1.51] o.s.web.servlet.DispatcherServlet        : Detected org.springframework.web.servlet.view.DefaultRequestToViewNameTranslator@26190e3a
2025-04-11T11:23:25.808-03:00 DEBUG 1072 --- [backGrupo3ViMa] [RMI TCP Connection(3)-192.168.1.51] o.s.web.servlet.DispatcherServlet        : Detected org.springframework.web.servlet.support.SessionFlashMapManager@51e5e104
2025-04-11T11:23:25.809-03:00 DEBUG 1072 --- [backGrupo3ViMa] [RMI TCP Connection(3)-192.168.1.51] o.s.web.servlet.DispatcherServlet        : enableLoggingRequestDetails='false': request parameters and headers will be masked to prevent unsafe logging of potentially sensitive data
2025-04-11T11:23:25.810-03:00  INFO 1072 --- [backGrupo3ViMa] [RMI TCP Connection(3)-192.168.1.51] o.s.web.servlet.DispatcherServlet        : Completed initialization in 9 ms
2025-04-11T11:23:37.806-03:00 DEBUG 1072 --- [backGrupo3ViMa] [http-nio-4002-exec-1] o.s.web.servlet.DispatcherServlet        : GET "/swagger-ui/index.html", parameters={}
2025-04-11T11:23:37.820-03:00 DEBUG 1072 --- [backGrupo3ViMa] [http-nio-4002-exec-1] o.s.w.s.handler.SimpleUrlHandlerMapping  : Mapped to ResourceHttpRequestHandler [classpath [META-INF/resources/webjars/]]
2025-04-11T11:23:37.941-03:00 DEBUG 1072 --- [backGrupo3ViMa] [http-nio-4002-exec-1] o.s.web.servlet.DispatcherServlet        : Completed 200 OK
2025-04-11T11:23:38.029-03:00 DEBUG 1072 --- [backGrupo3ViMa] [http-nio-4002-exec-2] o.s.web.servlet.DispatcherServlet        : GET "/swagger-ui/swagger-ui.css", parameters={}
2025-04-11T11:23:38.036-03:00 DEBUG 1072 --- [backGrupo3ViMa] [http-nio-4002-exec-2] o.s.w.s.handler.SimpleUrlHandlerMapping  : Mapped to ResourceHttpRequestHandler [classpath [META-INF/resources/webjars/]]
2025-04-11T11:23:38.039-03:00 DEBUG 1072 --- [backGrupo3ViMa] [http-nio-4002-exec-5] o.s.web.servlet.DispatcherServlet        : GET "/swagger-ui/swagger-ui-bundle.js", parameters={}
2025-04-11T11:23:38.040-03:00 DEBUG 1072 --- [backGrupo3ViMa] [http-nio-4002-exec-3] o.s.web.servlet.DispatcherServlet        : GET "/swagger-ui/index.css", parameters={}
2025-04-11T11:23:38.043-03:00 DEBUG 1072 --- [backGrupo3ViMa] [http-nio-4002-exec-7] o.s.web.servlet.DispatcherServlet        : GET "/swagger-ui/swagger-ui-standalone-preset.js", parameters={}
2025-04-11T11:23:38.043-03:00 DEBUG 1072 --- [backGrupo3ViMa] [http-nio-4002-exec-3] o.s.w.s.handler.SimpleUrlHandlerMapping  : Mapped to ResourceHttpRequestHandler [classpath [META-INF/resources/webjars/]]
2025-04-11T11:23:38.043-03:00 DEBUG 1072 --- [backGrupo3ViMa] [http-nio-4002-exec-5] o.s.w.s.handler.SimpleUrlHandlerMapping  : Mapped to ResourceHttpRequestHandler [classpath [META-INF/resources/webjars/]]
2025-04-11T11:23:38.046-03:00 DEBUG 1072 --- [backGrupo3ViMa] [http-nio-4002-exec-6] o.s.web.servlet.DispatcherServlet        : GET "/swagger-ui/swagger-initializer.js", parameters={}
2025-04-11T11:23:38.046-03:00 DEBUG 1072 --- [backGrupo3ViMa] [http-nio-4002-exec-7] o.s.w.s.handler.SimpleUrlHandlerMapping  : Mapped to ResourceHttpRequestHandler [classpath [META-INF/resources/webjars/]]
2025-04-11T11:23:38.049-03:00 DEBUG 1072 --- [backGrupo3ViMa] [http-nio-4002-exec-6] o.s.w.s.handler.SimpleUrlHandlerMapping  : Mapped to ResourceHttpRequestHandler [classpath [META-INF/resources/webjars/]]
2025-04-11T11:23:38.066-03:00 DEBUG 1072 --- [backGrupo3ViMa] [http-nio-4002-exec-3] o.s.web.servlet.DispatcherServlet        : Completed 200 OK
2025-04-11T11:23:38.092-03:00 DEBUG 1072 --- [backGrupo3ViMa] [http-nio-4002-exec-2] o.s.web.servlet.DispatcherServlet        : Completed 200 OK
2025-04-11T11:23:38.102-03:00 DEBUG 1072 --- [backGrupo3ViMa] [http-nio-4002-exec-7] o.s.web.servlet.DispatcherServlet        : Completed 200 OK
2025-04-11T11:23:38.121-03:00 DEBUG 1072 --- [backGrupo3ViMa] [http-nio-4002-exec-6] o.s.web.servlet.DispatcherServlet        : Completed 200 OK
2025-04-11T11:23:38.153-03:00 DEBUG 1072 --- [backGrupo3ViMa] [http-nio-4002-exec-5] o.s.web.servlet.DispatcherServlet        : Completed 200 OK
2025-04-11T11:23:38.530-03:00 DEBUG 1072 --- [backGrupo3ViMa] [http-nio-4002-exec-4] o.s.web.servlet.DispatcherServlet        : GET "/v3/api-docs/swagger-config", parameters={}
2025-04-11T11:23:38.532-03:00 DEBUG 1072 --- [backGrupo3ViMa] [http-nio-4002-exec-4] s.w.s.m.m.a.RequestMappingHandlerMapping : Mapped to org.springdoc.webmvc.ui.SwaggerConfigResource#openapiJson(HttpServletRequest)
2025-04-11T11:23:38.542-03:00 DEBUG 1072 --- [backGrupo3ViMa] [http-nio-4002-exec-8] o.s.web.servlet.DispatcherServlet        : GET "/swagger-ui/favicon-32x32.png", parameters={}
2025-04-11T11:23:38.545-03:00 DEBUG 1072 --- [backGrupo3ViMa] [http-nio-4002-exec-8] o.s.w.s.handler.SimpleUrlHandlerMapping  : Mapped to ResourceHttpRequestHandler [classpath [META-INF/resources/webjars/]]
2025-04-11T11:23:38.556-03:00 DEBUG 1072 --- [backGrupo3ViMa] [http-nio-4002-exec-8] o.s.web.servlet.DispatcherServlet        : Completed 200 OK
2025-04-11T11:23:38.600-03:00 DEBUG 1072 --- [backGrupo3ViMa] [http-nio-4002-exec-4] m.m.a.RequestResponseBodyMethodProcessor : Using 'application/json', given [*/*] and supported [application/json]
2025-04-11T11:23:38.609-03:00 DEBUG 1072 --- [backGrupo3ViMa] [http-nio-4002-exec-4] m.m.a.RequestResponseBodyMethodProcessor : Writing [{configUrl=/v3/api-docs/swagger-config, oauth2RedirectUrl=http://localhost:4002/swagger-ui/oauth2-re (truncated)...]
2025-04-11T11:23:38.628-03:00 DEBUG 1072 --- [backGrupo3ViMa] [http-nio-4002-exec-4] o.s.web.servlet.DispatcherServlet        : Completed 200 OK
2025-04-11T11:23:38.668-03:00 DEBUG 1072 --- [backGrupo3ViMa] [http-nio-4002-exec-9] o.s.web.servlet.DispatcherServlet        : GET "/v3/api-docs", parameters={}
2025-04-11T11:23:38.670-03:00 DEBUG 1072 --- [backGrupo3ViMa] [http-nio-4002-exec-9] s.w.s.m.m.a.RequestMappingHandlerMapping : Mapped to org.springdoc.webmvc.api.OpenApiWebMvcResource#openapiJson(HttpServletRequest, String, Locale)
2025-04-11T11:23:39.189-03:00  INFO 1072 --- [backGrupo3ViMa] [File Watcher] rtingClassPathChangeChangedEventListener : Restarting due to 1 class path change (0 additions, 1 deletion, 0 modifications)
2025-04-11T11:23:39.207-03:00  INFO 1072 --- [backGrupo3ViMa] [Thread-5] o.s.b.w.e.tomcat.GracefulShutdown        : Commencing graceful shutdown. Waiting for active requests to complete
2025-04-11T11:23:39.599-03:00  INFO 1072 --- [backGrupo3ViMa] [http-nio-4002-exec-9] o.springdoc.api.AbstractOpenApiResource  : Init duration for springdoc-openapi is: 884 ms
2025-04-11T11:23:39.629-03:00 DEBUG 1072 --- [backGrupo3ViMa] [http-nio-4002-exec-9] m.m.a.RequestResponseBodyMethodProcessor : Using 'application/json', given [application/json, */*] and supported [application/json]
2025-04-11T11:23:39.631-03:00 DEBUG 1072 --- [backGrupo3ViMa] [http-nio-4002-exec-9] m.m.a.RequestResponseBodyMethodProcessor : Writing [{123, 34, 111, 112, 101, 110, 97, 112, 105, 34, 58, 34, 51, 46, 48, 46, 49, 34, 44, 34, 105, 110, 10 (truncated)...]
2025-04-11T11:23:39.632-03:00 DEBUG 1072 --- [backGrupo3ViMa] [http-nio-4002-exec-9] o.s.web.servlet.DispatcherServlet        : Completed 200 OK
2025-04-11T11:23:39.642-03:00  INFO 1072 --- [backGrupo3ViMa] [tomcat-shutdown] o.s.b.w.e.tomcat.GracefulShutdown        : Graceful shutdown complete
2025-04-11T11:23:39.655-03:00  INFO 1072 --- [backGrupo3ViMa] [Thread-5] j.LocalContainerEntityManagerFactoryBean : Closing JPA EntityManagerFactory for persistence unit 'default'
2025-04-11T11:23:39.661-03:00  INFO 1072 --- [backGrupo3ViMa] [Thread-5] com.zaxxer.hikari.HikariDataSource       : HikariPool-1 - Shutdown initiated...
2025-04-11T11:23:39.678-03:00  INFO 1072 --- [backGrupo3ViMa] [Thread-5] com.zaxxer.hikari.HikariDataSource       : HikariPool-1 - Shutdown completed.
2025-04-11T11:23:39.922-03:00  INFO 1072 --- [backGrupo3ViMa] [restartedMain] o.e.b.BackGrupo3ViMaApplication          : Starting BackGrupo3ViMaApplication using Java 22.0.2 with PID 1072 (C:\Users\franc\Documents\GitHub\DesarrolloAPSI\backend\backGrupo4ViMa\target\classes started by franc in C:\Users\franc\Documents\GitHub\DesarrolloAPSI\backend\backGrupo4ViMa)
2025-04-11T11:23:39.924-03:00  INFO 1072 --- [backGrupo3ViMa] [restartedMain] o.e.b.BackGrupo3ViMaApplication          : No active profile set, falling back to 1 default profile: "default"
2025-04-11T11:23:41.146-03:00  INFO 1072 --- [backGrupo3ViMa] [restartedMain] .s.d.r.c.RepositoryConfigurationDelegate : Bootstrapping Spring Data JPA repositories in DEFAULT mode.
2025-04-11T11:23:41.188-03:00  INFO 1072 --- [backGrupo3ViMa] [restartedMain] .s.d.r.c.RepositoryConfigurationDelegate : Finished Spring Data repository scanning in 39 ms. Found 5 JPA repository interfaces.
2025-04-11T11:23:41.605-03:00  INFO 1072 --- [backGrupo3ViMa] [restartedMain] o.s.b.w.embedded.tomcat.TomcatWebServer  : Tomcat initialized with port 4002 (http)
2025-04-11T11:23:41.607-03:00  INFO 1072 --- [backGrupo3ViMa] [restartedMain] o.apache.catalina.core.StandardService   : Starting service [Tomcat]
2025-04-11T11:23:41.607-03:00  INFO 1072 --- [backGrupo3ViMa] [restartedMain] o.apache.catalina.core.StandardEngine    : Starting Servlet engine: [Apache Tomcat/10.1.36]
2025-04-11T11:23:41.713-03:00  INFO 1072 --- [backGrupo3ViMa] [restartedMain] o.a.c.c.C.[Tomcat].[localhost].[/]       : Initializing Spring embedded WebApplicationContext
2025-04-11T11:23:41.713-03:00  INFO 1072 --- [backGrupo3ViMa] [restartedMain] w.s.c.ServletWebServerApplicationContext : Root WebApplicationContext: initialization completed in 1783 ms
2025-04-11T11:23:41.995-03:00 DEBUG 1072 --- [backGrupo3ViMa] [restartedMain] o.s.w.f.ServerHttpObservationFilter      : Filter 'webMvcObservationFilter' configured for use
2025-04-11T11:23:42.158-03:00  INFO 1072 --- [backGrupo3ViMa] [restartedMain] o.hibernate.jpa.internal.util.LogHelper  : HHH000204: Processing PersistenceUnitInfo [name: default]
2025-04-11T11:23:42.182-03:00  INFO 1072 --- [backGrupo3ViMa] [restartedMain] o.h.c.internal.RegionFactoryInitiator    : HHH000026: Second-level cache disabled
2025-04-11T11:23:42.239-03:00  INFO 1072 --- [backGrupo3ViMa] [restartedMain] o.s.o.j.p.SpringPersistenceUnitInfo      : No LoadTimeWeaver setup: ignoring JPA class transformer
2025-04-11T11:23:42.243-03:00  INFO 1072 --- [backGrupo3ViMa] [restartedMain] com.zaxxer.hikari.HikariDataSource       : HikariPool-2 - Starting...
2025-04-11T11:23:42.275-03:00  INFO 1072 --- [backGrupo3ViMa] [restartedMain] com.zaxxer.hikari.pool.HikariPool        : HikariPool-2 - Added connection com.mysql.cj.jdbc.ConnectionImpl@4e8e4e2a
2025-04-11T11:23:42.276-03:00  INFO 1072 --- [backGrupo3ViMa] [restartedMain] com.zaxxer.hikari.HikariDataSource       : HikariPool-2 - Start completed.
2025-04-11T11:23:42.278-03:00  INFO 1072 --- [backGrupo3ViMa] [restartedMain] org.hibernate.orm.connections.pooling    : HHH10001005: Database info:
	Database JDBC URL [Connecting through datasource 'HikariDataSource (HikariPool-2)']
	Database driver: undefined/unknown
	Database version: 8.0.41
	Autocommit mode: undefined/unknown
	Isolation level: undefined/unknown
	Minimum pool size: undefined/unknown
	Maximum pool size: undefined/unknown
2025-04-11T11:23:42.769-03:00  INFO 1072 --- [backGrupo3ViMa] [restartedMain] o.h.e.t.j.p.i.JtaPlatformInitiator       : HHH000489: No JTA platform available (set 'hibernate.transaction.jta.platform' to enable JTA platform integration)
2025-04-11T11:23:42.947-03:00  INFO 1072 --- [backGrupo3ViMa] [restartedMain] j.LocalContainerEntityManagerFactoryBean : Initialized JPA EntityManagerFactory for persistence unit 'default'
2025-04-11T11:23:43.481-03:00  WARN 1072 --- [backGrupo3ViMa] [restartedMain] ConfigServletWebServerApplicationContext : Exception encountered during context initialization - cancelling refresh attempt: org.springframework.beans.factory.UnsatisfiedDependencyException: Error creating bean with name 'userController': Unsatisfied dependency expressed through field 'userService': No qualifying bean of type 'org.example.backgrupo3vima.Service.userService' available: expected at least 1 bean which qualifies as autowire candidate. Dependency annotations: {@org.springframework.beans.factory.annotation.Autowired(required=true)}
2025-04-11T11:23:43.482-03:00  INFO 1072 --- [backGrupo3ViMa] [restartedMain] j.LocalContainerEntityManagerFactoryBean : Closing JPA EntityManagerFactory for persistence unit 'default'
2025-04-11T11:23:43.483-03:00  INFO 1072 --- [backGrupo3ViMa] [restartedMain] com.zaxxer.hikari.HikariDataSource       : HikariPool-2 - Shutdown initiated...
2025-04-11T11:23:43.496-03:00  INFO 1072 --- [backGrupo3ViMa] [restartedMain] com.zaxxer.hikari.HikariDataSource       : HikariPool-2 - Shutdown completed.
2025-04-11T11:23:43.499-03:00  INFO 1072 --- [backGrupo3ViMa] [restartedMain] o.apache.catalina.core.StandardService   : Stopping service [Tomcat]
2025-04-11T11:23:43.527-03:00  INFO 1072 --- [backGrupo3ViMa] [restartedMain] .s.b.a.l.ConditionEvaluationReportLogger : 

Error starting ApplicationContext. To display the condition evaluation report re-run your application with 'debug' enabled.
2025-04-11T11:23:43.615-03:00 ERROR 1072 --- [backGrupo3ViMa] [restartedMain] o.s.b.d.LoggingFailureAnalysisReporter   : 

***************************
APPLICATION FAILED TO START
***************************

Description:

Field userService in org.example.backgrupo3vima.Controller.userController required a bean of type 'org.example.backgrupo3vima.Service.userService' that could not be found.

The injection point has the following annotations:
	- @org.springframework.beans.factory.annotation.Autowired(required=true)


Action:

Consider defining a bean of type 'org.example.backgrupo3vima.Service.userService' in your configuration.

2025-04-11T11:23:45.219-03:00  INFO 1072 --- [backGrupo3ViMa] [restartedMain] o.e.b.BackGrupo3ViMaApplication          : Starting BackGrupo3ViMaApplication using Java 22.0.2 with PID 1072 (C:\Users\franc\Documents\GitHub\DesarrolloAPSI\backend\backGrupo4ViMa\target\classes started by franc in C:\Users\franc\Documents\GitHub\DesarrolloAPSI\backend\backGrupo4ViMa)
2025-04-11T11:23:45.221-03:00  INFO 1072 --- [backGrupo3ViMa] [restartedMain] o.e.b.BackGrupo3ViMaApplication          : No active profile set, falling back to 1 default profile: "default"
2025-04-11T11:23:46.917-03:00  INFO 1072 --- [backGrupo3ViMa] [restartedMain] .s.d.r.c.RepositoryConfigurationDelegate : Bootstrapping Spring Data JPA repositories in DEFAULT mode.
2025-04-11T11:23:46.984-03:00  INFO 1072 --- [backGrupo3ViMa] [restartedMain] .s.d.r.c.RepositoryConfigurationDelegate : Finished Spring Data repository scanning in 63 ms. Found 5 JPA repository interfaces.
2025-04-11T11:23:47.474-03:00  INFO 1072 --- [backGrupo3ViMa] [restartedMain] o.s.b.w.embedded.tomcat.TomcatWebServer  : Tomcat initialized with port 4002 (http)
2025-04-11T11:23:47.477-03:00  INFO 1072 --- [backGrupo3ViMa] [restartedMain] o.apache.catalina.core.StandardService   : Starting service [Tomcat]
2025-04-11T11:23:47.477-03:00  INFO 1072 --- [backGrupo3ViMa] [restartedMain] o.apache.catalina.core.StandardEngine    : Starting Servlet engine: [Apache Tomcat/10.1.36]
2025-04-11T11:23:47.539-03:00  INFO 1072 --- [backGrupo3ViMa] [restartedMain] o.a.c.c.C.[Tomcat-1].[localhost].[/]     : Initializing Spring embedded WebApplicationContext
2025-04-11T11:23:47.540-03:00  INFO 1072 --- [backGrupo3ViMa] [restartedMain] w.s.c.ServletWebServerApplicationContext : Root WebApplicationContext: initialization completed in 2316 ms
2025-04-11T11:23:47.849-03:00 DEBUG 1072 --- [backGrupo3ViMa] [restartedMain] o.s.w.f.ServerHttpObservationFilter      : Filter 'webMvcObservationFilter' configured for use
2025-04-11T11:23:48.057-03:00  INFO 1072 --- [backGrupo3ViMa] [restartedMain] o.hibernate.jpa.internal.util.LogHelper  : HHH000204: Processing PersistenceUnitInfo [name: default]
2025-04-11T11:23:48.071-03:00  INFO 1072 --- [backGrupo3ViMa] [restartedMain] o.h.c.internal.RegionFactoryInitiator    : HHH000026: Second-level cache disabled
2025-04-11T11:23:48.120-03:00  INFO 1072 --- [backGrupo3ViMa] [restartedMain] o.s.o.j.p.SpringPersistenceUnitInfo      : No LoadTimeWeaver setup: ignoring JPA class transformer
2025-04-11T11:23:48.125-03:00  INFO 1072 --- [backGrupo3ViMa] [restartedMain] com.zaxxer.hikari.HikariDataSource       : HikariPool-3 - Starting...
2025-04-11T11:23:48.162-03:00  INFO 1072 --- [backGrupo3ViMa] [restartedMain] com.zaxxer.hikari.pool.HikariPool        : HikariPool-3 - Added connection com.mysql.cj.jdbc.ConnectionImpl@37bc803
2025-04-11T11:23:48.163-03:00  INFO 1072 --- [backGrupo3ViMa] [restartedMain] com.zaxxer.hikari.HikariDataSource       : HikariPool-3 - Start completed.
2025-04-11T11:23:48.166-03:00  INFO 1072 --- [backGrupo3ViMa] [restartedMain] org.hibernate.orm.connections.pooling    : HHH10001005: Database info:
	Database JDBC URL [Connecting through datasource 'HikariDataSource (HikariPool-3)']
	Database driver: undefined/unknown
	Database version: 8.0.41
	Autocommit mode: undefined/unknown
	Isolation level: undefined/unknown
	Minimum pool size: undefined/unknown
	Maximum pool size: undefined/unknown
2025-04-11T11:23:48.566-03:00  INFO 1072 --- [backGrupo3ViMa] [restartedMain] o.h.e.t.j.p.i.JtaPlatformInitiator       : HHH000489: No JTA platform available (set 'hibernate.transaction.jta.platform' to enable JTA platform integration)
2025-04-11T11:23:48.714-03:00  INFO 1072 --- [backGrupo3ViMa] [restartedMain] j.LocalContainerEntityManagerFactoryBean : Initialized JPA EntityManagerFactory for persistence unit 'default'
2025-04-11T11:23:49.666-03:00  WARN 1072 --- [backGrupo3ViMa] [restartedMain] JpaBaseConfiguration$JpaWebConfiguration : spring.jpa.open-in-view is enabled by default. Therefore, database queries may be performed during view rendering. Explicitly configure spring.jpa.open-in-view to disable this warning
2025-04-11T11:23:49.796-03:00  WARN 1072 --- [backGrupo3ViMa] [restartedMain] .s.s.UserDetailsServiceAutoConfiguration : 

Using generated security password: daf0fa22-ed36-4208-8520-b8a8a4ea7789

This generated password is for development use only. Your security configuration must be updated before running your application in production.

2025-04-11T11:23:49.802-03:00  INFO 1072 --- [backGrupo3ViMa] [restartedMain] r$InitializeUserDetailsManagerConfigurer : Global AuthenticationManager configured with UserDetailsService bean with name inMemoryUserDetailsManager
2025-04-11T11:23:49.906-03:00 DEBUG 1072 --- [backGrupo3ViMa] [restartedMain] s.w.s.m.m.a.RequestMappingHandlerMapping : 10 mappings in 'requestMappingHandlerMapping'
2025-04-11T11:23:50.129-03:00 DEBUG 1072 --- [backGrupo3ViMa] [restartedMain] o.s.w.s.handler.SimpleUrlHandlerMapping  : Patterns [/webjars/**, /**, /swagger-ui*/*swagger-initializer.js, /swagger-ui*/**] in 'resourceHandlerMapping'
2025-04-11T11:23:50.373-03:00  INFO 1072 --- [backGrupo3ViMa] [restartedMain] o.s.b.a.e.web.EndpointLinksResolver      : Exposing 1 endpoint beneath base path '/actuator'
2025-04-11T11:23:50.890-03:00  INFO 1072 --- [backGrupo3ViMa] [restartedMain] o.s.v.b.OptionalValidatorFactoryBean     : Failed to set up a Bean Validation provider: jakarta.validation.NoProviderFoundException: Unable to create a Configuration, because no Jakarta Bean Validation provider could be found. Add a provider like Hibernate Validator (RI) to your classpath.
2025-04-11T11:23:51.023-03:00 DEBUG 1072 --- [backGrupo3ViMa] [restartedMain] s.w.s.m.m.a.RequestMappingHandlerAdapter : ControllerAdvice beans: 0 @ModelAttribute, 0 @InitBinder, 1 RequestBodyAdvice, 1 ResponseBodyAdvice
2025-04-11T11:23:51.120-03:00 DEBUG 1072 --- [backGrupo3ViMa] [restartedMain] .m.m.a.ExceptionHandlerExceptionResolver : ControllerAdvice beans: 1 @ExceptionHandler, 1 ResponseBodyAdvice
2025-04-11T11:23:52.253-03:00  INFO 1072 --- [backGrupo3ViMa] [restartedMain] o.s.b.d.a.OptionalLiveReloadServer       : LiveReload server is running on port 35729
2025-04-11T11:23:52.317-03:00  INFO 1072 --- [backGrupo3ViMa] [restartedMain] o.s.b.w.embedded.tomcat.TomcatWebServer  : Tomcat started on port 4002 (http) with context path '/'
2025-04-11T11:23:52.331-03:00  INFO 1072 --- [backGrupo3ViMa] [restartedMain] o.e.b.BackGrupo3ViMaApplication          : Started BackGrupo3ViMaApplication in 7.201 seconds (process running for 39.025)
2025-04-11T11:23:52.335-03:00  INFO 1072 --- [backGrupo3ViMa] [restartedMain] .ConditionEvaluationDeltaLoggingListener : Condition evaluation unchanged
2025-04-11T11:27:17.869-03:00  INFO 8452 --- [backGrupo3ViMa] [restartedMain] o.e.b.BackGrupo3ViMaApplication          : Starting BackGrupo3ViMaApplication using Java 22.0.2 with PID 8452 (C:\Users\franc\Documents\GitHub\DesarrolloAPSI\backend\backGrupo4ViMa\target\classes started by franc in C:\Users\franc\Documents\GitHub\DesarrolloAPSI\backend\backGrupo4ViMa)
2025-04-11T11:27:17.872-03:00  INFO 8452 --- [backGrupo3ViMa] [restartedMain] o.e.b.BackGrupo3ViMaApplication          : No active profile set, falling back to 1 default profile: "default"
2025-04-11T11:27:17.961-03:00  INFO 8452 --- [backGrupo3ViMa] [restartedMain] .e.DevToolsPropertyDefaultsPostProcessor : Devtools property defaults active! Set 'spring.devtools.add-properties' to 'false' to disable
2025-04-11T11:27:17.961-03:00  INFO 8452 --- [backGrupo3ViMa] [restartedMain] .e.DevToolsPropertyDefaultsPostProcessor : For additional web related logging consider setting the 'logging.level.web' property to 'DEBUG'
2025-04-11T11:27:19.928-03:00  INFO 8452 --- [backGrupo3ViMa] [restartedMain] .s.d.r.c.RepositoryConfigurationDelegate : Bootstrapping Spring Data JPA repositories in DEFAULT mode.
2025-04-11T11:27:20.023-03:00  INFO 8452 --- [backGrupo3ViMa] [restartedMain] .s.d.r.c.RepositoryConfigurationDelegate : Finished Spring Data repository scanning in 83 ms. Found 5 JPA repository interfaces.
2025-04-11T11:27:21.251-03:00  INFO 8452 --- [backGrupo3ViMa] [restartedMain] o.s.b.w.embedded.tomcat.TomcatWebServer  : Tomcat initialized with port 4002 (http)
2025-04-11T11:27:21.285-03:00  INFO 8452 --- [backGrupo3ViMa] [restartedMain] o.apache.catalina.core.StandardService   : Starting service [Tomcat]
2025-04-11T11:27:21.287-03:00  INFO 8452 --- [backGrupo3ViMa] [restartedMain] o.apache.catalina.core.StandardEngine    : Starting Servlet engine: [Apache Tomcat/10.1.36]
2025-04-11T11:27:21.361-03:00  INFO 8452 --- [backGrupo3ViMa] [restartedMain] o.a.c.c.C.[Tomcat].[localhost].[/]       : Initializing Spring embedded WebApplicationContext
2025-04-11T11:27:21.362-03:00  INFO 8452 --- [backGrupo3ViMa] [restartedMain] w.s.c.ServletWebServerApplicationContext : Root WebApplicationContext: initialization completed in 3400 ms
2025-04-11T11:27:21.667-03:00 DEBUG 8452 --- [backGrupo3ViMa] [restartedMain] o.s.w.f.ServerHttpObservationFilter      : Filter 'webMvcObservationFilter' configured for use
2025-04-11T11:27:21.869-03:00  INFO 8452 --- [backGrupo3ViMa] [restartedMain] o.hibernate.jpa.internal.util.LogHelper  : HHH000204: Processing PersistenceUnitInfo [name: default]
2025-04-11T11:27:21.947-03:00  INFO 8452 --- [backGrupo3ViMa] [restartedMain] org.hibernate.Version                    : HHH000412: Hibernate ORM core version 6.6.8.Final
2025-04-11T11:27:21.997-03:00  INFO 8452 --- [backGrupo3ViMa] [restartedMain] o.h.c.internal.RegionFactoryInitiator    : HHH000026: Second-level cache disabled
2025-04-11T11:27:22.450-03:00  INFO 8452 --- [backGrupo3ViMa] [restartedMain] o.s.o.j.p.SpringPersistenceUnitInfo      : No LoadTimeWeaver setup: ignoring JPA class transformer
2025-04-11T11:27:22.511-03:00  INFO 8452 --- [backGrupo3ViMa] [restartedMain] com.zaxxer.hikari.HikariDataSource       : HikariPool-1 - Starting...
2025-04-11T11:27:22.895-03:00  INFO 8452 --- [backGrupo3ViMa] [restartedMain] com.zaxxer.hikari.pool.HikariPool        : HikariPool-1 - Added connection com.mysql.cj.jdbc.ConnectionImpl@28b93c1e
2025-04-11T11:27:22.898-03:00  INFO 8452 --- [backGrupo3ViMa] [restartedMain] com.zaxxer.hikari.HikariDataSource       : HikariPool-1 - Start completed.
2025-04-11T11:27:23.002-03:00  INFO 8452 --- [backGrupo3ViMa] [restartedMain] org.hibernate.orm.connections.pooling    : HHH10001005: Database info:
	Database JDBC URL [Connecting through datasource 'HikariDataSource (HikariPool-1)']
	Database driver: undefined/unknown
	Database version: 8.0.41
	Autocommit mode: undefined/unknown
	Isolation level: undefined/unknown
	Minimum pool size: undefined/unknown
	Maximum pool size: undefined/unknown
2025-04-11T11:27:24.302-03:00  INFO 8452 --- [backGrupo3ViMa] [restartedMain] o.h.e.t.j.p.i.JtaPlatformInitiator       : HHH000489: No JTA platform available (set 'hibernate.transaction.jta.platform' to enable JTA platform integration)
2025-04-11T11:27:24.431-03:00  INFO 8452 --- [backGrupo3ViMa] [restartedMain] j.LocalContainerEntityManagerFactoryBean : Initialized JPA EntityManagerFactory for persistence unit 'default'
2025-04-11T11:27:25.153-03:00  WARN 8452 --- [backGrupo3ViMa] [restartedMain] JpaBaseConfiguration$JpaWebConfiguration : spring.jpa.open-in-view is enabled by default. Therefore, database queries may be performed during view rendering. Explicitly configure spring.jpa.open-in-view to disable this warning
2025-04-11T11:27:25.225-03:00  WARN 8452 --- [backGrupo3ViMa] [restartedMain] .s.s.UserDetailsServiceAutoConfiguration : 

Using generated security password: a8b23677-8a5b-40e2-8cf7-383c8d5c9434

This generated password is for development use only. Your security configuration must be updated before running your application in production.

2025-04-11T11:27:25.245-03:00  INFO 8452 --- [backGrupo3ViMa] [restartedMain] r$InitializeUserDetailsManagerConfigurer : Global AuthenticationManager configured with UserDetailsService bean with name inMemoryUserDetailsManager
2025-04-11T11:27:25.485-03:00 DEBUG 8452 --- [backGrupo3ViMa] [restartedMain] s.w.s.m.m.a.RequestMappingHandlerMapping : 10 mappings in 'requestMappingHandlerMapping'
2025-04-11T11:27:25.769-03:00 DEBUG 8452 --- [backGrupo3ViMa] [restartedMain] o.s.w.s.handler.SimpleUrlHandlerMapping  : Patterns [/webjars/**, /**, /swagger-ui*/*swagger-initializer.js, /swagger-ui*/**] in 'resourceHandlerMapping'
2025-04-11T11:27:26.096-03:00  INFO 8452 --- [backGrupo3ViMa] [restartedMain] o.s.b.a.e.web.EndpointLinksResolver      : Exposing 1 endpoint beneath base path '/actuator'
2025-04-11T11:27:26.240-03:00  INFO 8452 --- [backGrupo3ViMa] [restartedMain] o.s.v.b.OptionalValidatorFactoryBean     : Failed to set up a Bean Validation provider: jakarta.validation.NoProviderFoundException: Unable to create a Configuration, because no Jakarta Bean Validation provider could be found. Add a provider like Hibernate Validator (RI) to your classpath.
2025-04-11T11:27:26.323-03:00 DEBUG 8452 --- [backGrupo3ViMa] [restartedMain] s.w.s.m.m.a.RequestMappingHandlerAdapter : ControllerAdvice beans: 0 @ModelAttribute, 0 @InitBinder, 1 RequestBodyAdvice, 1 ResponseBodyAdvice
2025-04-11T11:27:26.424-03:00 DEBUG 8452 --- [backGrupo3ViMa] [restartedMain] .m.m.a.ExceptionHandlerExceptionResolver : ControllerAdvice beans: 1 @ExceptionHandler, 1 ResponseBodyAdvice
2025-04-11T11:27:27.121-03:00  INFO 8452 --- [backGrupo3ViMa] [restartedMain] o.s.b.d.a.OptionalLiveReloadServer       : LiveReload server is running on port 35729
2025-04-11T11:27:27.228-03:00  INFO 8452 --- [backGrupo3ViMa] [restartedMain] o.s.b.w.embedded.tomcat.TomcatWebServer  : Tomcat started on port 4002 (http) with context path '/'
2025-04-11T11:27:27.247-03:00  INFO 8452 --- [backGrupo3ViMa] [restartedMain] o.e.b.BackGrupo3ViMaApplication          : Started BackGrupo3ViMaApplication in 10.199 seconds (process running for 11.534)
2025-04-11T11:27:27.745-03:00  INFO 8452 --- [backGrupo3ViMa] [RMI TCP Connection(4)-192.168.1.51] o.a.c.c.C.[Tomcat].[localhost].[/]       : Initializing Spring DispatcherServlet 'dispatcherServlet'
2025-04-11T11:27:27.745-03:00  INFO 8452 --- [backGrupo3ViMa] [RMI TCP Connection(4)-192.168.1.51] o.s.web.servlet.DispatcherServlet        : Initializing Servlet 'dispatcherServlet'
2025-04-11T11:27:27.746-03:00 DEBUG 8452 --- [backGrupo3ViMa] [RMI TCP Connection(4)-192.168.1.51] o.s.web.servlet.DispatcherServlet        : Detected StandardServletMultipartResolver
2025-04-11T11:27:27.746-03:00 DEBUG 8452 --- [backGrupo3ViMa] [RMI TCP Connection(4)-192.168.1.51] o.s.web.servlet.DispatcherServlet        : Detected AcceptHeaderLocaleResolver
2025-04-11T11:27:27.747-03:00 DEBUG 8452 --- [backGrupo3ViMa] [RMI TCP Connection(4)-192.168.1.51] o.s.web.servlet.DispatcherServlet        : Detected FixedThemeResolver
2025-04-11T11:27:27.752-03:00 DEBUG 8452 --- [backGrupo3ViMa] [RMI TCP Connection(4)-192.168.1.51] o.s.web.servlet.DispatcherServlet        : Detected org.springframework.web.servlet.view.DefaultRequestToViewNameTranslator@58af9a64
2025-04-11T11:27:27.755-03:00 DEBUG 8452 --- [backGrupo3ViMa] [RMI TCP Connection(4)-192.168.1.51] o.s.web.servlet.DispatcherServlet        : Detected org.springframework.web.servlet.support.SessionFlashMapManager@51c65b69
2025-04-11T11:27:27.756-03:00 DEBUG 8452 --- [backGrupo3ViMa] [RMI TCP Connection(4)-192.168.1.51] o.s.web.servlet.DispatcherServlet        : enableLoggingRequestDetails='false': request parameters and headers will be masked to prevent unsafe logging of potentially sensitive data
2025-04-11T11:27:27.767-03:00  INFO 8452 --- [backGrupo3ViMa] [RMI TCP Connection(4)-192.168.1.51] o.s.web.servlet.DispatcherServlet        : Completed initialization in 21 ms
2025-04-11T11:27:33.894-03:00 DEBUG 8452 --- [backGrupo3ViMa] [http-nio-4002-exec-1] o.s.web.servlet.DispatcherServlet        : GET "/swagger-ui/index.html", parameters={}
2025-04-11T11:27:33.900-03:00 DEBUG 8452 --- [backGrupo3ViMa] [http-nio-4002-exec-1] o.s.w.s.handler.SimpleUrlHandlerMapping  : Mapped to ResourceHttpRequestHandler [classpath [META-INF/resources/webjars/]]
2025-04-11T11:27:33.961-03:00 DEBUG 8452 --- [backGrupo3ViMa] [http-nio-4002-exec-1] o.s.web.servlet.DispatcherServlet        : Completed 200 OK
2025-04-11T11:27:34.096-03:00 DEBUG 8452 --- [backGrupo3ViMa] [http-nio-4002-exec-2] o.s.web.servlet.DispatcherServlet        : GET "/swagger-ui/swagger-ui.css", parameters={}
2025-04-11T11:27:34.098-03:00 DEBUG 8452 --- [backGrupo3ViMa] [http-nio-4002-exec-2] o.s.w.s.handler.SimpleUrlHandlerMapping  : Mapped to ResourceHttpRequestHandler [classpath [META-INF/resources/webjars/]]
2025-04-11T11:27:34.109-03:00 DEBUG 8452 --- [backGrupo3ViMa] [http-nio-4002-exec-2] o.s.web.servlet.DispatcherServlet        : Completed 200 OK
2025-04-11T11:27:34.122-03:00 DEBUG 8452 --- [backGrupo3ViMa] [http-nio-4002-exec-3] o.s.web.servlet.DispatcherServlet        : GET "/swagger-ui/index.css", parameters={}
2025-04-11T11:27:34.124-03:00 DEBUG 8452 --- [backGrupo3ViMa] [http-nio-4002-exec-3] o.s.w.s.handler.SimpleUrlHandlerMapping  : Mapped to ResourceHttpRequestHandler [classpath [META-INF/resources/webjars/]]
2025-04-11T11:27:34.130-03:00 DEBUG 8452 --- [backGrupo3ViMa] [http-nio-4002-exec-4] o.s.web.servlet.DispatcherServlet        : GET "/swagger-ui/swagger-ui-bundle.js", parameters={}
2025-04-11T11:27:34.130-03:00 DEBUG 8452 --- [backGrupo3ViMa] [http-nio-4002-exec-9] o.s.web.servlet.DispatcherServlet        : GET "/swagger-ui/swagger-ui-standalone-preset.js", parameters={}
2025-04-11T11:27:34.133-03:00 DEBUG 8452 --- [backGrupo3ViMa] [http-nio-4002-exec-9] o.s.w.s.handler.SimpleUrlHandlerMapping  : Mapped to ResourceHttpRequestHandler [classpath [META-INF/resources/webjars/]]
2025-04-11T11:27:34.133-03:00 DEBUG 8452 --- [backGrupo3ViMa] [http-nio-4002-exec-4] o.s.w.s.handler.SimpleUrlHandlerMapping  : Mapped to ResourceHttpRequestHandler [classpath [META-INF/resources/webjars/]]
2025-04-11T11:27:34.138-03:00 DEBUG 8452 --- [backGrupo3ViMa] [http-nio-4002-exec-3] o.s.web.servlet.DispatcherServlet        : Completed 200 OK
2025-04-11T11:27:34.140-03:00 DEBUG 8452 --- [backGrupo3ViMa] [http-nio-4002-exec-6] o.s.web.servlet.DispatcherServlet        : GET "/swagger-ui/swagger-initializer.js", parameters={}
2025-04-11T11:27:34.143-03:00 DEBUG 8452 --- [backGrupo3ViMa] [http-nio-4002-exec-6] o.s.w.s.handler.SimpleUrlHandlerMapping  : Mapped to ResourceHttpRequestHandler [classpath [META-INF/resources/webjars/]]
2025-04-11T11:27:34.159-03:00 DEBUG 8452 --- [backGrupo3ViMa] [http-nio-4002-exec-9] o.s.web.servlet.DispatcherServlet        : Completed 200 OK
2025-04-11T11:27:34.202-03:00 DEBUG 8452 --- [backGrupo3ViMa] [http-nio-4002-exec-4] o.s.web.servlet.DispatcherServlet        : Completed 200 OK
2025-04-11T11:27:34.237-03:00 DEBUG 8452 --- [backGrupo3ViMa] [http-nio-4002-exec-6] o.s.web.servlet.DispatcherServlet        : Completed 200 OK
2025-04-11T11:27:34.828-03:00 DEBUG 8452 --- [backGrupo3ViMa] [http-nio-4002-exec-8] o.s.web.servlet.DispatcherServlet        : GET "/swagger-ui/favicon-32x32.png", parameters={}
2025-04-11T11:27:34.831-03:00 DEBUG 8452 --- [backGrupo3ViMa] [http-nio-4002-exec-8] o.s.w.s.handler.SimpleUrlHandlerMapping  : Mapped to ResourceHttpRequestHandler [classpath [META-INF/resources/webjars/]]
2025-04-11T11:27:34.834-03:00 DEBUG 8452 --- [backGrupo3ViMa] [http-nio-4002-exec-7] o.s.web.servlet.DispatcherServlet        : GET "/v3/api-docs/swagger-config", parameters={}
2025-04-11T11:27:34.836-03:00 DEBUG 8452 --- [backGrupo3ViMa] [http-nio-4002-exec-7] s.w.s.m.m.a.RequestMappingHandlerMapping : Mapped to org.springdoc.webmvc.ui.SwaggerConfigResource#openapiJson(HttpServletRequest)
2025-04-11T11:27:34.844-03:00 DEBUG 8452 --- [backGrupo3ViMa] [http-nio-4002-exec-8] o.s.web.servlet.DispatcherServlet        : Completed 200 OK
2025-04-11T11:27:34.902-03:00 DEBUG 8452 --- [backGrupo3ViMa] [http-nio-4002-exec-7] m.m.a.RequestResponseBodyMethodProcessor : Using 'application/json', given [*/*] and supported [application/json]
2025-04-11T11:27:34.906-03:00 DEBUG 8452 --- [backGrupo3ViMa] [http-nio-4002-exec-7] m.m.a.RequestResponseBodyMethodProcessor : Writing [{configUrl=/v3/api-docs/swagger-config, oauth2RedirectUrl=http://localhost:4002/swagger-ui/oauth2-re (truncated)...]
2025-04-11T11:27:34.916-03:00 DEBUG 8452 --- [backGrupo3ViMa] [http-nio-4002-exec-7] o.s.web.servlet.DispatcherServlet        : Completed 200 OK
2025-04-11T11:27:34.954-03:00 DEBUG 8452 --- [backGrupo3ViMa] [http-nio-4002-exec-5] o.s.web.servlet.DispatcherServlet        : GET "/v3/api-docs", parameters={}
2025-04-11T11:27:34.955-03:00 DEBUG 8452 --- [backGrupo3ViMa] [http-nio-4002-exec-5] s.w.s.m.m.a.RequestMappingHandlerMapping : Mapped to org.springdoc.webmvc.api.OpenApiWebMvcResource#openapiJson(HttpServletRequest, String, Locale)
2025-04-11T11:27:35.576-03:00  INFO 8452 --- [backGrupo3ViMa] [http-nio-4002-exec-5] o.springdoc.api.AbstractOpenApiResource  : Init duration for springdoc-openapi is: 567 ms
2025-04-11T11:27:35.602-03:00 DEBUG 8452 --- [backGrupo3ViMa] [http-nio-4002-exec-5] m.m.a.RequestResponseBodyMethodProcessor : Using 'application/json', given [application/json, */*] and supported [application/json]
2025-04-11T11:27:35.603-03:00 DEBUG 8452 --- [backGrupo3ViMa] [http-nio-4002-exec-5] m.m.a.RequestResponseBodyMethodProcessor : Writing [{123, 34, 111, 112, 101, 110, 97, 112, 105, 34, 58, 34, 51, 46, 48, 46, 49, 34, 44, 34, 105, 110, 10 (truncated)...]
2025-04-11T11:27:35.604-03:00 DEBUG 8452 --- [backGrupo3ViMa] [http-nio-4002-exec-5] o.s.web.servlet.DispatcherServlet        : Completed 200 OK
