2025-04-11T10:14:48.766-03:00  INFO 19740 --- [backGrupo3ViMa] [restartedMain] o.e.b.BackGrupo3ViMaApplication          : Starting BackGrupo3ViMaApplication using Java 22.0.1 with PID 19740 (C:\Users\Enzo\Documents\GitHub\DesarrolloAPSI\backend\backGrupo4ViMa\target\classes started by Enzo in C:\Users\Enzo\Documents\GitHub\DesarrolloAPSI)
2025-04-11T10:14:48.768-03:00  INFO 19740 --- [backGrupo3ViMa] [restartedMain] o.e.b.BackGrupo3ViMaApplication          : No active profile set, falling back to 1 default profile: "default"
2025-04-11T10:14:48.805-03:00  INFO 19740 --- [backGrupo3ViMa] [restartedMain] .e.DevToolsPropertyDefaultsPostProcessor : Devtools property defaults active! Set 'spring.devtools.add-properties' to 'false' to disable
2025-04-11T10:14:48.806-03:00  INFO 19740 --- [backGrupo3ViMa] [restartedMain] .e.DevToolsPropertyDefaultsPostProcessor : For additional web related logging consider setting the 'logging.level.web' property to 'DEBUG'
2025-04-11T10:14:49.277-03:00  INFO 19740 --- [backGrupo3ViMa] [restartedMain] .s.d.r.c.RepositoryConfigurationDelegate : Bootstrapping Spring Data JPA repositories in DEFAULT mode.
2025-04-11T10:14:49.293-03:00  INFO 19740 --- [backGrupo3ViMa] [restartedMain] .s.d.r.c.RepositoryConfigurationDelegate : Finished Spring Data repository scanning in 9 ms. Found 0 JPA repository interfaces.
2025-04-11T10:14:49.720-03:00  INFO 19740 --- [backGrupo3ViMa] [restartedMain] o.s.b.w.embedded.tomcat.TomcatWebServer  : Tomcat initialized with port 4002 (http)
2025-04-11T10:14:49.732-03:00  INFO 19740 --- [backGrupo3ViMa] [restartedMain] o.apache.catalina.core.StandardService   : Starting service [Tomcat]
2025-04-11T10:14:49.733-03:00  INFO 19740 --- [backGrupo3ViMa] [restartedMain] o.apache.catalina.core.StandardEngine    : Starting Servlet engine: [Apache Tomcat/10.1.36]
2025-04-11T10:14:49.774-03:00  INFO 19740 --- [backGrupo3ViMa] [restartedMain] o.a.c.c.C.[Tomcat].[localhost].[/]       : Initializing Spring embedded WebApplicationContext
2025-04-11T10:14:49.774-03:00  INFO 19740 --- [backGrupo3ViMa] [restartedMain] w.s.c.ServletWebServerApplicationContext : Root WebApplicationContext: initialization completed in 967 ms
2025-04-11T10:14:49.825-03:00  WARN 19740 --- [backGrupo3ViMa] [restartedMain] ConfigServletWebServerApplicationContext : Exception encountered during context initialization - cancelling refresh attempt: org.springframework.beans.factory.BeanCreationException: Error creating bean with name 'entityManagerFactory' defined in class path resource [org/springframework/boot/autoconfigure/orm/jpa/HibernateJpaConfiguration.class]: Failed to initialize dependency 'dataSourceScriptDatabaseInitializer' of LoadTimeWeaverAware bean 'entityManagerFactory': Error creating bean with name 'dataSourceScriptDatabaseInitializer' defined in class path resource [org/springframework/boot/autoconfigure/sql/init/DataSourceInitializationConfiguration.class]: Unsatisfied dependency expressed through method 'dataSourceScriptDatabaseInitializer' parameter 0: Error creating bean with name 'dataSource' defined in class path resource [org/springframework/boot/autoconfigure/jdbc/DataSourceConfiguration$Hikari.class]: Failed to instantiate [com.zaxxer.hikari.HikariDataSource]: Factory method 'dataSource' threw exception with message: Cannot load driver class: com.mysql.cj.jdbc.Driver
2025-04-11T10:14:49.827-03:00  INFO 19740 --- [backGrupo3ViMa] [restartedMain] o.apache.catalina.core.StandardService   : Stopping service [Tomcat]
2025-04-11T10:14:49.836-03:00  INFO 19740 --- [backGrupo3ViMa] [restartedMain] .s.b.a.l.ConditionEvaluationReportLogger : 

Error starting ApplicationContext. To display the condition evaluation report re-run your application with 'debug' enabled.
2025-04-11T10:14:49.851-03:00 ERROR 19740 --- [backGrupo3ViMa] [restartedMain] o.s.boot.SpringApplication               : Application run failed

org.springframework.beans.factory.BeanCreationException: Error creating bean with name 'entityManagerFactory' defined in class path resource [org/springframework/boot/autoconfigure/orm/jpa/HibernateJpaConfiguration.class]: Failed to initialize dependency 'dataSourceScriptDatabaseInitializer' of LoadTimeWeaverAware bean 'entityManagerFactory': Error creating bean with name 'dataSourceScriptDatabaseInitializer' defined in class path resource [org/springframework/boot/autoconfigure/sql/init/DataSourceInitializationConfiguration.class]: Unsatisfied dependency expressed through method 'dataSourceScriptDatabaseInitializer' parameter 0: Error creating bean with name 'dataSource' defined in class path resource [org/springframework/boot/autoconfigure/jdbc/DataSourceConfiguration$Hikari.class]: Failed to instantiate [com.zaxxer.hikari.HikariDataSource]: Factory method 'dataSource' threw exception with message: Cannot load driver class: com.mysql.cj.jdbc.Driver
	at org.springframework.beans.factory.support.AbstractBeanFactory.doGetBean(AbstractBeanFactory.java:328) ~[spring-beans-6.2.3.jar:6.2.3]
	at org.springframework.beans.factory.support.AbstractBeanFactory.getBean(AbstractBeanFactory.java:207) ~[spring-beans-6.2.3.jar:6.2.3]
	at org.springframework.context.support.AbstractApplicationContext.finishBeanFactoryInitialization(AbstractApplicationContext.java:970) ~[spring-context-6.2.3.jar:6.2.3]
	at org.springframework.context.support.AbstractApplicationContext.refresh(AbstractApplicationContext.java:627) ~[spring-context-6.2.3.jar:6.2.3]
	at org.springframework.boot.web.servlet.context.ServletWebServerApplicationContext.refresh(ServletWebServerApplicationContext.java:146) ~[spring-boot-3.4.3.jar:3.4.3]
	at org.springframework.boot.SpringApplication.refresh(SpringApplication.java:752) ~[spring-boot-3.4.3.jar:3.4.3]
	at org.springframework.boot.SpringApplication.refreshContext(SpringApplication.java:439) ~[spring-boot-3.4.3.jar:3.4.3]
	at org.springframework.boot.SpringApplication.run(SpringApplication.java:318) ~[spring-boot-3.4.3.jar:3.4.3]
	at org.springframework.boot.SpringApplication.run(SpringApplication.java:1361) ~[spring-boot-3.4.3.jar:3.4.3]
	at org.springframework.boot.SpringApplication.run(SpringApplication.java:1350) ~[spring-boot-3.4.3.jar:3.4.3]
	at org.example.backgrupo3vima.BackGrupo3ViMaApplication.main(BackGrupo3ViMaApplication.java:12) ~[classes/:na]
	at java.base/jdk.internal.reflect.DirectMethodHandleAccessor.invoke(DirectMethodHandleAccessor.java:103) ~[na:na]
	at java.base/java.lang.reflect.Method.invoke(Method.java:580) ~[na:na]
	at org.springframework.boot.devtools.restart.RestartLauncher.run(RestartLauncher.java:50) ~[spring-boot-devtools-3.4.3.jar:3.4.3]
Caused by: org.springframework.beans.factory.UnsatisfiedDependencyException: Error creating bean with name 'dataSourceScriptDatabaseInitializer' defined in class path resource [org/springframework/boot/autoconfigure/sql/init/DataSourceInitializationConfiguration.class]: Unsatisfied dependency expressed through method 'dataSourceScriptDatabaseInitializer' parameter 0: Error creating bean with name 'dataSource' defined in class path resource [org/springframework/boot/autoconfigure/jdbc/DataSourceConfiguration$Hikari.class]: Failed to instantiate [com.zaxxer.hikari.HikariDataSource]: Factory method 'dataSource' threw exception with message: Cannot load driver class: com.mysql.cj.jdbc.Driver
	at org.springframework.beans.factory.support.ConstructorResolver.createArgumentArray(ConstructorResolver.java:804) ~[spring-beans-6.2.3.jar:6.2.3]
	at org.springframework.beans.factory.support.ConstructorResolver.instantiateUsingFactoryMethod(ConstructorResolver.java:546) ~[spring-beans-6.2.3.jar:6.2.3]
	at org.springframework.beans.factory.support.AbstractAutowireCapableBeanFactory.instantiateUsingFactoryMethod(AbstractAutowireCapableBeanFactory.java:1361) ~[spring-beans-6.2.3.jar:6.2.3]
	at org.springframework.beans.factory.support.AbstractAutowireCapableBeanFactory.createBeanInstance(AbstractAutowireCapableBeanFactory.java:1191) ~[spring-beans-6.2.3.jar:6.2.3]
	at org.springframework.beans.factory.support.AbstractAutowireCapableBeanFactory.doCreateBean(AbstractAutowireCapableBeanFactory.java:563) ~[spring-beans-6.2.3.jar:6.2.3]
	at org.springframework.beans.factory.support.AbstractAutowireCapableBeanFactory.createBean(AbstractAutowireCapableBeanFactory.java:523) ~[spring-beans-6.2.3.jar:6.2.3]
	at org.springframework.beans.factory.support.AbstractBeanFactory.lambda$doGetBean$0(AbstractBeanFactory.java:339) ~[spring-beans-6.2.3.jar:6.2.3]
	at org.springframework.beans.factory.support.DefaultSingletonBeanRegistry.getSingleton(DefaultSingletonBeanRegistry.java:346) ~[spring-beans-6.2.3.jar:6.2.3]
	at org.springframework.beans.factory.support.AbstractBeanFactory.doGetBean(AbstractBeanFactory.java:337) ~[spring-beans-6.2.3.jar:6.2.3]
	at org.springframework.beans.factory.support.AbstractBeanFactory.getBean(AbstractBeanFactory.java:202) ~[spring-beans-6.2.3.jar:6.2.3]
	at org.springframework.beans.factory.support.AbstractBeanFactory.doGetBean(AbstractBeanFactory.java:315) ~[spring-beans-6.2.3.jar:6.2.3]
	... 13 common frames omitted
Caused by: org.springframework.beans.factory.BeanCreationException: Error creating bean with name 'dataSource' defined in class path resource [org/springframework/boot/autoconfigure/jdbc/DataSourceConfiguration$Hikari.class]: Failed to instantiate [com.zaxxer.hikari.HikariDataSource]: Factory method 'dataSource' threw exception with message: Cannot load driver class: com.mysql.cj.jdbc.Driver
	at org.springframework.beans.factory.support.ConstructorResolver.instantiate(ConstructorResolver.java:657) ~[spring-beans-6.2.3.jar:6.2.3]
	at org.springframework.beans.factory.support.ConstructorResolver.instantiateUsingFactoryMethod(ConstructorResolver.java:645) ~[spring-beans-6.2.3.jar:6.2.3]
	at org.springframework.beans.factory.support.AbstractAutowireCapableBeanFactory.instantiateUsingFactoryMethod(AbstractAutowireCapableBeanFactory.java:1361) ~[spring-beans-6.2.3.jar:6.2.3]
	at org.springframework.beans.factory.support.AbstractAutowireCapableBeanFactory.createBeanInstance(AbstractAutowireCapableBeanFactory.java:1191) ~[spring-beans-6.2.3.jar:6.2.3]
	at org.springframework.beans.factory.support.AbstractAutowireCapableBeanFactory.doCreateBean(AbstractAutowireCapableBeanFactory.java:563) ~[spring-beans-6.2.3.jar:6.2.3]
	at org.springframework.beans.factory.support.AbstractAutowireCapableBeanFactory.createBean(AbstractAutowireCapableBeanFactory.java:523) ~[spring-beans-6.2.3.jar:6.2.3]
	at org.springframework.beans.factory.support.AbstractBeanFactory.lambda$doGetBean$0(AbstractBeanFactory.java:339) ~[spring-beans-6.2.3.jar:6.2.3]
	at org.springframework.beans.factory.support.DefaultSingletonBeanRegistry.getSingleton(DefaultSingletonBeanRegistry.java:346) ~[spring-beans-6.2.3.jar:6.2.3]
	at org.springframework.beans.factory.support.AbstractBeanFactory.doGetBean(AbstractBeanFactory.java:337) ~[spring-beans-6.2.3.jar:6.2.3]
	at org.springframework.beans.factory.support.AbstractBeanFactory.getBean(AbstractBeanFactory.java:202) ~[spring-beans-6.2.3.jar:6.2.3]
	at org.springframework.beans.factory.support.DefaultListableBeanFactory.doResolveDependency(DefaultListableBeanFactory.java:1606) ~[spring-beans-6.2.3.jar:6.2.3]
	at org.springframework.beans.factory.support.DefaultListableBeanFactory.resolveDependency(DefaultListableBeanFactory.java:1552) ~[spring-beans-6.2.3.jar:6.2.3]
	at org.springframework.beans.factory.support.ConstructorResolver.resolveAutowiredArgument(ConstructorResolver.java:913) ~[spring-beans-6.2.3.jar:6.2.3]
	at org.springframework.beans.factory.support.ConstructorResolver.createArgumentArray(ConstructorResolver.java:791) ~[spring-beans-6.2.3.jar:6.2.3]
	... 23 common frames omitted
Caused by: org.springframework.beans.BeanInstantiationException: Failed to instantiate [com.zaxxer.hikari.HikariDataSource]: Factory method 'dataSource' threw exception with message: Cannot load driver class: com.mysql.cj.jdbc.Driver
	at org.springframework.beans.factory.support.SimpleInstantiationStrategy.lambda$instantiate$0(SimpleInstantiationStrategy.java:199) ~[spring-beans-6.2.3.jar:6.2.3]
	at org.springframework.beans.factory.support.SimpleInstantiationStrategy.instantiateWithFactoryMethod(SimpleInstantiationStrategy.java:88) ~[spring-beans-6.2.3.jar:6.2.3]
	at org.springframework.beans.factory.support.SimpleInstantiationStrategy.instantiate(SimpleInstantiationStrategy.java:168) ~[spring-beans-6.2.3.jar:6.2.3]
	at org.springframework.beans.factory.support.ConstructorResolver.instantiate(ConstructorResolver.java:653) ~[spring-beans-6.2.3.jar:6.2.3]
	... 36 common frames omitted
Caused by: java.lang.IllegalStateException: Cannot load driver class: com.mysql.cj.jdbc.Driver
	at org.springframework.util.Assert.state(Assert.java:101) ~[spring-core-6.2.3.jar:6.2.3]
	at org.springframework.boot.autoconfigure.jdbc.DataSourceProperties.determineDriverClassName(DataSourceProperties.java:175) ~[spring-boot-autoconfigure-3.4.3.jar:3.4.3]
	at org.springframework.boot.autoconfigure.jdbc.PropertiesJdbcConnectionDetails.getDriverClassName(PropertiesJdbcConnectionDetails.java:49) ~[spring-boot-autoconfigure-3.4.3.jar:3.4.3]
	at org.springframework.boot.autoconfigure.jdbc.DataSourceConfiguration.createDataSource(DataSourceConfiguration.java:55) ~[spring-boot-autoconfigure-3.4.3.jar:3.4.3]
	at org.springframework.boot.autoconfigure.jdbc.DataSourceConfiguration$Hikari.dataSource(DataSourceConfiguration.java:117) ~[spring-boot-autoconfigure-3.4.3.jar:3.4.3]
	at java.base/jdk.internal.reflect.DirectMethodHandleAccessor.invoke(DirectMethodHandleAccessor.java:103) ~[na:na]
	at java.base/java.lang.reflect.Method.invoke(Method.java:580) ~[na:na]
	at org.springframework.beans.factory.support.SimpleInstantiationStrategy.lambda$instantiate$0(SimpleInstantiationStrategy.java:171) ~[spring-beans-6.2.3.jar:6.2.3]
	... 39 common frames omitted

2025-04-11T10:16:51.648-03:00  INFO 33900 --- [backGrupo3ViMa] [restartedMain] o.e.b.BackGrupo3ViMaApplication          : Starting BackGrupo3ViMaApplication using Java 22.0.1 with PID 33900 (C:\Users\Enzo\Documents\GitHub\DesarrolloAPSI\backend\backGrupo4ViMa\target\classes started by Enzo in C:\Users\Enzo\Documents\GitHub\DesarrolloAPSI)
2025-04-11T10:16:51.650-03:00  INFO 33900 --- [backGrupo3ViMa] [restartedMain] o.e.b.BackGrupo3ViMaApplication          : No active profile set, falling back to 1 default profile: "default"
2025-04-11T10:16:51.695-03:00  INFO 33900 --- [backGrupo3ViMa] [restartedMain] .e.DevToolsPropertyDefaultsPostProcessor : Devtools property defaults active! Set 'spring.devtools.add-properties' to 'false' to disable
2025-04-11T10:16:51.696-03:00  INFO 33900 --- [backGrupo3ViMa] [restartedMain] .e.DevToolsPropertyDefaultsPostProcessor : For additional web related logging consider setting the 'logging.level.web' property to 'DEBUG'
2025-04-11T10:16:52.191-03:00  INFO 33900 --- [backGrupo3ViMa] [restartedMain] .s.d.r.c.RepositoryConfigurationDelegate : Bootstrapping Spring Data JPA repositories in DEFAULT mode.
2025-04-11T10:16:52.208-03:00  INFO 33900 --- [backGrupo3ViMa] [restartedMain] .s.d.r.c.RepositoryConfigurationDelegate : Finished Spring Data repository scanning in 9 ms. Found 0 JPA repository interfaces.
2025-04-11T10:16:52.633-03:00  INFO 33900 --- [backGrupo3ViMa] [restartedMain] o.s.b.w.embedded.tomcat.TomcatWebServer  : Tomcat initialized with port 4002 (http)
2025-04-11T10:16:52.645-03:00  INFO 33900 --- [backGrupo3ViMa] [restartedMain] o.apache.catalina.core.StandardService   : Starting service [Tomcat]
2025-04-11T10:16:52.645-03:00  INFO 33900 --- [backGrupo3ViMa] [restartedMain] o.apache.catalina.core.StandardEngine    : Starting Servlet engine: [Apache Tomcat/10.1.36]
2025-04-11T10:16:52.686-03:00  INFO 33900 --- [backGrupo3ViMa] [restartedMain] o.a.c.c.C.[Tomcat].[localhost].[/]       : Initializing Spring embedded WebApplicationContext
2025-04-11T10:16:52.686-03:00  INFO 33900 --- [backGrupo3ViMa] [restartedMain] w.s.c.ServletWebServerApplicationContext : Root WebApplicationContext: initialization completed in 989 ms
2025-04-11T10:16:52.735-03:00  WARN 33900 --- [backGrupo3ViMa] [restartedMain] ConfigServletWebServerApplicationContext : Exception encountered during context initialization - cancelling refresh attempt: org.springframework.beans.factory.BeanCreationException: Error creating bean with name 'entityManagerFactory' defined in class path resource [org/springframework/boot/autoconfigure/orm/jpa/HibernateJpaConfiguration.class]: Failed to initialize dependency 'dataSourceScriptDatabaseInitializer' of LoadTimeWeaverAware bean 'entityManagerFactory': Error creating bean with name 'dataSourceScriptDatabaseInitializer' defined in class path resource [org/springframework/boot/autoconfigure/sql/init/DataSourceInitializationConfiguration.class]: Unsatisfied dependency expressed through method 'dataSourceScriptDatabaseInitializer' parameter 0: Error creating bean with name 'dataSource' defined in class path resource [org/springframework/boot/autoconfigure/jdbc/DataSourceConfiguration$Hikari.class]: Failed to instantiate [com.zaxxer.hikari.HikariDataSource]: Factory method 'dataSource' threw exception with message: Cannot load driver class: com.mysql.cj.jdbc.Driver
2025-04-11T10:16:52.737-03:00  INFO 33900 --- [backGrupo3ViMa] [restartedMain] o.apache.catalina.core.StandardService   : Stopping service [Tomcat]
2025-04-11T10:16:52.746-03:00  INFO 33900 --- [backGrupo3ViMa] [restartedMain] .s.b.a.l.ConditionEvaluationReportLogger : 

Error starting ApplicationContext. To display the condition evaluation report re-run your application with 'debug' enabled.
2025-04-11T10:16:52.761-03:00 ERROR 33900 --- [backGrupo3ViMa] [restartedMain] o.s.boot.SpringApplication               : Application run failed

org.springframework.beans.factory.BeanCreationException: Error creating bean with name 'entityManagerFactory' defined in class path resource [org/springframework/boot/autoconfigure/orm/jpa/HibernateJpaConfiguration.class]: Failed to initialize dependency 'dataSourceScriptDatabaseInitializer' of LoadTimeWeaverAware bean 'entityManagerFactory': Error creating bean with name 'dataSourceScriptDatabaseInitializer' defined in class path resource [org/springframework/boot/autoconfigure/sql/init/DataSourceInitializationConfiguration.class]: Unsatisfied dependency expressed through method 'dataSourceScriptDatabaseInitializer' parameter 0: Error creating bean with name 'dataSource' defined in class path resource [org/springframework/boot/autoconfigure/jdbc/DataSourceConfiguration$Hikari.class]: Failed to instantiate [com.zaxxer.hikari.HikariDataSource]: Factory method 'dataSource' threw exception with message: Cannot load driver class: com.mysql.cj.jdbc.Driver
	at org.springframework.beans.factory.support.AbstractBeanFactory.doGetBean(AbstractBeanFactory.java:328) ~[spring-beans-6.2.3.jar:6.2.3]
	at org.springframework.beans.factory.support.AbstractBeanFactory.getBean(AbstractBeanFactory.java:207) ~[spring-beans-6.2.3.jar:6.2.3]
	at org.springframework.context.support.AbstractApplicationContext.finishBeanFactoryInitialization(AbstractApplicationContext.java:970) ~[spring-context-6.2.3.jar:6.2.3]
	at org.springframework.context.support.AbstractApplicationContext.refresh(AbstractApplicationContext.java:627) ~[spring-context-6.2.3.jar:6.2.3]
	at org.springframework.boot.web.servlet.context.ServletWebServerApplicationContext.refresh(ServletWebServerApplicationContext.java:146) ~[spring-boot-3.4.3.jar:3.4.3]
	at org.springframework.boot.SpringApplication.refresh(SpringApplication.java:752) ~[spring-boot-3.4.3.jar:3.4.3]
	at org.springframework.boot.SpringApplication.refreshContext(SpringApplication.java:439) ~[spring-boot-3.4.3.jar:3.4.3]
	at org.springframework.boot.SpringApplication.run(SpringApplication.java:318) ~[spring-boot-3.4.3.jar:3.4.3]
	at org.springframework.boot.SpringApplication.run(SpringApplication.java:1361) ~[spring-boot-3.4.3.jar:3.4.3]
	at org.springframework.boot.SpringApplication.run(SpringApplication.java:1350) ~[spring-boot-3.4.3.jar:3.4.3]
	at org.example.backgrupo3vima.BackGrupo3ViMaApplication.main(BackGrupo3ViMaApplication.java:12) ~[classes/:na]
	at java.base/jdk.internal.reflect.DirectMethodHandleAccessor.invoke(DirectMethodHandleAccessor.java:103) ~[na:na]
	at java.base/java.lang.reflect.Method.invoke(Method.java:580) ~[na:na]
	at org.springframework.boot.devtools.restart.RestartLauncher.run(RestartLauncher.java:50) ~[spring-boot-devtools-3.4.3.jar:3.4.3]
Caused by: org.springframework.beans.factory.UnsatisfiedDependencyException: Error creating bean with name 'dataSourceScriptDatabaseInitializer' defined in class path resource [org/springframework/boot/autoconfigure/sql/init/DataSourceInitializationConfiguration.class]: Unsatisfied dependency expressed through method 'dataSourceScriptDatabaseInitializer' parameter 0: Error creating bean with name 'dataSource' defined in class path resource [org/springframework/boot/autoconfigure/jdbc/DataSourceConfiguration$Hikari.class]: Failed to instantiate [com.zaxxer.hikari.HikariDataSource]: Factory method 'dataSource' threw exception with message: Cannot load driver class: com.mysql.cj.jdbc.Driver
	at org.springframework.beans.factory.support.ConstructorResolver.createArgumentArray(ConstructorResolver.java:804) ~[spring-beans-6.2.3.jar:6.2.3]
	at org.springframework.beans.factory.support.ConstructorResolver.instantiateUsingFactoryMethod(ConstructorResolver.java:546) ~[spring-beans-6.2.3.jar:6.2.3]
	at org.springframework.beans.factory.support.AbstractAutowireCapableBeanFactory.instantiateUsingFactoryMethod(AbstractAutowireCapableBeanFactory.java:1361) ~[spring-beans-6.2.3.jar:6.2.3]
	at org.springframework.beans.factory.support.AbstractAutowireCapableBeanFactory.createBeanInstance(AbstractAutowireCapableBeanFactory.java:1191) ~[spring-beans-6.2.3.jar:6.2.3]
	at org.springframework.beans.factory.support.AbstractAutowireCapableBeanFactory.doCreateBean(AbstractAutowireCapableBeanFactory.java:563) ~[spring-beans-6.2.3.jar:6.2.3]
	at org.springframework.beans.factory.support.AbstractAutowireCapableBeanFactory.createBean(AbstractAutowireCapableBeanFactory.java:523) ~[spring-beans-6.2.3.jar:6.2.3]
	at org.springframework.beans.factory.support.AbstractBeanFactory.lambda$doGetBean$0(AbstractBeanFactory.java:339) ~[spring-beans-6.2.3.jar:6.2.3]
	at org.springframework.beans.factory.support.DefaultSingletonBeanRegistry.getSingleton(DefaultSingletonBeanRegistry.java:346) ~[spring-beans-6.2.3.jar:6.2.3]
	at org.springframework.beans.factory.support.AbstractBeanFactory.doGetBean(AbstractBeanFactory.java:337) ~[spring-beans-6.2.3.jar:6.2.3]
	at org.springframework.beans.factory.support.AbstractBeanFactory.getBean(AbstractBeanFactory.java:202) ~[spring-beans-6.2.3.jar:6.2.3]
	at org.springframework.beans.factory.support.AbstractBeanFactory.doGetBean(AbstractBeanFactory.java:315) ~[spring-beans-6.2.3.jar:6.2.3]
	... 13 common frames omitted
Caused by: org.springframework.beans.factory.BeanCreationException: Error creating bean with name 'dataSource' defined in class path resource [org/springframework/boot/autoconfigure/jdbc/DataSourceConfiguration$Hikari.class]: Failed to instantiate [com.zaxxer.hikari.HikariDataSource]: Factory method 'dataSource' threw exception with message: Cannot load driver class: com.mysql.cj.jdbc.Driver
	at org.springframework.beans.factory.support.ConstructorResolver.instantiate(ConstructorResolver.java:657) ~[spring-beans-6.2.3.jar:6.2.3]
	at org.springframework.beans.factory.support.ConstructorResolver.instantiateUsingFactoryMethod(ConstructorResolver.java:645) ~[spring-beans-6.2.3.jar:6.2.3]
	at org.springframework.beans.factory.support.AbstractAutowireCapableBeanFactory.instantiateUsingFactoryMethod(AbstractAutowireCapableBeanFactory.java:1361) ~[spring-beans-6.2.3.jar:6.2.3]
	at org.springframework.beans.factory.support.AbstractAutowireCapableBeanFactory.createBeanInstance(AbstractAutowireCapableBeanFactory.java:1191) ~[spring-beans-6.2.3.jar:6.2.3]
	at org.springframework.beans.factory.support.AbstractAutowireCapableBeanFactory.doCreateBean(AbstractAutowireCapableBeanFactory.java:563) ~[spring-beans-6.2.3.jar:6.2.3]
	at org.springframework.beans.factory.support.AbstractAutowireCapableBeanFactory.createBean(AbstractAutowireCapableBeanFactory.java:523) ~[spring-beans-6.2.3.jar:6.2.3]
	at org.springframework.beans.factory.support.AbstractBeanFactory.lambda$doGetBean$0(AbstractBeanFactory.java:339) ~[spring-beans-6.2.3.jar:6.2.3]
	at org.springframework.beans.factory.support.DefaultSingletonBeanRegistry.getSingleton(DefaultSingletonBeanRegistry.java:346) ~[spring-beans-6.2.3.jar:6.2.3]
	at org.springframework.beans.factory.support.AbstractBeanFactory.doGetBean(AbstractBeanFactory.java:337) ~[spring-beans-6.2.3.jar:6.2.3]
	at org.springframework.beans.factory.support.AbstractBeanFactory.getBean(AbstractBeanFactory.java:202) ~[spring-beans-6.2.3.jar:6.2.3]
	at org.springframework.beans.factory.support.DefaultListableBeanFactory.doResolveDependency(DefaultListableBeanFactory.java:1606) ~[spring-beans-6.2.3.jar:6.2.3]
	at org.springframework.beans.factory.support.DefaultListableBeanFactory.resolveDependency(DefaultListableBeanFactory.java:1552) ~[spring-beans-6.2.3.jar:6.2.3]
	at org.springframework.beans.factory.support.ConstructorResolver.resolveAutowiredArgument(ConstructorResolver.java:913) ~[spring-beans-6.2.3.jar:6.2.3]
	at org.springframework.beans.factory.support.ConstructorResolver.createArgumentArray(ConstructorResolver.java:791) ~[spring-beans-6.2.3.jar:6.2.3]
	... 23 common frames omitted
Caused by: org.springframework.beans.BeanInstantiationException: Failed to instantiate [com.zaxxer.hikari.HikariDataSource]: Factory method 'dataSource' threw exception with message: Cannot load driver class: com.mysql.cj.jdbc.Driver
	at org.springframework.beans.factory.support.SimpleInstantiationStrategy.lambda$instantiate$0(SimpleInstantiationStrategy.java:199) ~[spring-beans-6.2.3.jar:6.2.3]
	at org.springframework.beans.factory.support.SimpleInstantiationStrategy.instantiateWithFactoryMethod(SimpleInstantiationStrategy.java:88) ~[spring-beans-6.2.3.jar:6.2.3]
	at org.springframework.beans.factory.support.SimpleInstantiationStrategy.instantiate(SimpleInstantiationStrategy.java:168) ~[spring-beans-6.2.3.jar:6.2.3]
	at org.springframework.beans.factory.support.ConstructorResolver.instantiate(ConstructorResolver.java:653) ~[spring-beans-6.2.3.jar:6.2.3]
	... 36 common frames omitted
Caused by: java.lang.IllegalStateException: Cannot load driver class: com.mysql.cj.jdbc.Driver
	at org.springframework.util.Assert.state(Assert.java:101) ~[spring-core-6.2.3.jar:6.2.3]
	at org.springframework.boot.autoconfigure.jdbc.DataSourceProperties.determineDriverClassName(DataSourceProperties.java:175) ~[spring-boot-autoconfigure-3.4.3.jar:3.4.3]
	at org.springframework.boot.autoconfigure.jdbc.PropertiesJdbcConnectionDetails.getDriverClassName(PropertiesJdbcConnectionDetails.java:49) ~[spring-boot-autoconfigure-3.4.3.jar:3.4.3]
	at org.springframework.boot.autoconfigure.jdbc.DataSourceConfiguration.createDataSource(DataSourceConfiguration.java:55) ~[spring-boot-autoconfigure-3.4.3.jar:3.4.3]
	at org.springframework.boot.autoconfigure.jdbc.DataSourceConfiguration$Hikari.dataSource(DataSourceConfiguration.java:117) ~[spring-boot-autoconfigure-3.4.3.jar:3.4.3]
	at java.base/jdk.internal.reflect.DirectMethodHandleAccessor.invoke(DirectMethodHandleAccessor.java:103) ~[na:na]
	at java.base/java.lang.reflect.Method.invoke(Method.java:580) ~[na:na]
	at org.springframework.beans.factory.support.SimpleInstantiationStrategy.lambda$instantiate$0(SimpleInstantiationStrategy.java:171) ~[spring-beans-6.2.3.jar:6.2.3]
	... 39 common frames omitted

2025-04-11T10:18:18.525-03:00  INFO 30184 --- [backGrupo3ViMa] [restartedMain] o.e.b.BackGrupo3ViMaApplication          : Starting BackGrupo3ViMaApplication using Java 22.0.1 with PID 30184 (C:\Users\Enzo\Documents\GitHub\DesarrolloAPSI\backend\backGrupo4ViMa\target\classes started by Enzo in C:\Users\Enzo\Documents\GitHub\DesarrolloAPSI)
2025-04-11T10:18:18.527-03:00  INFO 30184 --- [backGrupo3ViMa] [restartedMain] o.e.b.BackGrupo3ViMaApplication          : No active profile set, falling back to 1 default profile: "default"
2025-04-11T10:18:18.566-03:00  INFO 30184 --- [backGrupo3ViMa] [restartedMain] .e.DevToolsPropertyDefaultsPostProcessor : Devtools property defaults active! Set 'spring.devtools.add-properties' to 'false' to disable
2025-04-11T10:18:18.566-03:00  INFO 30184 --- [backGrupo3ViMa] [restartedMain] .e.DevToolsPropertyDefaultsPostProcessor : For additional web related logging consider setting the 'logging.level.web' property to 'DEBUG'
2025-04-11T10:18:19.044-03:00  INFO 30184 --- [backGrupo3ViMa] [restartedMain] .s.d.r.c.RepositoryConfigurationDelegate : Bootstrapping Spring Data JPA repositories in DEFAULT mode.
2025-04-11T10:18:19.061-03:00  INFO 30184 --- [backGrupo3ViMa] [restartedMain] .s.d.r.c.RepositoryConfigurationDelegate : Finished Spring Data repository scanning in 9 ms. Found 0 JPA repository interfaces.
2025-04-11T10:18:19.541-03:00  INFO 30184 --- [backGrupo3ViMa] [restartedMain] o.s.b.w.embedded.tomcat.TomcatWebServer  : Tomcat initialized with port 4002 (http)
2025-04-11T10:18:19.554-03:00  INFO 30184 --- [backGrupo3ViMa] [restartedMain] o.apache.catalina.core.StandardService   : Starting service [Tomcat]
2025-04-11T10:18:19.555-03:00  INFO 30184 --- [backGrupo3ViMa] [restartedMain] o.apache.catalina.core.StandardEngine    : Starting Servlet engine: [Apache Tomcat/10.1.36]
2025-04-11T10:18:19.596-03:00  INFO 30184 --- [backGrupo3ViMa] [restartedMain] o.a.c.c.C.[Tomcat].[localhost].[/]       : Initializing Spring embedded WebApplicationContext
2025-04-11T10:18:19.597-03:00  INFO 30184 --- [backGrupo3ViMa] [restartedMain] w.s.c.ServletWebServerApplicationContext : Root WebApplicationContext: initialization completed in 1030 ms
2025-04-11T10:18:19.747-03:00  INFO 30184 --- [backGrupo3ViMa] [restartedMain] o.hibernate.jpa.internal.util.LogHelper  : HHH000204: Processing PersistenceUnitInfo [name: default]
2025-04-11T10:18:19.812-03:00  INFO 30184 --- [backGrupo3ViMa] [restartedMain] org.hibernate.Version                    : HHH000412: Hibernate ORM core version 6.6.8.Final
2025-04-11T10:18:19.853-03:00  INFO 30184 --- [backGrupo3ViMa] [restartedMain] o.h.c.internal.RegionFactoryInitiator    : HHH000026: Second-level cache disabled
2025-04-11T10:18:20.106-03:00  INFO 30184 --- [backGrupo3ViMa] [restartedMain] o.s.o.j.p.SpringPersistenceUnitInfo      : No LoadTimeWeaver setup: ignoring JPA class transformer
2025-04-11T10:18:20.134-03:00  INFO 30184 --- [backGrupo3ViMa] [restartedMain] com.zaxxer.hikari.HikariDataSource       : HikariPool-1 - Starting...
2025-04-11T10:18:20.380-03:00  INFO 30184 --- [backGrupo3ViMa] [restartedMain] com.zaxxer.hikari.pool.HikariPool        : HikariPool-1 - Added connection com.mysql.cj.jdbc.ConnectionImpl@5f97e09e
2025-04-11T10:18:20.381-03:00  INFO 30184 --- [backGrupo3ViMa] [restartedMain] com.zaxxer.hikari.HikariDataSource       : HikariPool-1 - Start completed.
2025-04-11T10:18:20.455-03:00  INFO 30184 --- [backGrupo3ViMa] [restartedMain] org.hibernate.orm.connections.pooling    : HHH10001005: Database info:
	Database JDBC URL [Connecting through datasource 'HikariDataSource (HikariPool-1)']
	Database driver: undefined/unknown
	Database version: 8.0.39
	Autocommit mode: undefined/unknown
	Isolation level: undefined/unknown
	Minimum pool size: undefined/unknown
	Maximum pool size: undefined/unknown
2025-04-11T10:18:20.742-03:00  INFO 30184 --- [backGrupo3ViMa] [restartedMain] o.h.e.t.j.p.i.JtaPlatformInitiator       : HHH000489: No JTA platform available (set 'hibernate.transaction.jta.platform' to enable JTA platform integration)
2025-04-11T10:18:20.747-03:00  INFO 30184 --- [backGrupo3ViMa] [restartedMain] j.LocalContainerEntityManagerFactoryBean : Initialized JPA EntityManagerFactory for persistence unit 'default'
2025-04-11T10:18:20.786-03:00  WARN 30184 --- [backGrupo3ViMa] [restartedMain] JpaBaseConfiguration$JpaWebConfiguration : spring.jpa.open-in-view is enabled by default. Therefore, database queries may be performed during view rendering. Explicitly configure spring.jpa.open-in-view to disable this warning
2025-04-11T10:18:20.862-03:00 DEBUG 30184 --- [backGrupo3ViMa] [restartedMain] s.w.s.m.m.a.RequestMappingHandlerMapping : 2 mappings in 'requestMappingHandlerMapping'
2025-04-11T10:18:20.925-03:00 DEBUG 30184 --- [backGrupo3ViMa] [restartedMain] o.s.w.s.handler.SimpleUrlHandlerMapping  : Patterns [/webjars/**, /**] in 'resourceHandlerMapping'
2025-04-11T10:18:20.956-03:00 DEBUG 30184 --- [backGrupo3ViMa] [restartedMain] s.w.s.m.m.a.RequestMappingHandlerAdapter : ControllerAdvice beans: 0 @ModelAttribute, 0 @InitBinder, 1 RequestBodyAdvice, 1 ResponseBodyAdvice
2025-04-11T10:18:20.993-03:00 DEBUG 30184 --- [backGrupo3ViMa] [restartedMain] .m.m.a.ExceptionHandlerExceptionResolver : ControllerAdvice beans: 0 @ExceptionHandler, 1 ResponseBodyAdvice
2025-04-11T10:18:21.090-03:00  WARN 30184 --- [backGrupo3ViMa] [restartedMain] .s.s.UserDetailsServiceAutoConfiguration : 

Using generated security password: 332e9099-f647-45ee-bf46-de2aa837d3d1

This generated password is for development use only. Your security configuration must be updated before running your application in production.

2025-04-11T10:18:21.102-03:00  INFO 30184 --- [backGrupo3ViMa] [restartedMain] r$InitializeUserDetailsManagerConfigurer : Global AuthenticationManager configured with UserDetailsService bean with name inMemoryUserDetailsManager
2025-04-11T10:18:21.261-03:00  INFO 30184 --- [backGrupo3ViMa] [restartedMain] o.s.b.d.a.OptionalLiveReloadServer       : LiveReload server is running on port 35729
2025-04-11T10:18:21.295-03:00  INFO 30184 --- [backGrupo3ViMa] [restartedMain] o.s.b.w.embedded.tomcat.TomcatWebServer  : Tomcat started on port 4002 (http) with context path '/'
2025-04-11T10:18:21.303-03:00  INFO 30184 --- [backGrupo3ViMa] [restartedMain] o.e.b.BackGrupo3ViMaApplication          : Started BackGrupo3ViMaApplication in 3.131 seconds (process running for 3.663)
2025-04-11T10:19:02.597-03:00  INFO 30184 --- [backGrupo3ViMa] [File Watcher] rtingClassPathChangeChangedEventListener : Restarting due to 1 class path change (0 additions, 0 deletions, 1 modification)
2025-04-11T10:19:02.600-03:00  INFO 30184 --- [backGrupo3ViMa] [Thread-5] o.s.b.w.e.tomcat.GracefulShutdown        : Commencing graceful shutdown. Waiting for active requests to complete
2025-04-11T10:19:02.604-03:00  INFO 30184 --- [backGrupo3ViMa] [tomcat-shutdown] o.s.b.w.e.tomcat.GracefulShutdown        : Graceful shutdown complete
2025-04-11T10:19:02.607-03:00  INFO 30184 --- [backGrupo3ViMa] [Thread-5] j.LocalContainerEntityManagerFactoryBean : Closing JPA EntityManagerFactory for persistence unit 'default'
2025-04-11T10:19:02.610-03:00  INFO 30184 --- [backGrupo3ViMa] [Thread-5] com.zaxxer.hikari.HikariDataSource       : HikariPool-1 - Shutdown initiated...
2025-04-11T10:19:02.616-03:00  INFO 30184 --- [backGrupo3ViMa] [Thread-5] com.zaxxer.hikari.HikariDataSource       : HikariPool-1 - Shutdown completed.
2025-04-11T10:19:02.687-03:00  INFO 30184 --- [backGrupo3ViMa] [restartedMain] o.e.b.BackGrupo3ViMaApplication          : Starting BackGrupo3ViMaApplication using Java 22.0.1 with PID 30184 (C:\Users\Enzo\Documents\GitHub\DesarrolloAPSI\backend\backGrupo4ViMa\target\classes started by Enzo in C:\Users\Enzo\Documents\GitHub\DesarrolloAPSI)
2025-04-11T10:19:02.688-03:00  INFO 30184 --- [backGrupo3ViMa] [restartedMain] o.e.b.BackGrupo3ViMaApplication          : No active profile set, falling back to 1 default profile: "default"
2025-04-11T10:19:02.815-03:00  INFO 30184 --- [backGrupo3ViMa] [restartedMain] .s.d.r.c.RepositoryConfigurationDelegate : Bootstrapping Spring Data JPA repositories in DEFAULT mode.
2025-04-11T10:19:02.817-03:00  INFO 30184 --- [backGrupo3ViMa] [restartedMain] .s.d.r.c.RepositoryConfigurationDelegate : Finished Spring Data repository scanning in 1 ms. Found 0 JPA repository interfaces.
2025-04-11T10:19:02.883-03:00  INFO 30184 --- [backGrupo3ViMa] [restartedMain] o.s.b.w.embedded.tomcat.TomcatWebServer  : Tomcat initialized with port 4002 (http)
2025-04-11T10:19:02.884-03:00  INFO 30184 --- [backGrupo3ViMa] [restartedMain] o.apache.catalina.core.StandardService   : Starting service [Tomcat]
2025-04-11T10:19:02.884-03:00  INFO 30184 --- [backGrupo3ViMa] [restartedMain] o.apache.catalina.core.StandardEngine    : Starting Servlet engine: [Apache Tomcat/10.1.36]
2025-04-11T10:19:02.903-03:00  INFO 30184 --- [backGrupo3ViMa] [restartedMain] o.a.c.c.C.[Tomcat].[localhost].[/]       : Initializing Spring embedded WebApplicationContext
2025-04-11T10:19:02.903-03:00  INFO 30184 --- [backGrupo3ViMa] [restartedMain] w.s.c.ServletWebServerApplicationContext : Root WebApplicationContext: initialization completed in 214 ms
2025-04-11T10:19:02.929-03:00  INFO 30184 --- [backGrupo3ViMa] [restartedMain] o.hibernate.jpa.internal.util.LogHelper  : HHH000204: Processing PersistenceUnitInfo [name: default]
2025-04-11T10:19:02.931-03:00  INFO 30184 --- [backGrupo3ViMa] [restartedMain] o.h.c.internal.RegionFactoryInitiator    : HHH000026: Second-level cache disabled
2025-04-11T10:19:02.940-03:00  INFO 30184 --- [backGrupo3ViMa] [restartedMain] o.s.o.j.p.SpringPersistenceUnitInfo      : No LoadTimeWeaver setup: ignoring JPA class transformer
2025-04-11T10:19:02.940-03:00  INFO 30184 --- [backGrupo3ViMa] [restartedMain] com.zaxxer.hikari.HikariDataSource       : HikariPool-2 - Starting...
2025-04-11T10:19:02.951-03:00  INFO 30184 --- [backGrupo3ViMa] [restartedMain] com.zaxxer.hikari.pool.HikariPool        : HikariPool-2 - Added connection com.mysql.cj.jdbc.ConnectionImpl@123754df
2025-04-11T10:19:02.952-03:00  INFO 30184 --- [backGrupo3ViMa] [restartedMain] com.zaxxer.hikari.HikariDataSource       : HikariPool-2 - Start completed.
2025-04-11T10:19:02.953-03:00  INFO 30184 --- [backGrupo3ViMa] [restartedMain] org.hibernate.orm.connections.pooling    : HHH10001005: Database info:
	Database JDBC URL [Connecting through datasource 'HikariDataSource (HikariPool-2)']
	Database driver: undefined/unknown
	Database version: 8.0.39
	Autocommit mode: undefined/unknown
	Isolation level: undefined/unknown
	Minimum pool size: undefined/unknown
	Maximum pool size: undefined/unknown
2025-04-11T10:19:02.966-03:00  INFO 30184 --- [backGrupo3ViMa] [restartedMain] o.h.e.t.j.p.i.JtaPlatformInitiator       : HHH000489: No JTA platform available (set 'hibernate.transaction.jta.platform' to enable JTA platform integration)
2025-04-11T10:19:02.966-03:00  INFO 30184 --- [backGrupo3ViMa] [restartedMain] j.LocalContainerEntityManagerFactoryBean : Initialized JPA EntityManagerFactory for persistence unit 'default'
2025-04-11T10:19:02.979-03:00  WARN 30184 --- [backGrupo3ViMa] [restartedMain] JpaBaseConfiguration$JpaWebConfiguration : spring.jpa.open-in-view is enabled by default. Therefore, database queries may be performed during view rendering. Explicitly configure spring.jpa.open-in-view to disable this warning
2025-04-11T10:19:02.994-03:00 DEBUG 30184 --- [backGrupo3ViMa] [restartedMain] s.w.s.m.m.a.RequestMappingHandlerMapping : 2 mappings in 'requestMappingHandlerMapping'
2025-04-11T10:19:03.014-03:00 DEBUG 30184 --- [backGrupo3ViMa] [restartedMain] o.s.w.s.handler.SimpleUrlHandlerMapping  : Patterns [/webjars/**, /**] in 'resourceHandlerMapping'
2025-04-11T10:19:03.019-03:00 DEBUG 30184 --- [backGrupo3ViMa] [restartedMain] s.w.s.m.m.a.RequestMappingHandlerAdapter : ControllerAdvice beans: 0 @ModelAttribute, 0 @InitBinder, 1 RequestBodyAdvice, 1 ResponseBodyAdvice
2025-04-11T10:19:03.026-03:00 DEBUG 30184 --- [backGrupo3ViMa] [restartedMain] .m.m.a.ExceptionHandlerExceptionResolver : ControllerAdvice beans: 0 @ExceptionHandler, 1 ResponseBodyAdvice
2025-04-11T10:19:03.064-03:00  WARN 30184 --- [backGrupo3ViMa] [restartedMain] .s.s.UserDetailsServiceAutoConfiguration : 

Using generated security password: 84e3374b-1da2-4977-b455-7779c23c4176

This generated password is for development use only. Your security configuration must be updated before running your application in production.

2025-04-11T10:19:03.065-03:00  INFO 30184 --- [backGrupo3ViMa] [restartedMain] r$InitializeUserDetailsManagerConfigurer : Global AuthenticationManager configured with UserDetailsService bean with name inMemoryUserDetailsManager
2025-04-11T10:19:03.089-03:00  INFO 30184 --- [backGrupo3ViMa] [restartedMain] o.s.b.d.a.OptionalLiveReloadServer       : LiveReload server is running on port 35729
2025-04-11T10:19:03.098-03:00  INFO 30184 --- [backGrupo3ViMa] [restartedMain] o.s.b.w.embedded.tomcat.TomcatWebServer  : Tomcat started on port 4002 (http) with context path '/'
2025-04-11T10:19:03.100-03:00  INFO 30184 --- [backGrupo3ViMa] [restartedMain] o.e.b.BackGrupo3ViMaApplication          : Started BackGrupo3ViMaApplication in 0.436 seconds (process running for 45.462)
2025-04-11T10:19:03.103-03:00  INFO 30184 --- [backGrupo3ViMa] [restartedMain] .ConditionEvaluationDeltaLoggingListener : Condition evaluation unchanged
2025-04-11T10:22:05.044-03:00  INFO 30184 --- [backGrupo3ViMa] [File Watcher] rtingClassPathChangeChangedEventListener : Restarting due to 1 class path change (0 additions, 0 deletions, 1 modification)
2025-04-11T10:22:05.046-03:00  INFO 30184 --- [backGrupo3ViMa] [Thread-7] o.s.b.w.e.tomcat.GracefulShutdown        : Commencing graceful shutdown. Waiting for active requests to complete
2025-04-11T10:22:05.050-03:00  INFO 30184 --- [backGrupo3ViMa] [tomcat-shutdown] o.s.b.w.e.tomcat.GracefulShutdown        : Graceful shutdown complete
2025-04-11T10:22:05.052-03:00  INFO 30184 --- [backGrupo3ViMa] [Thread-7] j.LocalContainerEntityManagerFactoryBean : Closing JPA EntityManagerFactory for persistence unit 'default'
2025-04-11T10:22:05.053-03:00  INFO 30184 --- [backGrupo3ViMa] [Thread-7] com.zaxxer.hikari.HikariDataSource       : HikariPool-2 - Shutdown initiated...
2025-04-11T10:22:05.058-03:00  INFO 30184 --- [backGrupo3ViMa] [Thread-7] com.zaxxer.hikari.HikariDataSource       : HikariPool-2 - Shutdown completed.
2025-04-11T10:22:05.125-03:00  INFO 30184 --- [backGrupo3ViMa] [restartedMain] o.e.b.BackGrupo3ViMaApplication          : Starting BackGrupo3ViMaApplication using Java 22.0.1 with PID 30184 (C:\Users\Enzo\Documents\GitHub\DesarrolloAPSI\backend\backGrupo4ViMa\target\classes started by Enzo in C:\Users\Enzo\Documents\GitHub\DesarrolloAPSI)
2025-04-11T10:22:05.126-03:00  INFO 30184 --- [backGrupo3ViMa] [restartedMain] o.e.b.BackGrupo3ViMaApplication          : No active profile set, falling back to 1 default profile: "default"
2025-04-11T10:22:05.245-03:00  INFO 30184 --- [backGrupo3ViMa] [restartedMain] .s.d.r.c.RepositoryConfigurationDelegate : Bootstrapping Spring Data JPA repositories in DEFAULT mode.
2025-04-11T10:22:05.247-03:00  INFO 30184 --- [backGrupo3ViMa] [restartedMain] .s.d.r.c.RepositoryConfigurationDelegate : Finished Spring Data repository scanning in 1 ms. Found 0 JPA repository interfaces.
2025-04-11T10:22:05.322-03:00  INFO 30184 --- [backGrupo3ViMa] [restartedMain] o.s.b.w.embedded.tomcat.TomcatWebServer  : Tomcat initialized with port 4002 (http)
2025-04-11T10:22:05.323-03:00  INFO 30184 --- [backGrupo3ViMa] [restartedMain] o.apache.catalina.core.StandardService   : Starting service [Tomcat]
2025-04-11T10:22:05.323-03:00  INFO 30184 --- [backGrupo3ViMa] [restartedMain] o.apache.catalina.core.StandardEngine    : Starting Servlet engine: [Apache Tomcat/10.1.36]
2025-04-11T10:22:05.343-03:00  INFO 30184 --- [backGrupo3ViMa] [restartedMain] o.a.c.c.C.[Tomcat].[localhost].[/]       : Initializing Spring embedded WebApplicationContext
2025-04-11T10:22:05.343-03:00  INFO 30184 --- [backGrupo3ViMa] [restartedMain] w.s.c.ServletWebServerApplicationContext : Root WebApplicationContext: initialization completed in 216 ms
2025-04-11T10:22:05.371-03:00  INFO 30184 --- [backGrupo3ViMa] [restartedMain] o.hibernate.jpa.internal.util.LogHelper  : HHH000204: Processing PersistenceUnitInfo [name: default]
2025-04-11T10:22:05.374-03:00  INFO 30184 --- [backGrupo3ViMa] [restartedMain] o.h.c.internal.RegionFactoryInitiator    : HHH000026: Second-level cache disabled
2025-04-11T10:22:05.381-03:00  INFO 30184 --- [backGrupo3ViMa] [restartedMain] o.s.o.j.p.SpringPersistenceUnitInfo      : No LoadTimeWeaver setup: ignoring JPA class transformer
2025-04-11T10:22:05.382-03:00  INFO 30184 --- [backGrupo3ViMa] [restartedMain] com.zaxxer.hikari.HikariDataSource       : HikariPool-3 - Starting...
2025-04-11T10:22:05.392-03:00  INFO 30184 --- [backGrupo3ViMa] [restartedMain] com.zaxxer.hikari.pool.HikariPool        : HikariPool-3 - Added connection com.mysql.cj.jdbc.ConnectionImpl@524f3d8f
2025-04-11T10:22:05.393-03:00  INFO 30184 --- [backGrupo3ViMa] [restartedMain] com.zaxxer.hikari.HikariDataSource       : HikariPool-3 - Start completed.
2025-04-11T10:22:05.394-03:00  INFO 30184 --- [backGrupo3ViMa] [restartedMain] org.hibernate.orm.connections.pooling    : HHH10001005: Database info:
	Database JDBC URL [Connecting through datasource 'HikariDataSource (HikariPool-3)']
	Database driver: undefined/unknown
	Database version: 8.0.39
	Autocommit mode: undefined/unknown
	Isolation level: undefined/unknown
	Minimum pool size: undefined/unknown
	Maximum pool size: undefined/unknown
2025-04-11T10:22:05.406-03:00  INFO 30184 --- [backGrupo3ViMa] [restartedMain] o.h.e.t.j.p.i.JtaPlatformInitiator       : HHH000489: No JTA platform available (set 'hibernate.transaction.jta.platform' to enable JTA platform integration)
2025-04-11T10:22:05.407-03:00  INFO 30184 --- [backGrupo3ViMa] [restartedMain] j.LocalContainerEntityManagerFactoryBean : Initialized JPA EntityManagerFactory for persistence unit 'default'
2025-04-11T10:22:05.436-03:00 DEBUG 30184 --- [backGrupo3ViMa] [restartedMain] s.w.s.m.m.a.RequestMappingHandlerMapping : 2 mappings in 'requestMappingHandlerMapping'
2025-04-11T10:22:05.460-03:00 DEBUG 30184 --- [backGrupo3ViMa] [restartedMain] o.s.w.s.handler.SimpleUrlHandlerMapping  : Patterns [/webjars/**, /**] in 'resourceHandlerMapping'
2025-04-11T10:22:05.466-03:00 DEBUG 30184 --- [backGrupo3ViMa] [restartedMain] s.w.s.m.m.a.RequestMappingHandlerAdapter : ControllerAdvice beans: 0 @ModelAttribute, 0 @InitBinder, 1 RequestBodyAdvice, 1 ResponseBodyAdvice
2025-04-11T10:22:05.472-03:00 DEBUG 30184 --- [backGrupo3ViMa] [restartedMain] .m.m.a.ExceptionHandlerExceptionResolver : ControllerAdvice beans: 0 @ExceptionHandler, 1 ResponseBodyAdvice
2025-04-11T10:22:05.514-03:00  WARN 30184 --- [backGrupo3ViMa] [restartedMain] .s.s.UserDetailsServiceAutoConfiguration : 

Using generated security password: 210fa3df-e328-48f4-a67a-fa76958b664f

This generated password is for development use only. Your security configuration must be updated before running your application in production.

2025-04-11T10:22:05.515-03:00  INFO 30184 --- [backGrupo3ViMa] [restartedMain] r$InitializeUserDetailsManagerConfigurer : Global AuthenticationManager configured with UserDetailsService bean with name inMemoryUserDetailsManager
2025-04-11T10:22:05.537-03:00  INFO 30184 --- [backGrupo3ViMa] [restartedMain] o.s.b.d.a.OptionalLiveReloadServer       : LiveReload server is running on port 35729
2025-04-11T10:22:05.546-03:00  INFO 30184 --- [backGrupo3ViMa] [restartedMain] o.s.b.w.embedded.tomcat.TomcatWebServer  : Tomcat started on port 4002 (http) with context path '/'
2025-04-11T10:22:05.548-03:00  INFO 30184 --- [backGrupo3ViMa] [restartedMain] o.e.b.BackGrupo3ViMaApplication          : Started BackGrupo3ViMaApplication in 0.446 seconds (process running for 227.909)
2025-04-11T10:22:05.551-03:00  INFO 30184 --- [backGrupo3ViMa] [restartedMain] .ConditionEvaluationDeltaLoggingListener : Condition evaluation delta:


==========================
CONDITION EVALUATION DELTA
==========================


Positive matches:
-----------------

    None


Negative matches:
-----------------

   JpaBaseConfiguration.JpaWebConfiguration:
      Did not match:
         - @ConditionalOnProperty (spring.jpa.open-in-view=true) found different value in property 'open-in-view' (OnPropertyCondition)
      Matched:
         - @ConditionalOnClass found required class 'org.springframework.web.servlet.config.annotation.WebMvcConfigurer' (OnClassCondition)
         - found 'session' scope (OnWebApplicationCondition)


Exclusions:
-----------

    None


Unconditional classes:
----------------------

    None



2025-04-11T10:22:45.142-03:00  INFO 6076 --- [backGrupo3ViMa] [restartedMain] o.e.b.BackGrupo3ViMaApplication          : Starting BackGrupo3ViMaApplication using Java 22.0.1 with PID 6076 (C:\Users\Enzo\Documents\GitHub\DesarrolloAPSI\backend\backGrupo4ViMa\target\classes started by Enzo in C:\Users\Enzo\Documents\GitHub\DesarrolloAPSI)
2025-04-11T10:22:45.145-03:00  INFO 6076 --- [backGrupo3ViMa] [restartedMain] o.e.b.BackGrupo3ViMaApplication          : No active profile set, falling back to 1 default profile: "default"
2025-04-11T10:22:45.183-03:00  INFO 6076 --- [backGrupo3ViMa] [restartedMain] .e.DevToolsPropertyDefaultsPostProcessor : Devtools property defaults active! Set 'spring.devtools.add-properties' to 'false' to disable
2025-04-11T10:22:45.184-03:00  INFO 6076 --- [backGrupo3ViMa] [restartedMain] .e.DevToolsPropertyDefaultsPostProcessor : For additional web related logging consider setting the 'logging.level.web' property to 'DEBUG'
2025-04-11T10:22:45.653-03:00  INFO 6076 --- [backGrupo3ViMa] [restartedMain] .s.d.r.c.RepositoryConfigurationDelegate : Bootstrapping Spring Data JPA repositories in DEFAULT mode.
2025-04-11T10:22:45.669-03:00  INFO 6076 --- [backGrupo3ViMa] [restartedMain] .s.d.r.c.RepositoryConfigurationDelegate : Finished Spring Data repository scanning in 9 ms. Found 0 JPA repository interfaces.
2025-04-11T10:22:46.100-03:00  INFO 6076 --- [backGrupo3ViMa] [restartedMain] o.s.b.w.embedded.tomcat.TomcatWebServer  : Tomcat initialized with port 4002 (http)
2025-04-11T10:22:46.112-03:00  INFO 6076 --- [backGrupo3ViMa] [restartedMain] o.apache.catalina.core.StandardService   : Starting service [Tomcat]
2025-04-11T10:22:46.113-03:00  INFO 6076 --- [backGrupo3ViMa] [restartedMain] o.apache.catalina.core.StandardEngine    : Starting Servlet engine: [Apache Tomcat/10.1.36]
2025-04-11T10:22:46.155-03:00  INFO 6076 --- [backGrupo3ViMa] [restartedMain] o.a.c.c.C.[Tomcat].[localhost].[/]       : Initializing Spring embedded WebApplicationContext
2025-04-11T10:22:46.155-03:00  INFO 6076 --- [backGrupo3ViMa] [restartedMain] w.s.c.ServletWebServerApplicationContext : Root WebApplicationContext: initialization completed in 971 ms
2025-04-11T10:22:46.301-03:00  INFO 6076 --- [backGrupo3ViMa] [restartedMain] o.hibernate.jpa.internal.util.LogHelper  : HHH000204: Processing PersistenceUnitInfo [name: default]
2025-04-11T10:22:46.348-03:00  INFO 6076 --- [backGrupo3ViMa] [restartedMain] org.hibernate.Version                    : HHH000412: Hibernate ORM core version 6.6.8.Final
2025-04-11T10:22:46.382-03:00  INFO 6076 --- [backGrupo3ViMa] [restartedMain] o.h.c.internal.RegionFactoryInitiator    : HHH000026: Second-level cache disabled
2025-04-11T10:22:46.619-03:00  INFO 6076 --- [backGrupo3ViMa] [restartedMain] o.s.o.j.p.SpringPersistenceUnitInfo      : No LoadTimeWeaver setup: ignoring JPA class transformer
2025-04-11T10:22:46.645-03:00  INFO 6076 --- [backGrupo3ViMa] [restartedMain] com.zaxxer.hikari.HikariDataSource       : HikariPool-1 - Starting...
2025-04-11T10:22:46.895-03:00  INFO 6076 --- [backGrupo3ViMa] [restartedMain] com.zaxxer.hikari.pool.HikariPool        : HikariPool-1 - Added connection com.mysql.cj.jdbc.ConnectionImpl@305a3afd
2025-04-11T10:22:46.897-03:00  INFO 6076 --- [backGrupo3ViMa] [restartedMain] com.zaxxer.hikari.HikariDataSource       : HikariPool-1 - Start completed.
2025-04-11T10:22:46.958-03:00  INFO 6076 --- [backGrupo3ViMa] [restartedMain] org.hibernate.orm.connections.pooling    : HHH10001005: Database info:
	Database JDBC URL [Connecting through datasource 'HikariDataSource (HikariPool-1)']
	Database driver: undefined/unknown
	Database version: 8.0.39
	Autocommit mode: undefined/unknown
	Isolation level: undefined/unknown
	Minimum pool size: undefined/unknown
	Maximum pool size: undefined/unknown
2025-04-11T10:22:47.212-03:00  INFO 6076 --- [backGrupo3ViMa] [restartedMain] o.h.e.t.j.p.i.JtaPlatformInitiator       : HHH000489: No JTA platform available (set 'hibernate.transaction.jta.platform' to enable JTA platform integration)
2025-04-11T10:22:47.217-03:00  INFO 6076 --- [backGrupo3ViMa] [restartedMain] j.LocalContainerEntityManagerFactoryBean : Initialized JPA EntityManagerFactory for persistence unit 'default'
2025-04-11T10:22:47.325-03:00 DEBUG 6076 --- [backGrupo3ViMa] [restartedMain] s.w.s.m.m.a.RequestMappingHandlerMapping : 2 mappings in 'requestMappingHandlerMapping'
2025-04-11T10:22:47.384-03:00 DEBUG 6076 --- [backGrupo3ViMa] [restartedMain] o.s.w.s.handler.SimpleUrlHandlerMapping  : Patterns [/webjars/**, /**] in 'resourceHandlerMapping'
2025-04-11T10:22:47.415-03:00 DEBUG 6076 --- [backGrupo3ViMa] [restartedMain] s.w.s.m.m.a.RequestMappingHandlerAdapter : ControllerAdvice beans: 0 @ModelAttribute, 0 @InitBinder, 1 RequestBodyAdvice, 1 ResponseBodyAdvice
2025-04-11T10:22:47.457-03:00 DEBUG 6076 --- [backGrupo3ViMa] [restartedMain] .m.m.a.ExceptionHandlerExceptionResolver : ControllerAdvice beans: 0 @ExceptionHandler, 1 ResponseBodyAdvice
2025-04-11T10:22:47.558-03:00  WARN 6076 --- [backGrupo3ViMa] [restartedMain] .s.s.UserDetailsServiceAutoConfiguration : 

Using generated security password: d2b6a5e0-a7df-4885-abf5-2b4078ad53c0

This generated password is for development use only. Your security configuration must be updated before running your application in production.

2025-04-11T10:22:47.571-03:00  INFO 6076 --- [backGrupo3ViMa] [restartedMain] r$InitializeUserDetailsManagerConfigurer : Global AuthenticationManager configured with UserDetailsService bean with name inMemoryUserDetailsManager
2025-04-11T10:22:47.720-03:00  INFO 6076 --- [backGrupo3ViMa] [restartedMain] o.s.b.d.a.OptionalLiveReloadServer       : LiveReload server is running on port 35729
2025-04-11T10:22:47.748-03:00  INFO 6076 --- [backGrupo3ViMa] [restartedMain] o.s.b.w.embedded.tomcat.TomcatWebServer  : Tomcat started on port 4002 (http) with context path '/'
2025-04-11T10:22:47.755-03:00  INFO 6076 --- [backGrupo3ViMa] [restartedMain] o.e.b.BackGrupo3ViMaApplication          : Started BackGrupo3ViMaApplication in 2.983 seconds (process running for 3.522)
2025-04-11T10:22:58.485-03:00  INFO 35876 --- [backGrupo3ViMa] [restartedMain] o.e.b.BackGrupo3ViMaApplication          : Starting BackGrupo3ViMaApplication using Java 22.0.1 with PID 35876 (C:\Users\Enzo\Documents\GitHub\DesarrolloAPSI\backend\backGrupo4ViMa\target\classes started by Enzo in C:\Users\Enzo\Documents\GitHub\DesarrolloAPSI)
2025-04-11T10:22:58.487-03:00  INFO 35876 --- [backGrupo3ViMa] [restartedMain] o.e.b.BackGrupo3ViMaApplication          : No active profile set, falling back to 1 default profile: "default"
2025-04-11T10:22:58.527-03:00  INFO 35876 --- [backGrupo3ViMa] [restartedMain] .e.DevToolsPropertyDefaultsPostProcessor : Devtools property defaults active! Set 'spring.devtools.add-properties' to 'false' to disable
2025-04-11T10:22:58.527-03:00  INFO 35876 --- [backGrupo3ViMa] [restartedMain] .e.DevToolsPropertyDefaultsPostProcessor : For additional web related logging consider setting the 'logging.level.web' property to 'DEBUG'
2025-04-11T10:22:58.997-03:00  INFO 35876 --- [backGrupo3ViMa] [restartedMain] .s.d.r.c.RepositoryConfigurationDelegate : Bootstrapping Spring Data JPA repositories in DEFAULT mode.
2025-04-11T10:22:59.013-03:00  INFO 35876 --- [backGrupo3ViMa] [restartedMain] .s.d.r.c.RepositoryConfigurationDelegate : Finished Spring Data repository scanning in 8 ms. Found 0 JPA repository interfaces.
2025-04-11T10:22:59.434-03:00  INFO 35876 --- [backGrupo3ViMa] [restartedMain] o.s.b.w.embedded.tomcat.TomcatWebServer  : Tomcat initialized with port 4002 (http)
2025-04-11T10:22:59.445-03:00  INFO 35876 --- [backGrupo3ViMa] [restartedMain] o.apache.catalina.core.StandardService   : Starting service [Tomcat]
2025-04-11T10:22:59.446-03:00  INFO 35876 --- [backGrupo3ViMa] [restartedMain] o.apache.catalina.core.StandardEngine    : Starting Servlet engine: [Apache Tomcat/10.1.36]
2025-04-11T10:22:59.486-03:00  INFO 35876 --- [backGrupo3ViMa] [restartedMain] o.a.c.c.C.[Tomcat].[localhost].[/]       : Initializing Spring embedded WebApplicationContext
2025-04-11T10:22:59.486-03:00  INFO 35876 --- [backGrupo3ViMa] [restartedMain] w.s.c.ServletWebServerApplicationContext : Root WebApplicationContext: initialization completed in 959 ms
2025-04-11T10:22:59.603-03:00  INFO 35876 --- [backGrupo3ViMa] [restartedMain] o.hibernate.jpa.internal.util.LogHelper  : HHH000204: Processing PersistenceUnitInfo [name: default]
2025-04-11T10:22:59.647-03:00  INFO 35876 --- [backGrupo3ViMa] [restartedMain] org.hibernate.Version                    : HHH000412: Hibernate ORM core version 6.6.8.Final
2025-04-11T10:22:59.676-03:00  INFO 35876 --- [backGrupo3ViMa] [restartedMain] o.h.c.internal.RegionFactoryInitiator    : HHH000026: Second-level cache disabled
2025-04-11T10:22:59.894-03:00  INFO 35876 --- [backGrupo3ViMa] [restartedMain] o.s.o.j.p.SpringPersistenceUnitInfo      : No LoadTimeWeaver setup: ignoring JPA class transformer
2025-04-11T10:22:59.919-03:00  INFO 35876 --- [backGrupo3ViMa] [restartedMain] com.zaxxer.hikari.HikariDataSource       : HikariPool-1 - Starting...
2025-04-11T10:23:00.152-03:00  INFO 35876 --- [backGrupo3ViMa] [restartedMain] com.zaxxer.hikari.pool.HikariPool        : HikariPool-1 - Added connection com.mysql.cj.jdbc.ConnectionImpl@6c8055f1
2025-04-11T10:23:00.153-03:00  INFO 35876 --- [backGrupo3ViMa] [restartedMain] com.zaxxer.hikari.HikariDataSource       : HikariPool-1 - Start completed.
2025-04-11T10:23:00.218-03:00  INFO 35876 --- [backGrupo3ViMa] [restartedMain] org.hibernate.orm.connections.pooling    : HHH10001005: Database info:
	Database JDBC URL [Connecting through datasource 'HikariDataSource (HikariPool-1)']
	Database driver: undefined/unknown
	Database version: 8.0.39
	Autocommit mode: undefined/unknown
	Isolation level: undefined/unknown
	Minimum pool size: undefined/unknown
	Maximum pool size: undefined/unknown
2025-04-11T10:23:00.466-03:00  INFO 35876 --- [backGrupo3ViMa] [restartedMain] o.h.e.t.j.p.i.JtaPlatformInitiator       : HHH000489: No JTA platform available (set 'hibernate.transaction.jta.platform' to enable JTA platform integration)
2025-04-11T10:23:00.470-03:00  INFO 35876 --- [backGrupo3ViMa] [restartedMain] j.LocalContainerEntityManagerFactoryBean : Initialized JPA EntityManagerFactory for persistence unit 'default'
2025-04-11T10:23:00.575-03:00 DEBUG 35876 --- [backGrupo3ViMa] [restartedMain] s.w.s.m.m.a.RequestMappingHandlerMapping : 2 mappings in 'requestMappingHandlerMapping'
2025-04-11T10:23:00.639-03:00 DEBUG 35876 --- [backGrupo3ViMa] [restartedMain] o.s.w.s.handler.SimpleUrlHandlerMapping  : Patterns [/webjars/**, /**] in 'resourceHandlerMapping'
2025-04-11T10:23:00.668-03:00 DEBUG 35876 --- [backGrupo3ViMa] [restartedMain] s.w.s.m.m.a.RequestMappingHandlerAdapter : ControllerAdvice beans: 0 @ModelAttribute, 0 @InitBinder, 1 RequestBodyAdvice, 1 ResponseBodyAdvice
2025-04-11T10:23:00.708-03:00 DEBUG 35876 --- [backGrupo3ViMa] [restartedMain] .m.m.a.ExceptionHandlerExceptionResolver : ControllerAdvice beans: 0 @ExceptionHandler, 1 ResponseBodyAdvice
2025-04-11T10:23:00.811-03:00  WARN 35876 --- [backGrupo3ViMa] [restartedMain] .s.s.UserDetailsServiceAutoConfiguration : 

Using generated security password: d57ff238-c04e-4f13-ac9c-7c65c4826de5

This generated password is for development use only. Your security configuration must be updated before running your application in production.

2025-04-11T10:23:00.824-03:00  INFO 35876 --- [backGrupo3ViMa] [restartedMain] r$InitializeUserDetailsManagerConfigurer : Global AuthenticationManager configured with UserDetailsService bean with name inMemoryUserDetailsManager
2025-04-11T10:23:00.961-03:00  INFO 35876 --- [backGrupo3ViMa] [restartedMain] o.s.b.d.a.OptionalLiveReloadServer       : LiveReload server is running on port 35729
2025-04-11T10:23:00.990-03:00  INFO 35876 --- [backGrupo3ViMa] [restartedMain] o.s.b.w.embedded.tomcat.TomcatWebServer  : Tomcat started on port 4002 (http) with context path '/'
2025-04-11T10:23:00.996-03:00  INFO 35876 --- [backGrupo3ViMa] [restartedMain] o.e.b.BackGrupo3ViMaApplication          : Started BackGrupo3ViMaApplication in 2.881 seconds (process running for 3.391)
2025-04-11T10:25:24.323-03:00  INFO 10740 --- [backGrupo3ViMa] [restartedMain] o.e.b.BackGrupo3ViMaApplication          : Starting BackGrupo3ViMaApplication using Java 22.0.1 with PID 10740 (C:\Users\Enzo\Documents\GitHub\DesarrolloAPSI\backend\backGrupo4ViMa\target\classes started by Enzo in C:\Users\Enzo\Documents\GitHub\DesarrolloAPSI)
2025-04-11T10:25:24.326-03:00  INFO 10740 --- [backGrupo3ViMa] [restartedMain] o.e.b.BackGrupo3ViMaApplication          : No active profile set, falling back to 1 default profile: "default"
2025-04-11T10:25:24.366-03:00  INFO 10740 --- [backGrupo3ViMa] [restartedMain] .e.DevToolsPropertyDefaultsPostProcessor : Devtools property defaults active! Set 'spring.devtools.add-properties' to 'false' to disable
2025-04-11T10:25:24.366-03:00  INFO 10740 --- [backGrupo3ViMa] [restartedMain] .e.DevToolsPropertyDefaultsPostProcessor : For additional web related logging consider setting the 'logging.level.web' property to 'DEBUG'
2025-04-11T10:25:24.842-03:00  INFO 10740 --- [backGrupo3ViMa] [restartedMain] .s.d.r.c.RepositoryConfigurationDelegate : Bootstrapping Spring Data JPA repositories in DEFAULT mode.
2025-04-11T10:25:24.859-03:00  INFO 10740 --- [backGrupo3ViMa] [restartedMain] .s.d.r.c.RepositoryConfigurationDelegate : Finished Spring Data repository scanning in 9 ms. Found 0 JPA repository interfaces.
2025-04-11T10:25:25.282-03:00  INFO 10740 --- [backGrupo3ViMa] [restartedMain] o.s.b.w.embedded.tomcat.TomcatWebServer  : Tomcat initialized with port 4002 (http)
2025-04-11T10:25:25.293-03:00  INFO 10740 --- [backGrupo3ViMa] [restartedMain] o.apache.catalina.core.StandardService   : Starting service [Tomcat]
2025-04-11T10:25:25.294-03:00  INFO 10740 --- [backGrupo3ViMa] [restartedMain] o.apache.catalina.core.StandardEngine    : Starting Servlet engine: [Apache Tomcat/10.1.36]
2025-04-11T10:25:25.334-03:00  INFO 10740 --- [backGrupo3ViMa] [restartedMain] o.a.c.c.C.[Tomcat].[localhost].[/]       : Initializing Spring embedded WebApplicationContext
2025-04-11T10:25:25.334-03:00  INFO 10740 --- [backGrupo3ViMa] [restartedMain] w.s.c.ServletWebServerApplicationContext : Root WebApplicationContext: initialization completed in 968 ms
2025-04-11T10:25:25.453-03:00  INFO 10740 --- [backGrupo3ViMa] [restartedMain] o.hibernate.jpa.internal.util.LogHelper  : HHH000204: Processing PersistenceUnitInfo [name: default]
2025-04-11T10:25:25.495-03:00  INFO 10740 --- [backGrupo3ViMa] [restartedMain] org.hibernate.Version                    : HHH000412: Hibernate ORM core version 6.6.8.Final
2025-04-11T10:25:25.528-03:00  INFO 10740 --- [backGrupo3ViMa] [restartedMain] o.h.c.internal.RegionFactoryInitiator    : HHH000026: Second-level cache disabled
2025-04-11T10:25:25.738-03:00  INFO 10740 --- [backGrupo3ViMa] [restartedMain] o.s.o.j.p.SpringPersistenceUnitInfo      : No LoadTimeWeaver setup: ignoring JPA class transformer
2025-04-11T10:25:25.764-03:00  INFO 10740 --- [backGrupo3ViMa] [restartedMain] com.zaxxer.hikari.HikariDataSource       : HikariPool-1 - Starting...
2025-04-11T10:25:25.989-03:00  INFO 10740 --- [backGrupo3ViMa] [restartedMain] com.zaxxer.hikari.pool.HikariPool        : HikariPool-1 - Added connection com.mysql.cj.jdbc.ConnectionImpl@305a3afd
2025-04-11T10:25:25.990-03:00  INFO 10740 --- [backGrupo3ViMa] [restartedMain] com.zaxxer.hikari.HikariDataSource       : HikariPool-1 - Start completed.
2025-04-11T10:25:26.053-03:00  INFO 10740 --- [backGrupo3ViMa] [restartedMain] org.hibernate.orm.connections.pooling    : HHH10001005: Database info:
	Database JDBC URL [Connecting through datasource 'HikariDataSource (HikariPool-1)']
	Database driver: undefined/unknown
	Database version: 8.0.39
	Autocommit mode: undefined/unknown
	Isolation level: undefined/unknown
	Minimum pool size: undefined/unknown
	Maximum pool size: undefined/unknown
2025-04-11T10:25:26.296-03:00  INFO 10740 --- [backGrupo3ViMa] [restartedMain] o.h.e.t.j.p.i.JtaPlatformInitiator       : HHH000489: No JTA platform available (set 'hibernate.transaction.jta.platform' to enable JTA platform integration)
2025-04-11T10:25:26.302-03:00  INFO 10740 --- [backGrupo3ViMa] [restartedMain] j.LocalContainerEntityManagerFactoryBean : Initialized JPA EntityManagerFactory for persistence unit 'default'
2025-04-11T10:25:26.402-03:00 DEBUG 10740 --- [backGrupo3ViMa] [restartedMain] s.w.s.m.m.a.RequestMappingHandlerMapping : 2 mappings in 'requestMappingHandlerMapping'
2025-04-11T10:25:26.467-03:00 DEBUG 10740 --- [backGrupo3ViMa] [restartedMain] o.s.w.s.handler.SimpleUrlHandlerMapping  : Patterns [/webjars/**, /**] in 'resourceHandlerMapping'
2025-04-11T10:25:26.496-03:00 DEBUG 10740 --- [backGrupo3ViMa] [restartedMain] s.w.s.m.m.a.RequestMappingHandlerAdapter : ControllerAdvice beans: 0 @ModelAttribute, 0 @InitBinder, 1 RequestBodyAdvice, 1 ResponseBodyAdvice
2025-04-11T10:25:26.534-03:00 DEBUG 10740 --- [backGrupo3ViMa] [restartedMain] .m.m.a.ExceptionHandlerExceptionResolver : ControllerAdvice beans: 0 @ExceptionHandler, 1 ResponseBodyAdvice
2025-04-11T10:25:26.638-03:00  WARN 10740 --- [backGrupo3ViMa] [restartedMain] .s.s.UserDetailsServiceAutoConfiguration : 

Using generated security password: 30796d80-3c9f-41a0-9283-8d17334e9b27

This generated password is for development use only. Your security configuration must be updated before running your application in production.

2025-04-11T10:25:26.651-03:00  INFO 10740 --- [backGrupo3ViMa] [restartedMain] r$InitializeUserDetailsManagerConfigurer : Global AuthenticationManager configured with UserDetailsService bean with name inMemoryUserDetailsManager
2025-04-11T10:25:26.794-03:00  INFO 10740 --- [backGrupo3ViMa] [restartedMain] o.s.b.d.a.OptionalLiveReloadServer       : LiveReload server is running on port 35729
2025-04-11T10:25:26.828-03:00  INFO 10740 --- [backGrupo3ViMa] [restartedMain] o.s.b.w.embedded.tomcat.TomcatWebServer  : Tomcat started on port 4002 (http) with context path '/'
2025-04-11T10:25:26.835-03:00  INFO 10740 --- [backGrupo3ViMa] [restartedMain] o.e.b.BackGrupo3ViMaApplication          : Started BackGrupo3ViMaApplication in 2.863 seconds (process running for 3.37)
2025-04-11T10:27:30.475-03:00  INFO 13080 --- [backGrupo3ViMa] [restartedMain] o.e.b.BackGrupo3ViMaApplication          : Starting BackGrupo3ViMaApplication using Java 22.0.1 with PID 13080 (C:\Users\Enzo\Documents\GitHub\DesarrolloAPSI\backend\backGrupo4ViMa\target\classes started by Enzo in C:\Users\Enzo\Documents\GitHub\DesarrolloAPSI)
2025-04-11T10:27:30.477-03:00  INFO 13080 --- [backGrupo3ViMa] [restartedMain] o.e.b.BackGrupo3ViMaApplication          : No active profile set, falling back to 1 default profile: "default"
2025-04-11T10:27:30.512-03:00  INFO 13080 --- [backGrupo3ViMa] [restartedMain] .e.DevToolsPropertyDefaultsPostProcessor : Devtools property defaults active! Set 'spring.devtools.add-properties' to 'false' to disable
2025-04-11T10:27:30.513-03:00  INFO 13080 --- [backGrupo3ViMa] [restartedMain] .e.DevToolsPropertyDefaultsPostProcessor : For additional web related logging consider setting the 'logging.level.web' property to 'DEBUG'
2025-04-11T10:27:31.184-03:00  INFO 13080 --- [backGrupo3ViMa] [restartedMain] .s.d.r.c.RepositoryConfigurationDelegate : Bootstrapping Spring Data JPA repositories in DEFAULT mode.
2025-04-11T10:27:31.200-03:00  INFO 13080 --- [backGrupo3ViMa] [restartedMain] .s.d.r.c.RepositoryConfigurationDelegate : Finished Spring Data repository scanning in 9 ms. Found 0 JPA repository interfaces.
2025-04-11T10:27:31.798-03:00  INFO 13080 --- [backGrupo3ViMa] [restartedMain] o.s.b.w.embedded.tomcat.TomcatWebServer  : Tomcat initialized with port 4002 (http)
2025-04-11T10:27:31.817-03:00  INFO 13080 --- [backGrupo3ViMa] [restartedMain] o.apache.catalina.core.StandardService   : Starting service [Tomcat]
2025-04-11T10:27:31.817-03:00  INFO 13080 --- [backGrupo3ViMa] [restartedMain] o.apache.catalina.core.StandardEngine    : Starting Servlet engine: [Apache Tomcat/10.1.36]
2025-04-11T10:27:31.867-03:00  INFO 13080 --- [backGrupo3ViMa] [restartedMain] o.a.c.c.C.[Tomcat].[localhost].[/]       : Initializing Spring embedded WebApplicationContext
2025-04-11T10:27:31.868-03:00  INFO 13080 --- [backGrupo3ViMa] [restartedMain] w.s.c.ServletWebServerApplicationContext : Root WebApplicationContext: initialization completed in 1354 ms
2025-04-11T10:27:32.072-03:00 DEBUG 13080 --- [backGrupo3ViMa] [restartedMain] o.s.w.f.ServerHttpObservationFilter      : Filter 'webMvcObservationFilter' configured for use
2025-04-11T10:27:32.187-03:00  INFO 13080 --- [backGrupo3ViMa] [restartedMain] o.hibernate.jpa.internal.util.LogHelper  : HHH000204: Processing PersistenceUnitInfo [name: default]
2025-04-11T10:27:32.227-03:00  INFO 13080 --- [backGrupo3ViMa] [restartedMain] org.hibernate.Version                    : HHH000412: Hibernate ORM core version 6.6.8.Final
2025-04-11T10:27:32.252-03:00  INFO 13080 --- [backGrupo3ViMa] [restartedMain] o.h.c.internal.RegionFactoryInitiator    : HHH000026: Second-level cache disabled
2025-04-11T10:27:32.466-03:00  INFO 13080 --- [backGrupo3ViMa] [restartedMain] o.s.o.j.p.SpringPersistenceUnitInfo      : No LoadTimeWeaver setup: ignoring JPA class transformer
2025-04-11T10:27:32.490-03:00  INFO 13080 --- [backGrupo3ViMa] [restartedMain] com.zaxxer.hikari.HikariDataSource       : HikariPool-1 - Starting...
2025-04-11T10:27:32.716-03:00  INFO 13080 --- [backGrupo3ViMa] [restartedMain] com.zaxxer.hikari.pool.HikariPool        : HikariPool-1 - Added connection com.mysql.cj.jdbc.ConnectionImpl@baa7c84
2025-04-11T10:27:32.718-03:00  INFO 13080 --- [backGrupo3ViMa] [restartedMain] com.zaxxer.hikari.HikariDataSource       : HikariPool-1 - Start completed.
2025-04-11T10:27:32.779-03:00  INFO 13080 --- [backGrupo3ViMa] [restartedMain] org.hibernate.orm.connections.pooling    : HHH10001005: Database info:
	Database JDBC URL [Connecting through datasource 'HikariDataSource (HikariPool-1)']
	Database driver: undefined/unknown
	Database version: 8.0.39
	Autocommit mode: undefined/unknown
	Isolation level: undefined/unknown
	Minimum pool size: undefined/unknown
	Maximum pool size: undefined/unknown
2025-04-11T10:27:33.026-03:00  INFO 13080 --- [backGrupo3ViMa] [restartedMain] o.h.e.t.j.p.i.JtaPlatformInitiator       : HHH000489: No JTA platform available (set 'hibernate.transaction.jta.platform' to enable JTA platform integration)
2025-04-11T10:27:33.034-03:00  INFO 13080 --- [backGrupo3ViMa] [restartedMain] j.LocalContainerEntityManagerFactoryBean : Initialized JPA EntityManagerFactory for persistence unit 'default'
2025-04-11T10:27:33.176-03:00 DEBUG 13080 --- [backGrupo3ViMa] [restartedMain] s.w.s.m.m.a.RequestMappingHandlerMapping : 2 mappings in 'requestMappingHandlerMapping'
2025-04-11T10:27:33.291-03:00 DEBUG 13080 --- [backGrupo3ViMa] [restartedMain] o.s.w.s.handler.SimpleUrlHandlerMapping  : Patterns [/webjars/**, /**] in 'resourceHandlerMapping'
2025-04-11T10:27:33.327-03:00 DEBUG 13080 --- [backGrupo3ViMa] [restartedMain] s.w.s.m.m.a.RequestMappingHandlerAdapter : ControllerAdvice beans: 0 @ModelAttribute, 0 @InitBinder, 1 RequestBodyAdvice, 1 ResponseBodyAdvice
2025-04-11T10:27:33.374-03:00 DEBUG 13080 --- [backGrupo3ViMa] [restartedMain] .m.m.a.ExceptionHandlerExceptionResolver : ControllerAdvice beans: 0 @ExceptionHandler, 1 ResponseBodyAdvice
2025-04-11T10:27:33.783-03:00  INFO 13080 --- [backGrupo3ViMa] [restartedMain] o.s.b.d.a.OptionalLiveReloadServer       : LiveReload server is running on port 35729
2025-04-11T10:27:33.794-03:00  INFO 13080 --- [backGrupo3ViMa] [restartedMain] o.s.b.a.e.web.EndpointLinksResolver      : Exposing 1 endpoint beneath base path '/actuator'
2025-04-11T10:27:33.865-03:00  INFO 13080 --- [backGrupo3ViMa] [restartedMain] o.s.b.w.embedded.tomcat.TomcatWebServer  : Tomcat started on port 4002 (http) with context path '/'
2025-04-11T10:27:33.874-03:00  INFO 13080 --- [backGrupo3ViMa] [restartedMain] o.e.b.BackGrupo3ViMaApplication          : Started BackGrupo3ViMaApplication in 3.752 seconds (process running for 4.413)
2025-04-11T10:27:34.453-03:00  INFO 13080 --- [backGrupo3ViMa] [RMI TCP Connection(2)-192.168.234.1] o.a.c.c.C.[Tomcat].[localhost].[/]       : Initializing Spring DispatcherServlet 'dispatcherServlet'
2025-04-11T10:27:34.453-03:00  INFO 13080 --- [backGrupo3ViMa] [RMI TCP Connection(2)-192.168.234.1] o.s.web.servlet.DispatcherServlet        : Initializing Servlet 'dispatcherServlet'
2025-04-11T10:27:34.453-03:00 DEBUG 13080 --- [backGrupo3ViMa] [RMI TCP Connection(2)-192.168.234.1] o.s.web.servlet.DispatcherServlet        : Detected StandardServletMultipartResolver
2025-04-11T10:27:34.454-03:00 DEBUG 13080 --- [backGrupo3ViMa] [RMI TCP Connection(2)-192.168.234.1] o.s.web.servlet.DispatcherServlet        : Detected AcceptHeaderLocaleResolver
2025-04-11T10:27:34.454-03:00 DEBUG 13080 --- [backGrupo3ViMa] [RMI TCP Connection(2)-192.168.234.1] o.s.web.servlet.DispatcherServlet        : Detected FixedThemeResolver
2025-04-11T10:27:34.455-03:00 DEBUG 13080 --- [backGrupo3ViMa] [RMI TCP Connection(2)-192.168.234.1] o.s.web.servlet.DispatcherServlet        : Detected org.springframework.web.servlet.view.DefaultRequestToViewNameTranslator@6b61a0e3
2025-04-11T10:27:34.455-03:00 DEBUG 13080 --- [backGrupo3ViMa] [RMI TCP Connection(2)-192.168.234.1] o.s.web.servlet.DispatcherServlet        : Detected org.springframework.web.servlet.support.SessionFlashMapManager@20216fc3
2025-04-11T10:27:34.455-03:00 DEBUG 13080 --- [backGrupo3ViMa] [RMI TCP Connection(2)-192.168.234.1] o.s.web.servlet.DispatcherServlet        : enableLoggingRequestDetails='false': request parameters and headers will be masked to prevent unsafe logging of potentially sensitive data
2025-04-11T10:27:34.455-03:00  INFO 13080 --- [backGrupo3ViMa] [RMI TCP Connection(2)-192.168.234.1] o.s.web.servlet.DispatcherServlet        : Completed initialization in 2 ms
2025-04-11T10:33:59.320-03:00  INFO 36196 --- [backGrupo3ViMa] [restartedMain] o.e.b.BackGrupo3ViMaApplication          : Starting BackGrupo3ViMaApplication using Java 22.0.1 with PID 36196 (C:\Users\Enzo\Documents\GitHub\DesarrolloAPSI\backend\backGrupo4ViMa\target\classes started by Enzo in C:\Users\Enzo\Documents\GitHub\DesarrolloAPSI)
2025-04-11T10:33:59.321-03:00  INFO 36196 --- [backGrupo3ViMa] [restartedMain] o.e.b.BackGrupo3ViMaApplication          : No active profile set, falling back to 1 default profile: "default"
2025-04-11T10:33:59.366-03:00  INFO 36196 --- [backGrupo3ViMa] [restartedMain] .e.DevToolsPropertyDefaultsPostProcessor : Devtools property defaults active! Set 'spring.devtools.add-properties' to 'false' to disable
2025-04-11T10:33:59.370-03:00  INFO 36196 --- [backGrupo3ViMa] [restartedMain] .e.DevToolsPropertyDefaultsPostProcessor : For additional web related logging consider setting the 'logging.level.web' property to 'DEBUG'
2025-04-11T10:33:59.823-03:00  INFO 36196 --- [backGrupo3ViMa] [restartedMain] .s.d.r.c.RepositoryConfigurationDelegate : Bootstrapping Spring Data JPA repositories in DEFAULT mode.
2025-04-11T10:33:59.868-03:00  INFO 36196 --- [backGrupo3ViMa] [restartedMain] .s.d.r.c.RepositoryConfigurationDelegate : Finished Spring Data repository scanning in 37 ms. Found 5 JPA repository interfaces.
2025-04-11T10:34:00.681-03:00  INFO 36196 --- [backGrupo3ViMa] [restartedMain] o.s.b.w.embedded.tomcat.TomcatWebServer  : Tomcat initialized with port 4002 (http)
2025-04-11T10:34:00.693-03:00  INFO 36196 --- [backGrupo3ViMa] [restartedMain] o.apache.catalina.core.StandardService   : Starting service [Tomcat]
2025-04-11T10:34:00.694-03:00  INFO 36196 --- [backGrupo3ViMa] [restartedMain] o.apache.catalina.core.StandardEngine    : Starting Servlet engine: [Apache Tomcat/10.1.36]
2025-04-11T10:34:00.731-03:00  INFO 36196 --- [backGrupo3ViMa] [restartedMain] o.a.c.c.C.[Tomcat].[localhost].[/]       : Initializing Spring embedded WebApplicationContext
2025-04-11T10:34:00.732-03:00  INFO 36196 --- [backGrupo3ViMa] [restartedMain] w.s.c.ServletWebServerApplicationContext : Root WebApplicationContext: initialization completed in 1361 ms
2025-04-11T10:34:00.868-03:00 DEBUG 36196 --- [backGrupo3ViMa] [restartedMain] o.s.w.f.ServerHttpObservationFilter      : Filter 'webMvcObservationFilter' configured for use
2025-04-11T10:34:00.979-03:00  INFO 36196 --- [backGrupo3ViMa] [restartedMain] o.hibernate.jpa.internal.util.LogHelper  : HHH000204: Processing PersistenceUnitInfo [name: default]
2025-04-11T10:34:01.019-03:00  INFO 36196 --- [backGrupo3ViMa] [restartedMain] org.hibernate.Version                    : HHH000412: Hibernate ORM core version 6.6.8.Final
2025-04-11T10:34:01.045-03:00  INFO 36196 --- [backGrupo3ViMa] [restartedMain] o.h.c.internal.RegionFactoryInitiator    : HHH000026: Second-level cache disabled
2025-04-11T10:34:01.257-03:00  INFO 36196 --- [backGrupo3ViMa] [restartedMain] o.s.o.j.p.SpringPersistenceUnitInfo      : No LoadTimeWeaver setup: ignoring JPA class transformer
2025-04-11T10:34:01.281-03:00  INFO 36196 --- [backGrupo3ViMa] [restartedMain] com.zaxxer.hikari.HikariDataSource       : HikariPool-1 - Starting...
2025-04-11T10:34:01.504-03:00  INFO 36196 --- [backGrupo3ViMa] [restartedMain] com.zaxxer.hikari.pool.HikariPool        : HikariPool-1 - Added connection com.mysql.cj.jdbc.ConnectionImpl@283a5105
2025-04-11T10:34:01.506-03:00  INFO 36196 --- [backGrupo3ViMa] [restartedMain] com.zaxxer.hikari.HikariDataSource       : HikariPool-1 - Start completed.
2025-04-11T10:34:01.576-03:00  INFO 36196 --- [backGrupo3ViMa] [restartedMain] org.hibernate.orm.connections.pooling    : HHH10001005: Database info:
	Database JDBC URL [Connecting through datasource 'HikariDataSource (HikariPool-1)']
	Database driver: undefined/unknown
	Database version: 8.0.39
	Autocommit mode: undefined/unknown
	Isolation level: undefined/unknown
	Minimum pool size: undefined/unknown
	Maximum pool size: undefined/unknown
2025-04-11T10:34:01.823-03:00  INFO 36196 --- [backGrupo3ViMa] [restartedMain] o.h.e.t.j.p.i.JtaPlatformInitiator       : HHH000489: No JTA platform available (set 'hibernate.transaction.jta.platform' to enable JTA platform integration)
2025-04-11T10:34:01.828-03:00  INFO 36196 --- [backGrupo3ViMa] [restartedMain] j.LocalContainerEntityManagerFactoryBean : Initialized JPA EntityManagerFactory for persistence unit 'default'
2025-04-11T10:34:01.983-03:00  WARN 36196 --- [backGrupo3ViMa] [restartedMain] ConfigServletWebServerApplicationContext : Exception encountered during context initialization - cancelling refresh attempt: org.springframework.beans.factory.BeanCreationException: Error creating bean with name 'turnosRepository' defined in Repository.turnosRepository defined in @EnableJpaRepositories declared on BackGrupo3ViMaApplication: Not a managed type: class Entity.TurnosEntity
2025-04-11T10:34:01.984-03:00  INFO 36196 --- [backGrupo3ViMa] [restartedMain] j.LocalContainerEntityManagerFactoryBean : Closing JPA EntityManagerFactory for persistence unit 'default'
2025-04-11T10:34:01.986-03:00  INFO 36196 --- [backGrupo3ViMa] [restartedMain] com.zaxxer.hikari.HikariDataSource       : HikariPool-1 - Shutdown initiated...
2025-04-11T10:34:01.992-03:00  INFO 36196 --- [backGrupo3ViMa] [restartedMain] com.zaxxer.hikari.HikariDataSource       : HikariPool-1 - Shutdown completed.
2025-04-11T10:34:01.994-03:00  INFO 36196 --- [backGrupo3ViMa] [restartedMain] o.apache.catalina.core.StandardService   : Stopping service [Tomcat]
2025-04-11T10:34:02.005-03:00  INFO 36196 --- [backGrupo3ViMa] [restartedMain] .s.b.a.l.ConditionEvaluationReportLogger : 

Error starting ApplicationContext. To display the condition evaluation report re-run your application with 'debug' enabled.
2025-04-11T10:34:02.021-03:00 ERROR 36196 --- [backGrupo3ViMa] [restartedMain] o.s.boot.SpringApplication               : Application run failed

org.springframework.beans.factory.BeanCreationException: Error creating bean with name 'turnosRepository' defined in Repository.turnosRepository defined in @EnableJpaRepositories declared on BackGrupo3ViMaApplication: Not a managed type: class Entity.TurnosEntity
	at org.springframework.beans.factory.support.AbstractAutowireCapableBeanFactory.initializeBean(AbstractAutowireCapableBeanFactory.java:1812) ~[spring-beans-6.2.3.jar:6.2.3]
	at org.springframework.beans.factory.support.AbstractAutowireCapableBeanFactory.doCreateBean(AbstractAutowireCapableBeanFactory.java:601) ~[spring-beans-6.2.3.jar:6.2.3]
	at org.springframework.beans.factory.support.AbstractAutowireCapableBeanFactory.createBean(AbstractAutowireCapableBeanFactory.java:523) ~[spring-beans-6.2.3.jar:6.2.3]
	at org.springframework.beans.factory.support.AbstractBeanFactory.lambda$doGetBean$0(AbstractBeanFactory.java:339) ~[spring-beans-6.2.3.jar:6.2.3]
	at org.springframework.beans.factory.support.DefaultSingletonBeanRegistry.getSingleton(DefaultSingletonBeanRegistry.java:346) ~[spring-beans-6.2.3.jar:6.2.3]
	at org.springframework.beans.factory.support.AbstractBeanFactory.doGetBean(AbstractBeanFactory.java:337) ~[spring-beans-6.2.3.jar:6.2.3]
	at org.springframework.beans.factory.support.AbstractBeanFactory.getBean(AbstractBeanFactory.java:202) ~[spring-beans-6.2.3.jar:6.2.3]
	at org.springframework.beans.factory.support.DefaultListableBeanFactory.instantiateSingleton(DefaultListableBeanFactory.java:1149) ~[spring-beans-6.2.3.jar:6.2.3]
	at org.springframework.beans.factory.support.DefaultListableBeanFactory.preInstantiateSingleton(DefaultListableBeanFactory.java:1121) ~[spring-beans-6.2.3.jar:6.2.3]
	at org.springframework.beans.factory.support.DefaultListableBeanFactory.preInstantiateSingletons(DefaultListableBeanFactory.java:1056) ~[spring-beans-6.2.3.jar:6.2.3]
	at org.springframework.context.support.AbstractApplicationContext.finishBeanFactoryInitialization(AbstractApplicationContext.java:987) ~[spring-context-6.2.3.jar:6.2.3]
	at org.springframework.context.support.AbstractApplicationContext.refresh(AbstractApplicationContext.java:627) ~[spring-context-6.2.3.jar:6.2.3]
	at org.springframework.boot.web.servlet.context.ServletWebServerApplicationContext.refresh(ServletWebServerApplicationContext.java:146) ~[spring-boot-3.4.3.jar:3.4.3]
	at org.springframework.boot.SpringApplication.refresh(SpringApplication.java:752) ~[spring-boot-3.4.3.jar:3.4.3]
	at org.springframework.boot.SpringApplication.refreshContext(SpringApplication.java:439) ~[spring-boot-3.4.3.jar:3.4.3]
	at org.springframework.boot.SpringApplication.run(SpringApplication.java:318) ~[spring-boot-3.4.3.jar:3.4.3]
	at org.springframework.boot.SpringApplication.run(SpringApplication.java:1361) ~[spring-boot-3.4.3.jar:3.4.3]
	at org.springframework.boot.SpringApplication.run(SpringApplication.java:1350) ~[spring-boot-3.4.3.jar:3.4.3]
	at org.example.backgrupo3vima.BackGrupo3ViMaApplication.main(BackGrupo3ViMaApplication.java:14) ~[classes/:na]
	at java.base/jdk.internal.reflect.DirectMethodHandleAccessor.invoke(DirectMethodHandleAccessor.java:103) ~[na:na]
	at java.base/java.lang.reflect.Method.invoke(Method.java:580) ~[na:na]
	at org.springframework.boot.devtools.restart.RestartLauncher.run(RestartLauncher.java:50) ~[spring-boot-devtools-3.4.3.jar:3.4.3]
Caused by: java.lang.IllegalArgumentException: Not a managed type: class Entity.TurnosEntity
	at org.hibernate.metamodel.model.domain.internal.JpaMetamodelImpl.managedType(JpaMetamodelImpl.java:223) ~[hibernate-core-6.6.8.Final.jar:6.6.8.Final]
	at org.hibernate.metamodel.model.domain.internal.MappingMetamodelImpl.managedType(MappingMetamodelImpl.java:470) ~[hibernate-core-6.6.8.Final.jar:6.6.8.Final]
	at org.hibernate.metamodel.model.domain.internal.MappingMetamodelImpl.managedType(MappingMetamodelImpl.java:100) ~[hibernate-core-6.6.8.Final.jar:6.6.8.Final]
	at org.springframework.data.jpa.repository.support.JpaMetamodelEntityInformation.<init>(JpaMetamodelEntityInformation.java:82) ~[spring-data-jpa-3.4.3.jar:3.4.3]
	at org.springframework.data.jpa.repository.support.JpaEntityInformationSupport.getEntityInformation(JpaEntityInformationSupport.java:69) ~[spring-data-jpa-3.4.3.jar:3.4.3]
	at org.springframework.data.jpa.repository.support.JpaRepositoryFactory.getEntityInformation(JpaRepositoryFactory.java:251) ~[spring-data-jpa-3.4.3.jar:3.4.3]
	at org.springframework.data.jpa.repository.support.JpaRepositoryFactory.getTargetRepository(JpaRepositoryFactory.java:215) ~[spring-data-jpa-3.4.3.jar:3.4.3]
	at org.springframework.data.jpa.repository.support.JpaRepositoryFactory.getTargetRepository(JpaRepositoryFactory.java:198) ~[spring-data-jpa-3.4.3.jar:3.4.3]
	at org.springframework.data.jpa.repository.support.JpaRepositoryFactory.getTargetRepository(JpaRepositoryFactory.java:1) ~[spring-data-jpa-3.4.3.jar:3.4.3]
	at org.springframework.data.repository.core.support.RepositoryFactorySupport.getRepository(RepositoryFactorySupport.java:386) ~[spring-data-commons-3.4.3.jar:3.4.3]
	at org.springframework.data.repository.core.support.RepositoryFactoryBeanSupport.lambda$afterPropertiesSet$4(RepositoryFactoryBeanSupport.java:350) ~[spring-data-commons-3.4.3.jar:3.4.3]
	at org.springframework.data.util.Lazy.getNullable(Lazy.java:135) ~[spring-data-commons-3.4.3.jar:3.4.3]
	at org.springframework.data.util.Lazy.get(Lazy.java:113) ~[spring-data-commons-3.4.3.jar:3.4.3]
	at org.springframework.data.repository.core.support.RepositoryFactoryBeanSupport.afterPropertiesSet(RepositoryFactoryBeanSupport.java:356) ~[spring-data-commons-3.4.3.jar:3.4.3]
	at org.springframework.data.jpa.repository.support.JpaRepositoryFactoryBean.afterPropertiesSet(JpaRepositoryFactoryBean.java:132) ~[spring-data-jpa-3.4.3.jar:3.4.3]
	at org.springframework.beans.factory.support.AbstractAutowireCapableBeanFactory.invokeInitMethods(AbstractAutowireCapableBeanFactory.java:1859) ~[spring-beans-6.2.3.jar:6.2.3]
	at org.springframework.beans.factory.support.AbstractAutowireCapableBeanFactory.initializeBean(AbstractAutowireCapableBeanFactory.java:1808) ~[spring-beans-6.2.3.jar:6.2.3]
	... 21 common frames omitted

2025-04-11T10:35:53.370-03:00  INFO 3324 --- [backGrupo3ViMa] [restartedMain] o.e.b.BackGrupo3ViMaApplication          : Starting BackGrupo3ViMaApplication using Java 22.0.1 with PID 3324 (C:\Users\Enzo\Documents\GitHub\DesarrolloAPSI\backend\backGrupo4ViMa\target\classes started by Enzo in C:\Users\Enzo\Documents\GitHub\DesarrolloAPSI)
2025-04-11T10:35:53.372-03:00  INFO 3324 --- [backGrupo3ViMa] [restartedMain] o.e.b.BackGrupo3ViMaApplication          : No active profile set, falling back to 1 default profile: "default"
2025-04-11T10:35:53.412-03:00  INFO 3324 --- [backGrupo3ViMa] [restartedMain] .e.DevToolsPropertyDefaultsPostProcessor : Devtools property defaults active! Set 'spring.devtools.add-properties' to 'false' to disable
2025-04-11T10:35:53.412-03:00  INFO 3324 --- [backGrupo3ViMa] [restartedMain] .e.DevToolsPropertyDefaultsPostProcessor : For additional web related logging consider setting the 'logging.level.web' property to 'DEBUG'
2025-04-11T10:35:54.105-03:00  INFO 3324 --- [backGrupo3ViMa] [restartedMain] .s.d.r.c.RepositoryConfigurationDelegate : Bootstrapping Spring Data JPA repositories in DEFAULT mode.
2025-04-11T10:35:54.121-03:00  INFO 3324 --- [backGrupo3ViMa] [restartedMain] .s.d.r.c.RepositoryConfigurationDelegate : Finished Spring Data repository scanning in 8 ms. Found 0 JPA repository interfaces.
2025-04-11T10:35:54.666-03:00  INFO 3324 --- [backGrupo3ViMa] [restartedMain] o.s.b.w.embedded.tomcat.TomcatWebServer  : Tomcat initialized with port 4002 (http)
2025-04-11T10:35:54.677-03:00  INFO 3324 --- [backGrupo3ViMa] [restartedMain] o.apache.catalina.core.StandardService   : Starting service [Tomcat]
2025-04-11T10:35:54.679-03:00  INFO 3324 --- [backGrupo3ViMa] [restartedMain] o.apache.catalina.core.StandardEngine    : Starting Servlet engine: [Apache Tomcat/10.1.36]
2025-04-11T10:35:54.719-03:00  INFO 3324 --- [backGrupo3ViMa] [restartedMain] o.a.c.c.C.[Tomcat].[localhost].[/]       : Initializing Spring embedded WebApplicationContext
2025-04-11T10:35:54.719-03:00  INFO 3324 --- [backGrupo3ViMa] [restartedMain] w.s.c.ServletWebServerApplicationContext : Root WebApplicationContext: initialization completed in 1306 ms
2025-04-11T10:35:54.852-03:00 DEBUG 3324 --- [backGrupo3ViMa] [restartedMain] o.s.w.f.ServerHttpObservationFilter      : Filter 'webMvcObservationFilter' configured for use
2025-04-11T10:35:54.965-03:00  INFO 3324 --- [backGrupo3ViMa] [restartedMain] o.hibernate.jpa.internal.util.LogHelper  : HHH000204: Processing PersistenceUnitInfo [name: default]
2025-04-11T10:35:55.006-03:00  INFO 3324 --- [backGrupo3ViMa] [restartedMain] org.hibernate.Version                    : HHH000412: Hibernate ORM core version 6.6.8.Final
2025-04-11T10:35:55.034-03:00  INFO 3324 --- [backGrupo3ViMa] [restartedMain] o.h.c.internal.RegionFactoryInitiator    : HHH000026: Second-level cache disabled
2025-04-11T10:35:55.245-03:00  INFO 3324 --- [backGrupo3ViMa] [restartedMain] o.s.o.j.p.SpringPersistenceUnitInfo      : No LoadTimeWeaver setup: ignoring JPA class transformer
2025-04-11T10:35:55.270-03:00  INFO 3324 --- [backGrupo3ViMa] [restartedMain] com.zaxxer.hikari.HikariDataSource       : HikariPool-1 - Starting...
2025-04-11T10:35:55.494-03:00  INFO 3324 --- [backGrupo3ViMa] [restartedMain] com.zaxxer.hikari.pool.HikariPool        : HikariPool-1 - Added connection com.mysql.cj.jdbc.ConnectionImpl@677971aa
2025-04-11T10:35:55.496-03:00  INFO 3324 --- [backGrupo3ViMa] [restartedMain] com.zaxxer.hikari.HikariDataSource       : HikariPool-1 - Start completed.
2025-04-11T10:35:55.553-03:00  INFO 3324 --- [backGrupo3ViMa] [restartedMain] org.hibernate.orm.connections.pooling    : HHH10001005: Database info:
	Database JDBC URL [Connecting through datasource 'HikariDataSource (HikariPool-1)']
	Database driver: undefined/unknown
	Database version: 8.0.39
	Autocommit mode: undefined/unknown
	Isolation level: undefined/unknown
	Minimum pool size: undefined/unknown
	Maximum pool size: undefined/unknown
2025-04-11T10:35:55.805-03:00  INFO 3324 --- [backGrupo3ViMa] [restartedMain] o.h.e.t.j.p.i.JtaPlatformInitiator       : HHH000489: No JTA platform available (set 'hibernate.transaction.jta.platform' to enable JTA platform integration)
2025-04-11T10:35:55.811-03:00  INFO 3324 --- [backGrupo3ViMa] [restartedMain] j.LocalContainerEntityManagerFactoryBean : Initialized JPA EntityManagerFactory for persistence unit 'default'
2025-04-11T10:35:55.955-03:00 DEBUG 3324 --- [backGrupo3ViMa] [restartedMain] s.w.s.m.m.a.RequestMappingHandlerMapping : 2 mappings in 'requestMappingHandlerMapping'
2025-04-11T10:35:56.071-03:00 DEBUG 3324 --- [backGrupo3ViMa] [restartedMain] o.s.w.s.handler.SimpleUrlHandlerMapping  : Patterns [/webjars/**, /**] in 'resourceHandlerMapping'
2025-04-11T10:35:56.109-03:00 DEBUG 3324 --- [backGrupo3ViMa] [restartedMain] s.w.s.m.m.a.RequestMappingHandlerAdapter : ControllerAdvice beans: 0 @ModelAttribute, 0 @InitBinder, 1 RequestBodyAdvice, 1 ResponseBodyAdvice
2025-04-11T10:35:56.153-03:00 DEBUG 3324 --- [backGrupo3ViMa] [restartedMain] .m.m.a.ExceptionHandlerExceptionResolver : ControllerAdvice beans: 0 @ExceptionHandler, 1 ResponseBodyAdvice
2025-04-11T10:35:56.559-03:00  INFO 3324 --- [backGrupo3ViMa] [restartedMain] o.s.b.d.a.OptionalLiveReloadServer       : LiveReload server is running on port 35729
2025-04-11T10:35:56.570-03:00  INFO 3324 --- [backGrupo3ViMa] [restartedMain] o.s.b.a.e.web.EndpointLinksResolver      : Exposing 1 endpoint beneath base path '/actuator'
2025-04-11T10:35:56.645-03:00  INFO 3324 --- [backGrupo3ViMa] [restartedMain] o.s.b.w.embedded.tomcat.TomcatWebServer  : Tomcat started on port 4002 (http) with context path '/'
2025-04-11T10:35:56.655-03:00  INFO 3324 --- [backGrupo3ViMa] [restartedMain] o.e.b.BackGrupo3ViMaApplication          : Started BackGrupo3ViMaApplication in 3.687 seconds (process running for 4.273)
2025-04-11T10:35:57.056-03:00  INFO 3324 --- [backGrupo3ViMa] [RMI TCP Connection(1)-192.168.234.1] o.a.c.c.C.[Tomcat].[localhost].[/]       : Initializing Spring DispatcherServlet 'dispatcherServlet'
2025-04-11T10:35:57.056-03:00  INFO 3324 --- [backGrupo3ViMa] [RMI TCP Connection(1)-192.168.234.1] o.s.web.servlet.DispatcherServlet        : Initializing Servlet 'dispatcherServlet'
2025-04-11T10:35:57.056-03:00 DEBUG 3324 --- [backGrupo3ViMa] [RMI TCP Connection(1)-192.168.234.1] o.s.web.servlet.DispatcherServlet        : Detected StandardServletMultipartResolver
2025-04-11T10:35:57.056-03:00 DEBUG 3324 --- [backGrupo3ViMa] [RMI TCP Connection(1)-192.168.234.1] o.s.web.servlet.DispatcherServlet        : Detected AcceptHeaderLocaleResolver
2025-04-11T10:35:57.057-03:00 DEBUG 3324 --- [backGrupo3ViMa] [RMI TCP Connection(1)-192.168.234.1] o.s.web.servlet.DispatcherServlet        : Detected FixedThemeResolver
2025-04-11T10:35:57.058-03:00 DEBUG 3324 --- [backGrupo3ViMa] [RMI TCP Connection(1)-192.168.234.1] o.s.web.servlet.DispatcherServlet        : Detected org.springframework.web.servlet.view.DefaultRequestToViewNameTranslator@4fa2fed2
2025-04-11T10:35:57.058-03:00 DEBUG 3324 --- [backGrupo3ViMa] [RMI TCP Connection(1)-192.168.234.1] o.s.web.servlet.DispatcherServlet        : Detected org.springframework.web.servlet.support.SessionFlashMapManager@ccb41c2
2025-04-11T10:35:57.059-03:00 DEBUG 3324 --- [backGrupo3ViMa] [RMI TCP Connection(1)-192.168.234.1] o.s.web.servlet.DispatcherServlet        : enableLoggingRequestDetails='false': request parameters and headers will be masked to prevent unsafe logging of potentially sensitive data
2025-04-11T10:35:57.059-03:00  INFO 3324 --- [backGrupo3ViMa] [RMI TCP Connection(1)-192.168.234.1] o.s.web.servlet.DispatcherServlet        : Completed initialization in 3 ms
2025-04-11T10:38:44.110-03:00  INFO 3324 --- [backGrupo3ViMa] [File Watcher] rtingClassPathChangeChangedEventListener : Restarting due to 1 class path change (0 additions, 0 deletions, 1 modification)
2025-04-11T10:38:44.113-03:00  INFO 3324 --- [backGrupo3ViMa] [Thread-5] o.s.b.w.e.tomcat.GracefulShutdown        : Commencing graceful shutdown. Waiting for active requests to complete
2025-04-11T10:38:44.120-03:00  INFO 3324 --- [backGrupo3ViMa] [tomcat-shutdown] o.s.b.w.e.tomcat.GracefulShutdown        : Graceful shutdown complete
2025-04-11T10:38:44.127-03:00  INFO 3324 --- [backGrupo3ViMa] [Thread-5] j.LocalContainerEntityManagerFactoryBean : Closing JPA EntityManagerFactory for persistence unit 'default'
2025-04-11T10:38:44.130-03:00  INFO 3324 --- [backGrupo3ViMa] [Thread-5] com.zaxxer.hikari.HikariDataSource       : HikariPool-1 - Shutdown initiated...
2025-04-11T10:38:44.138-03:00  INFO 3324 --- [backGrupo3ViMa] [Thread-5] com.zaxxer.hikari.HikariDataSource       : HikariPool-1 - Shutdown completed.
2025-04-11T10:38:44.230-03:00  INFO 3324 --- [backGrupo3ViMa] [restartedMain] o.e.b.BackGrupo3ViMaApplication          : Starting BackGrupo3ViMaApplication using Java 22.0.1 with PID 3324 (C:\Users\Enzo\Documents\GitHub\DesarrolloAPSI\backend\backGrupo4ViMa\target\classes started by Enzo in C:\Users\Enzo\Documents\GitHub\DesarrolloAPSI)
2025-04-11T10:38:44.230-03:00  INFO 3324 --- [backGrupo3ViMa] [restartedMain] o.e.b.BackGrupo3ViMaApplication          : No active profile set, falling back to 1 default profile: "default"
2025-04-11T10:38:44.491-03:00  INFO 3324 --- [backGrupo3ViMa] [restartedMain] .s.d.r.c.RepositoryConfigurationDelegate : Bootstrapping Spring Data JPA repositories in DEFAULT mode.
2025-04-11T10:38:44.493-03:00  INFO 3324 --- [backGrupo3ViMa] [restartedMain] .s.d.r.c.RepositoryConfigurationDelegate : Finished Spring Data repository scanning in 1 ms. Found 0 JPA repository interfaces.
2025-04-11T10:38:44.603-03:00  INFO 3324 --- [backGrupo3ViMa] [restartedMain] o.s.b.w.embedded.tomcat.TomcatWebServer  : Tomcat initialized with port 4002 (http)
2025-04-11T10:38:44.604-03:00  INFO 3324 --- [backGrupo3ViMa] [restartedMain] o.apache.catalina.core.StandardService   : Starting service [Tomcat]
2025-04-11T10:38:44.604-03:00  INFO 3324 --- [backGrupo3ViMa] [restartedMain] o.apache.catalina.core.StandardEngine    : Starting Servlet engine: [Apache Tomcat/10.1.36]
2025-04-11T10:38:44.624-03:00  INFO 3324 --- [backGrupo3ViMa] [restartedMain] o.a.c.c.C.[Tomcat].[localhost].[/]       : Initializing Spring embedded WebApplicationContext
2025-04-11T10:38:44.624-03:00  INFO 3324 --- [backGrupo3ViMa] [restartedMain] w.s.c.ServletWebServerApplicationContext : Root WebApplicationContext: initialization completed in 392 ms
2025-04-11T10:38:44.682-03:00 DEBUG 3324 --- [backGrupo3ViMa] [restartedMain] o.s.w.f.ServerHttpObservationFilter      : Filter 'webMvcObservationFilter' configured for use
2025-04-11T10:38:44.722-03:00  INFO 3324 --- [backGrupo3ViMa] [restartedMain] o.hibernate.jpa.internal.util.LogHelper  : HHH000204: Processing PersistenceUnitInfo [name: default]
2025-04-11T10:38:44.724-03:00  INFO 3324 --- [backGrupo3ViMa] [restartedMain] o.h.c.internal.RegionFactoryInitiator    : HHH000026: Second-level cache disabled
2025-04-11T10:38:44.732-03:00  INFO 3324 --- [backGrupo3ViMa] [restartedMain] o.s.o.j.p.SpringPersistenceUnitInfo      : No LoadTimeWeaver setup: ignoring JPA class transformer
2025-04-11T10:38:44.734-03:00  INFO 3324 --- [backGrupo3ViMa] [restartedMain] com.zaxxer.hikari.HikariDataSource       : HikariPool-2 - Starting...
2025-04-11T10:38:44.744-03:00  INFO 3324 --- [backGrupo3ViMa] [restartedMain] com.zaxxer.hikari.pool.HikariPool        : HikariPool-2 - Added connection com.mysql.cj.jdbc.ConnectionImpl@4d2b07e9
2025-04-11T10:38:44.744-03:00  INFO 3324 --- [backGrupo3ViMa] [restartedMain] com.zaxxer.hikari.HikariDataSource       : HikariPool-2 - Start completed.
2025-04-11T10:38:44.747-03:00  INFO 3324 --- [backGrupo3ViMa] [restartedMain] org.hibernate.orm.connections.pooling    : HHH10001005: Database info:
	Database JDBC URL [Connecting through datasource 'HikariDataSource (HikariPool-2)']
	Database driver: undefined/unknown
	Database version: 8.0.39
	Autocommit mode: undefined/unknown
	Isolation level: undefined/unknown
	Minimum pool size: undefined/unknown
	Maximum pool size: undefined/unknown
2025-04-11T10:38:44.760-03:00  INFO 3324 --- [backGrupo3ViMa] [restartedMain] o.h.e.t.j.p.i.JtaPlatformInitiator       : HHH000489: No JTA platform available (set 'hibernate.transaction.jta.platform' to enable JTA platform integration)
2025-04-11T10:38:44.761-03:00  INFO 3324 --- [backGrupo3ViMa] [restartedMain] j.LocalContainerEntityManagerFactoryBean : Initialized JPA EntityManagerFactory for persistence unit 'default'
2025-04-11T10:38:44.835-03:00 DEBUG 3324 --- [backGrupo3ViMa] [restartedMain] s.w.s.m.m.a.RequestMappingHandlerMapping : 2 mappings in 'requestMappingHandlerMapping'
2025-04-11T10:38:44.912-03:00 DEBUG 3324 --- [backGrupo3ViMa] [restartedMain] o.s.w.s.handler.SimpleUrlHandlerMapping  : Patterns [/webjars/**, /**] in 'resourceHandlerMapping'
2025-04-11T10:38:44.929-03:00 DEBUG 3324 --- [backGrupo3ViMa] [restartedMain] s.w.s.m.m.a.RequestMappingHandlerAdapter : ControllerAdvice beans: 0 @ModelAttribute, 0 @InitBinder, 1 RequestBodyAdvice, 1 ResponseBodyAdvice
2025-04-11T10:38:44.944-03:00 DEBUG 3324 --- [backGrupo3ViMa] [restartedMain] .m.m.a.ExceptionHandlerExceptionResolver : ControllerAdvice beans: 0 @ExceptionHandler, 1 ResponseBodyAdvice
2025-04-11T10:38:45.212-03:00  INFO 3324 --- [backGrupo3ViMa] [restartedMain] o.s.b.d.a.OptionalLiveReloadServer       : LiveReload server is running on port 35729
2025-04-11T10:38:45.218-03:00  INFO 3324 --- [backGrupo3ViMa] [restartedMain] o.s.b.a.e.web.EndpointLinksResolver      : Exposing 1 endpoint beneath base path '/actuator'
2025-04-11T10:38:45.244-03:00  INFO 3324 --- [backGrupo3ViMa] [restartedMain] o.s.b.w.embedded.tomcat.TomcatWebServer  : Tomcat started on port 4002 (http) with context path '/'
2025-04-11T10:38:45.249-03:00  INFO 3324 --- [backGrupo3ViMa] [restartedMain] o.e.b.BackGrupo3ViMaApplication          : Started BackGrupo3ViMaApplication in 1.048 seconds (process running for 172.867)
2025-04-11T10:38:45.251-03:00  INFO 3324 --- [backGrupo3ViMa] [restartedMain] .ConditionEvaluationDeltaLoggingListener : Condition evaluation unchanged
2025-04-11T10:39:17.077-03:00  INFO 14140 --- [backGrupo3ViMa] [restartedMain] o.e.b.BackGrupo3ViMaApplication          : Starting BackGrupo3ViMaApplication using Java 22.0.1 with PID 14140 (C:\Users\Enzo\Documents\GitHub\DesarrolloAPSI\backend\backGrupo4ViMa\target\classes started by Enzo in C:\Users\Enzo\Documents\GitHub\DesarrolloAPSI)
2025-04-11T10:39:17.079-03:00  INFO 14140 --- [backGrupo3ViMa] [restartedMain] o.e.b.BackGrupo3ViMaApplication          : No active profile set, falling back to 1 default profile: "default"
2025-04-11T10:39:17.116-03:00  INFO 14140 --- [backGrupo3ViMa] [restartedMain] .e.DevToolsPropertyDefaultsPostProcessor : Devtools property defaults active! Set 'spring.devtools.add-properties' to 'false' to disable
2025-04-11T10:39:17.116-03:00  INFO 14140 --- [backGrupo3ViMa] [restartedMain] .e.DevToolsPropertyDefaultsPostProcessor : For additional web related logging consider setting the 'logging.level.web' property to 'DEBUG'
2025-04-11T10:39:17.791-03:00  INFO 14140 --- [backGrupo3ViMa] [restartedMain] .s.d.r.c.RepositoryConfigurationDelegate : Bootstrapping Spring Data JPA repositories in DEFAULT mode.
2025-04-11T10:39:17.807-03:00  INFO 14140 --- [backGrupo3ViMa] [restartedMain] .s.d.r.c.RepositoryConfigurationDelegate : Finished Spring Data repository scanning in 8 ms. Found 0 JPA repository interfaces.
2025-04-11T10:39:18.359-03:00  INFO 14140 --- [backGrupo3ViMa] [restartedMain] o.s.b.w.embedded.tomcat.TomcatWebServer  : Tomcat initialized with port 4002 (http)
2025-04-11T10:39:18.378-03:00  INFO 14140 --- [backGrupo3ViMa] [restartedMain] o.apache.catalina.core.StandardService   : Starting service [Tomcat]
2025-04-11T10:39:18.378-03:00  INFO 14140 --- [backGrupo3ViMa] [restartedMain] o.apache.catalina.core.StandardEngine    : Starting Servlet engine: [Apache Tomcat/10.1.36]
2025-04-11T10:39:18.417-03:00  INFO 14140 --- [backGrupo3ViMa] [restartedMain] o.a.c.c.C.[Tomcat].[localhost].[/]       : Initializing Spring embedded WebApplicationContext
2025-04-11T10:39:18.417-03:00  INFO 14140 --- [backGrupo3ViMa] [restartedMain] w.s.c.ServletWebServerApplicationContext : Root WebApplicationContext: initialization completed in 1300 ms
2025-04-11T10:39:18.550-03:00 DEBUG 14140 --- [backGrupo3ViMa] [restartedMain] o.s.w.f.ServerHttpObservationFilter      : Filter 'webMvcObservationFilter' configured for use
2025-04-11T10:39:18.570-03:00 ERROR 14140 --- [backGrupo3ViMa] [restartedMain] com.zaxxer.hikari.HikariConfig           : Failed to load driver class com.mysql.cj.jdbc.Driver from HikariConfig class classloader jdk.internal.loader.ClassLoaders$AppClassLoader@76ed5528
2025-04-11T10:39:18.572-03:00  WARN 14140 --- [backGrupo3ViMa] [restartedMain] ConfigServletWebServerApplicationContext : Exception encountered during context initialization - cancelling refresh attempt: org.springframework.beans.factory.BeanCreationException: Error creating bean with name 'entityManagerFactory' defined in class path resource [org/springframework/boot/autoconfigure/orm/jpa/HibernateJpaConfiguration.class]: Failed to initialize dependency 'dataSourceScriptDatabaseInitializer' of LoadTimeWeaverAware bean 'entityManagerFactory': Error creating bean with name 'dataSourceScriptDatabaseInitializer' defined in class path resource [org/springframework/boot/autoconfigure/sql/init/DataSourceInitializationConfiguration.class]: Unsatisfied dependency expressed through method 'dataSourceScriptDatabaseInitializer' parameter 0: Error creating bean with name 'dataSource' defined in class path resource [org/springframework/boot/autoconfigure/jdbc/DataSourceConfiguration$Hikari.class]: Failed to instantiate [com.zaxxer.hikari.HikariDataSource]: Factory method 'dataSource' threw exception with message: Failed to load driver class com.mysql.cj.jdbc.Driver in either of HikariConfig class loader or Thread context classloader
2025-04-11T10:39:18.574-03:00  INFO 14140 --- [backGrupo3ViMa] [restartedMain] o.apache.catalina.core.StandardService   : Stopping service [Tomcat]
2025-04-11T10:39:18.587-03:00  INFO 14140 --- [backGrupo3ViMa] [restartedMain] .s.b.a.l.ConditionEvaluationReportLogger : 

Error starting ApplicationContext. To display the condition evaluation report re-run your application with 'debug' enabled.
2025-04-11T10:39:18.603-03:00 ERROR 14140 --- [backGrupo3ViMa] [restartedMain] o.s.boot.SpringApplication               : Application run failed

org.springframework.beans.factory.BeanCreationException: Error creating bean with name 'entityManagerFactory' defined in class path resource [org/springframework/boot/autoconfigure/orm/jpa/HibernateJpaConfiguration.class]: Failed to initialize dependency 'dataSourceScriptDatabaseInitializer' of LoadTimeWeaverAware bean 'entityManagerFactory': Error creating bean with name 'dataSourceScriptDatabaseInitializer' defined in class path resource [org/springframework/boot/autoconfigure/sql/init/DataSourceInitializationConfiguration.class]: Unsatisfied dependency expressed through method 'dataSourceScriptDatabaseInitializer' parameter 0: Error creating bean with name 'dataSource' defined in class path resource [org/springframework/boot/autoconfigure/jdbc/DataSourceConfiguration$Hikari.class]: Failed to instantiate [com.zaxxer.hikari.HikariDataSource]: Factory method 'dataSource' threw exception with message: Failed to load driver class com.mysql.cj.jdbc.Driver in either of HikariConfig class loader or Thread context classloader
	at org.springframework.beans.factory.support.AbstractBeanFactory.doGetBean(AbstractBeanFactory.java:328) ~[spring-beans-6.2.3.jar:6.2.3]
	at org.springframework.beans.factory.support.AbstractBeanFactory.getBean(AbstractBeanFactory.java:207) ~[spring-beans-6.2.3.jar:6.2.3]
	at org.springframework.context.support.AbstractApplicationContext.finishBeanFactoryInitialization(AbstractApplicationContext.java:970) ~[spring-context-6.2.3.jar:6.2.3]
	at org.springframework.context.support.AbstractApplicationContext.refresh(AbstractApplicationContext.java:627) ~[spring-context-6.2.3.jar:6.2.3]
	at org.springframework.boot.web.servlet.context.ServletWebServerApplicationContext.refresh(ServletWebServerApplicationContext.java:146) ~[spring-boot-3.4.3.jar:3.4.3]
	at org.springframework.boot.SpringApplication.refresh(SpringApplication.java:752) ~[spring-boot-3.4.3.jar:3.4.3]
	at org.springframework.boot.SpringApplication.refreshContext(SpringApplication.java:439) ~[spring-boot-3.4.3.jar:3.4.3]
	at org.springframework.boot.SpringApplication.run(SpringApplication.java:318) ~[spring-boot-3.4.3.jar:3.4.3]
	at org.springframework.boot.SpringApplication.run(SpringApplication.java:1361) ~[spring-boot-3.4.3.jar:3.4.3]
	at org.springframework.boot.SpringApplication.run(SpringApplication.java:1350) ~[spring-boot-3.4.3.jar:3.4.3]
	at org.example.backgrupo3vima.BackGrupo3ViMaApplication.main(BackGrupo3ViMaApplication.java:13) ~[classes/:na]
	at java.base/jdk.internal.reflect.DirectMethodHandleAccessor.invoke(DirectMethodHandleAccessor.java:103) ~[na:na]
	at java.base/java.lang.reflect.Method.invoke(Method.java:580) ~[na:na]
	at org.springframework.boot.devtools.restart.RestartLauncher.run(RestartLauncher.java:50) ~[spring-boot-devtools-3.4.3.jar:3.4.3]
Caused by: org.springframework.beans.factory.UnsatisfiedDependencyException: Error creating bean with name 'dataSourceScriptDatabaseInitializer' defined in class path resource [org/springframework/boot/autoconfigure/sql/init/DataSourceInitializationConfiguration.class]: Unsatisfied dependency expressed through method 'dataSourceScriptDatabaseInitializer' parameter 0: Error creating bean with name 'dataSource' defined in class path resource [org/springframework/boot/autoconfigure/jdbc/DataSourceConfiguration$Hikari.class]: Failed to instantiate [com.zaxxer.hikari.HikariDataSource]: Factory method 'dataSource' threw exception with message: Failed to load driver class com.mysql.cj.jdbc.Driver in either of HikariConfig class loader or Thread context classloader
	at org.springframework.beans.factory.support.ConstructorResolver.createArgumentArray(ConstructorResolver.java:804) ~[spring-beans-6.2.3.jar:6.2.3]
	at org.springframework.beans.factory.support.ConstructorResolver.instantiateUsingFactoryMethod(ConstructorResolver.java:546) ~[spring-beans-6.2.3.jar:6.2.3]
	at org.springframework.beans.factory.support.AbstractAutowireCapableBeanFactory.instantiateUsingFactoryMethod(AbstractAutowireCapableBeanFactory.java:1361) ~[spring-beans-6.2.3.jar:6.2.3]
	at org.springframework.beans.factory.support.AbstractAutowireCapableBeanFactory.createBeanInstance(AbstractAutowireCapableBeanFactory.java:1191) ~[spring-beans-6.2.3.jar:6.2.3]
	at org.springframework.beans.factory.support.AbstractAutowireCapableBeanFactory.doCreateBean(AbstractAutowireCapableBeanFactory.java:563) ~[spring-beans-6.2.3.jar:6.2.3]
	at org.springframework.beans.factory.support.AbstractAutowireCapableBeanFactory.createBean(AbstractAutowireCapableBeanFactory.java:523) ~[spring-beans-6.2.3.jar:6.2.3]
	at org.springframework.beans.factory.support.AbstractBeanFactory.lambda$doGetBean$0(AbstractBeanFactory.java:339) ~[spring-beans-6.2.3.jar:6.2.3]
	at org.springframework.beans.factory.support.DefaultSingletonBeanRegistry.getSingleton(DefaultSingletonBeanRegistry.java:346) ~[spring-beans-6.2.3.jar:6.2.3]
	at org.springframework.beans.factory.support.AbstractBeanFactory.doGetBean(AbstractBeanFactory.java:337) ~[spring-beans-6.2.3.jar:6.2.3]
	at org.springframework.beans.factory.support.AbstractBeanFactory.getBean(AbstractBeanFactory.java:202) ~[spring-beans-6.2.3.jar:6.2.3]
	at org.springframework.beans.factory.support.AbstractBeanFactory.doGetBean(AbstractBeanFactory.java:315) ~[spring-beans-6.2.3.jar:6.2.3]
	... 13 common frames omitted
Caused by: org.springframework.beans.factory.BeanCreationException: Error creating bean with name 'dataSource' defined in class path resource [org/springframework/boot/autoconfigure/jdbc/DataSourceConfiguration$Hikari.class]: Failed to instantiate [com.zaxxer.hikari.HikariDataSource]: Factory method 'dataSource' threw exception with message: Failed to load driver class com.mysql.cj.jdbc.Driver in either of HikariConfig class loader or Thread context classloader
	at org.springframework.beans.factory.support.ConstructorResolver.instantiate(ConstructorResolver.java:657) ~[spring-beans-6.2.3.jar:6.2.3]
	at org.springframework.beans.factory.support.ConstructorResolver.instantiateUsingFactoryMethod(ConstructorResolver.java:645) ~[spring-beans-6.2.3.jar:6.2.3]
	at org.springframework.beans.factory.support.AbstractAutowireCapableBeanFactory.instantiateUsingFactoryMethod(AbstractAutowireCapableBeanFactory.java:1361) ~[spring-beans-6.2.3.jar:6.2.3]
	at org.springframework.beans.factory.support.AbstractAutowireCapableBeanFactory.createBeanInstance(AbstractAutowireCapableBeanFactory.java:1191) ~[spring-beans-6.2.3.jar:6.2.3]
	at org.springframework.beans.factory.support.AbstractAutowireCapableBeanFactory.doCreateBean(AbstractAutowireCapableBeanFactory.java:563) ~[spring-beans-6.2.3.jar:6.2.3]
	at org.springframework.beans.factory.support.AbstractAutowireCapableBeanFactory.createBean(AbstractAutowireCapableBeanFactory.java:523) ~[spring-beans-6.2.3.jar:6.2.3]
	at org.springframework.beans.factory.support.AbstractBeanFactory.lambda$doGetBean$0(AbstractBeanFactory.java:339) ~[spring-beans-6.2.3.jar:6.2.3]
	at org.springframework.beans.factory.support.DefaultSingletonBeanRegistry.getSingleton(DefaultSingletonBeanRegistry.java:346) ~[spring-beans-6.2.3.jar:6.2.3]
	at org.springframework.beans.factory.support.AbstractBeanFactory.doGetBean(AbstractBeanFactory.java:337) ~[spring-beans-6.2.3.jar:6.2.3]
	at org.springframework.beans.factory.support.AbstractBeanFactory.getBean(AbstractBeanFactory.java:202) ~[spring-beans-6.2.3.jar:6.2.3]
	at org.springframework.beans.factory.support.DefaultListableBeanFactory.doResolveDependency(DefaultListableBeanFactory.java:1606) ~[spring-beans-6.2.3.jar:6.2.3]
	at org.springframework.beans.factory.support.DefaultListableBeanFactory.resolveDependency(DefaultListableBeanFactory.java:1552) ~[spring-beans-6.2.3.jar:6.2.3]
	at org.springframework.beans.factory.support.ConstructorResolver.resolveAutowiredArgument(ConstructorResolver.java:913) ~[spring-beans-6.2.3.jar:6.2.3]
	at org.springframework.beans.factory.support.ConstructorResolver.createArgumentArray(ConstructorResolver.java:791) ~[spring-beans-6.2.3.jar:6.2.3]
	... 23 common frames omitted
Caused by: org.springframework.beans.BeanInstantiationException: Failed to instantiate [com.zaxxer.hikari.HikariDataSource]: Factory method 'dataSource' threw exception with message: Failed to load driver class com.mysql.cj.jdbc.Driver in either of HikariConfig class loader or Thread context classloader
	at org.springframework.beans.factory.support.SimpleInstantiationStrategy.lambda$instantiate$0(SimpleInstantiationStrategy.java:199) ~[spring-beans-6.2.3.jar:6.2.3]
	at org.springframework.beans.factory.support.SimpleInstantiationStrategy.instantiateWithFactoryMethod(SimpleInstantiationStrategy.java:88) ~[spring-beans-6.2.3.jar:6.2.3]
	at org.springframework.beans.factory.support.SimpleInstantiationStrategy.instantiate(SimpleInstantiationStrategy.java:168) ~[spring-beans-6.2.3.jar:6.2.3]
	at org.springframework.beans.factory.support.ConstructorResolver.instantiate(ConstructorResolver.java:653) ~[spring-beans-6.2.3.jar:6.2.3]
	... 36 common frames omitted
Caused by: java.lang.RuntimeException: Failed to load driver class com.mysql.cj.jdbc.Driver in either of HikariConfig class loader or Thread context classloader
	at com.zaxxer.hikari.HikariConfig.setDriverClassName(HikariConfig.java:494) ~[HikariCP-5.1.0.jar:na]
	at org.springframework.boot.jdbc.DataSourceBuilder$MappedDataSourceProperty.set(DataSourceBuilder.java:480) ~[spring-boot-3.4.3.jar:3.4.3]
	at org.springframework.boot.jdbc.DataSourceBuilder$MappedDataSourceProperties.set(DataSourceBuilder.java:374) ~[spring-boot-3.4.3.jar:3.4.3]
	at org.springframework.boot.jdbc.DataSourceBuilder.build(DataSourceBuilder.java:184) ~[spring-boot-3.4.3.jar:3.4.3]
	at org.springframework.boot.autoconfigure.jdbc.DataSourceConfiguration.createDataSource(DataSourceConfiguration.java:59) ~[spring-boot-autoconfigure-3.4.3.jar:3.4.3]
	at org.springframework.boot.autoconfigure.jdbc.DataSourceConfiguration$Hikari.dataSource(DataSourceConfiguration.java:117) ~[spring-boot-autoconfigure-3.4.3.jar:3.4.3]
	at java.base/jdk.internal.reflect.DirectMethodHandleAccessor.invoke(DirectMethodHandleAccessor.java:103) ~[na:na]
	at java.base/java.lang.reflect.Method.invoke(Method.java:580) ~[na:na]
	at org.springframework.beans.factory.support.SimpleInstantiationStrategy.lambda$instantiate$0(SimpleInstantiationStrategy.java:171) ~[spring-beans-6.2.3.jar:6.2.3]
	... 39 common frames omitted

2025-04-11T10:43:57.451-03:00  INFO 34356 --- [backGrupo3ViMa] [restartedMain] o.e.b.BackGrupo3ViMaApplication          : Starting BackGrupo3ViMaApplication using Java 22.0.1 with PID 34356 (C:\Users\Enzo\Documents\GitHub\DesarrolloAPSI\backend\backGrupo4ViMa\target\classes started by Enzo in C:\Users\Enzo\Documents\GitHub\DesarrolloAPSI)
2025-04-11T10:43:57.453-03:00  INFO 34356 --- [backGrupo3ViMa] [restartedMain] o.e.b.BackGrupo3ViMaApplication          : No active profile set, falling back to 1 default profile: "default"
2025-04-11T10:43:57.493-03:00  INFO 34356 --- [backGrupo3ViMa] [restartedMain] .e.DevToolsPropertyDefaultsPostProcessor : Devtools property defaults active! Set 'spring.devtools.add-properties' to 'false' to disable
2025-04-11T10:43:57.493-03:00  INFO 34356 --- [backGrupo3ViMa] [restartedMain] .e.DevToolsPropertyDefaultsPostProcessor : For additional web related logging consider setting the 'logging.level.web' property to 'DEBUG'
2025-04-11T10:43:58.183-03:00  INFO 34356 --- [backGrupo3ViMa] [restartedMain] .s.d.r.c.RepositoryConfigurationDelegate : Bootstrapping Spring Data JPA repositories in DEFAULT mode.
2025-04-11T10:43:58.200-03:00  INFO 34356 --- [backGrupo3ViMa] [restartedMain] .s.d.r.c.RepositoryConfigurationDelegate : Finished Spring Data repository scanning in 9 ms. Found 0 JPA repository interfaces.
2025-04-11T10:43:58.761-03:00  INFO 34356 --- [backGrupo3ViMa] [restartedMain] o.s.b.w.embedded.tomcat.TomcatWebServer  : Tomcat initialized with port 4002 (http)
2025-04-11T10:43:58.772-03:00  INFO 34356 --- [backGrupo3ViMa] [restartedMain] o.apache.catalina.core.StandardService   : Starting service [Tomcat]
2025-04-11T10:43:58.773-03:00  INFO 34356 --- [backGrupo3ViMa] [restartedMain] o.apache.catalina.core.StandardEngine    : Starting Servlet engine: [Apache Tomcat/10.1.36]
2025-04-11T10:43:58.819-03:00  INFO 34356 --- [backGrupo3ViMa] [restartedMain] o.a.c.c.C.[Tomcat].[localhost].[/]       : Initializing Spring embedded WebApplicationContext
2025-04-11T10:43:58.819-03:00  INFO 34356 --- [backGrupo3ViMa] [restartedMain] w.s.c.ServletWebServerApplicationContext : Root WebApplicationContext: initialization completed in 1325 ms
2025-04-11T10:43:58.961-03:00 DEBUG 34356 --- [backGrupo3ViMa] [restartedMain] o.s.w.f.ServerHttpObservationFilter      : Filter 'webMvcObservationFilter' configured for use
2025-04-11T10:43:59.078-03:00  INFO 34356 --- [backGrupo3ViMa] [restartedMain] o.hibernate.jpa.internal.util.LogHelper  : HHH000204: Processing PersistenceUnitInfo [name: default]
2025-04-11T10:43:59.121-03:00  INFO 34356 --- [backGrupo3ViMa] [restartedMain] org.hibernate.Version                    : HHH000412: Hibernate ORM core version 6.6.8.Final
2025-04-11T10:43:59.148-03:00  INFO 34356 --- [backGrupo3ViMa] [restartedMain] o.h.c.internal.RegionFactoryInitiator    : HHH000026: Second-level cache disabled
2025-04-11T10:43:59.366-03:00  INFO 34356 --- [backGrupo3ViMa] [restartedMain] o.s.o.j.p.SpringPersistenceUnitInfo      : No LoadTimeWeaver setup: ignoring JPA class transformer
2025-04-11T10:43:59.391-03:00  INFO 34356 --- [backGrupo3ViMa] [restartedMain] com.zaxxer.hikari.HikariDataSource       : HikariPool-1 - Starting...
2025-04-11T10:43:59.620-03:00  INFO 34356 --- [backGrupo3ViMa] [restartedMain] com.zaxxer.hikari.pool.HikariPool        : HikariPool-1 - Added connection com.mysql.cj.jdbc.ConnectionImpl@788f6c1e
2025-04-11T10:43:59.622-03:00  INFO 34356 --- [backGrupo3ViMa] [restartedMain] com.zaxxer.hikari.HikariDataSource       : HikariPool-1 - Start completed.
2025-04-11T10:43:59.686-03:00  INFO 34356 --- [backGrupo3ViMa] [restartedMain] org.hibernate.orm.connections.pooling    : HHH10001005: Database info:
	Database JDBC URL [Connecting through datasource 'HikariDataSource (HikariPool-1)']
	Database driver: undefined/unknown
	Database version: 8.0.39
	Autocommit mode: undefined/unknown
	Isolation level: undefined/unknown
	Minimum pool size: undefined/unknown
	Maximum pool size: undefined/unknown
2025-04-11T10:43:59.943-03:00  INFO 34356 --- [backGrupo3ViMa] [restartedMain] o.h.e.t.j.p.i.JtaPlatformInitiator       : HHH000489: No JTA platform available (set 'hibernate.transaction.jta.platform' to enable JTA platform integration)
2025-04-11T10:43:59.949-03:00  INFO 34356 --- [backGrupo3ViMa] [restartedMain] j.LocalContainerEntityManagerFactoryBean : Initialized JPA EntityManagerFactory for persistence unit 'default'
2025-04-11T10:44:00.124-03:00 DEBUG 34356 --- [backGrupo3ViMa] [restartedMain] s.w.s.m.m.a.RequestMappingHandlerMapping : 2 mappings in 'requestMappingHandlerMapping'
2025-04-11T10:44:00.240-03:00 DEBUG 34356 --- [backGrupo3ViMa] [restartedMain] o.s.w.s.handler.SimpleUrlHandlerMapping  : Patterns [/webjars/**, /**] in 'resourceHandlerMapping'
2025-04-11T10:44:00.276-03:00 DEBUG 34356 --- [backGrupo3ViMa] [restartedMain] s.w.s.m.m.a.RequestMappingHandlerAdapter : ControllerAdvice beans: 0 @ModelAttribute, 0 @InitBinder, 1 RequestBodyAdvice, 1 ResponseBodyAdvice
2025-04-11T10:44:00.322-03:00 DEBUG 34356 --- [backGrupo3ViMa] [restartedMain] .m.m.a.ExceptionHandlerExceptionResolver : ControllerAdvice beans: 0 @ExceptionHandler, 1 ResponseBodyAdvice
2025-04-11T10:44:00.734-03:00  INFO 34356 --- [backGrupo3ViMa] [restartedMain] o.s.b.d.a.OptionalLiveReloadServer       : LiveReload server is running on port 35729
2025-04-11T10:44:00.743-03:00  INFO 34356 --- [backGrupo3ViMa] [restartedMain] o.s.b.a.e.web.EndpointLinksResolver      : Exposing 1 endpoint beneath base path '/actuator'
2025-04-11T10:44:00.819-03:00  INFO 34356 --- [backGrupo3ViMa] [restartedMain] o.s.b.w.embedded.tomcat.TomcatWebServer  : Tomcat started on port 4002 (http) with context path '/'
2025-04-11T10:44:00.829-03:00  INFO 34356 --- [backGrupo3ViMa] [restartedMain] o.e.b.BackGrupo3ViMaApplication          : Started BackGrupo3ViMaApplication in 3.74 seconds (process running for 4.257)
2025-04-11T10:44:01.255-03:00  INFO 34356 --- [backGrupo3ViMa] [RMI TCP Connection(2)-192.168.234.1] o.a.c.c.C.[Tomcat].[localhost].[/]       : Initializing Spring DispatcherServlet 'dispatcherServlet'
2025-04-11T10:44:01.255-03:00  INFO 34356 --- [backGrupo3ViMa] [RMI TCP Connection(2)-192.168.234.1] o.s.web.servlet.DispatcherServlet        : Initializing Servlet 'dispatcherServlet'
2025-04-11T10:44:01.255-03:00 DEBUG 34356 --- [backGrupo3ViMa] [RMI TCP Connection(2)-192.168.234.1] o.s.web.servlet.DispatcherServlet        : Detected StandardServletMultipartResolver
2025-04-11T10:44:01.256-03:00 DEBUG 34356 --- [backGrupo3ViMa] [RMI TCP Connection(2)-192.168.234.1] o.s.web.servlet.DispatcherServlet        : Detected AcceptHeaderLocaleResolver
2025-04-11T10:44:01.256-03:00 DEBUG 34356 --- [backGrupo3ViMa] [RMI TCP Connection(2)-192.168.234.1] o.s.web.servlet.DispatcherServlet        : Detected FixedThemeResolver
2025-04-11T10:44:01.257-03:00 DEBUG 34356 --- [backGrupo3ViMa] [RMI TCP Connection(2)-192.168.234.1] o.s.web.servlet.DispatcherServlet        : Detected org.springframework.web.servlet.view.DefaultRequestToViewNameTranslator@7b949d30
2025-04-11T10:44:01.257-03:00 DEBUG 34356 --- [backGrupo3ViMa] [RMI TCP Connection(2)-192.168.234.1] o.s.web.servlet.DispatcherServlet        : Detected org.springframework.web.servlet.support.SessionFlashMapManager@43b7e88f
2025-04-11T10:44:01.257-03:00 DEBUG 34356 --- [backGrupo3ViMa] [RMI TCP Connection(2)-192.168.234.1] o.s.web.servlet.DispatcherServlet        : enableLoggingRequestDetails='false': request parameters and headers will be masked to prevent unsafe logging of potentially sensitive data
2025-04-11T10:44:01.258-03:00  INFO 34356 --- [backGrupo3ViMa] [RMI TCP Connection(2)-192.168.234.1] o.s.web.servlet.DispatcherServlet        : Completed initialization in 2 ms
2025-04-11T10:46:13.479-03:00  INFO 34356 --- [backGrupo3ViMa] [File Watcher] rtingClassPathChangeChangedEventListener : Restarting due to 1 class path change (0 additions, 0 deletions, 1 modification)
2025-04-11T10:46:13.482-03:00  INFO 34356 --- [backGrupo3ViMa] [Thread-5] o.s.b.w.e.tomcat.GracefulShutdown        : Commencing graceful shutdown. Waiting for active requests to complete
2025-04-11T10:46:13.486-03:00  INFO 34356 --- [backGrupo3ViMa] [tomcat-shutdown] o.s.b.w.e.tomcat.GracefulShutdown        : Graceful shutdown complete
2025-04-11T10:46:13.491-03:00  INFO 34356 --- [backGrupo3ViMa] [Thread-5] j.LocalContainerEntityManagerFactoryBean : Closing JPA EntityManagerFactory for persistence unit 'default'
2025-04-11T10:46:13.493-03:00  INFO 34356 --- [backGrupo3ViMa] [Thread-5] com.zaxxer.hikari.HikariDataSource       : HikariPool-1 - Shutdown initiated...
2025-04-11T10:46:13.500-03:00  INFO 34356 --- [backGrupo3ViMa] [Thread-5] com.zaxxer.hikari.HikariDataSource       : HikariPool-1 - Shutdown completed.
2025-04-11T10:46:13.560-03:00  INFO 34356 --- [backGrupo3ViMa] [restartedMain] o.e.b.BackGrupo3ViMaApplication          : Starting BackGrupo3ViMaApplication using Java 22.0.1 with PID 34356 (C:\Users\Enzo\Documents\GitHub\DesarrolloAPSI\backend\backGrupo4ViMa\target\classes started by Enzo in C:\Users\Enzo\Documents\GitHub\DesarrolloAPSI)
2025-04-11T10:46:13.560-03:00  INFO 34356 --- [backGrupo3ViMa] [restartedMain] o.e.b.BackGrupo3ViMaApplication          : No active profile set, falling back to 1 default profile: "default"
2025-04-11T10:46:13.776-03:00  INFO 34356 --- [backGrupo3ViMa] [restartedMain] .s.d.r.c.RepositoryConfigurationDelegate : Bootstrapping Spring Data JPA repositories in DEFAULT mode.
2025-04-11T10:46:13.778-03:00  INFO 34356 --- [backGrupo3ViMa] [restartedMain] .s.d.r.c.RepositoryConfigurationDelegate : Finished Spring Data repository scanning in 1 ms. Found 0 JPA repository interfaces.
2025-04-11T10:46:13.873-03:00  INFO 34356 --- [backGrupo3ViMa] [restartedMain] o.s.b.w.embedded.tomcat.TomcatWebServer  : Tomcat initialized with port 4002 (http)
2025-04-11T10:46:13.874-03:00  INFO 34356 --- [backGrupo3ViMa] [restartedMain] o.apache.catalina.core.StandardService   : Starting service [Tomcat]
2025-04-11T10:46:13.874-03:00  INFO 34356 --- [backGrupo3ViMa] [restartedMain] o.apache.catalina.core.StandardEngine    : Starting Servlet engine: [Apache Tomcat/10.1.36]
2025-04-11T10:46:13.892-03:00  INFO 34356 --- [backGrupo3ViMa] [restartedMain] o.a.c.c.C.[Tomcat].[localhost].[/]       : Initializing Spring embedded WebApplicationContext
2025-04-11T10:46:13.894-03:00  INFO 34356 --- [backGrupo3ViMa] [restartedMain] w.s.c.ServletWebServerApplicationContext : Root WebApplicationContext: initialization completed in 332 ms
2025-04-11T10:46:13.948-03:00 DEBUG 34356 --- [backGrupo3ViMa] [restartedMain] o.s.w.f.ServerHttpObservationFilter      : Filter 'webMvcObservationFilter' configured for use
2025-04-11T10:46:13.979-03:00  INFO 34356 --- [backGrupo3ViMa] [restartedMain] o.hibernate.jpa.internal.util.LogHelper  : HHH000204: Processing PersistenceUnitInfo [name: default]
2025-04-11T10:46:13.981-03:00  INFO 34356 --- [backGrupo3ViMa] [restartedMain] o.h.c.internal.RegionFactoryInitiator    : HHH000026: Second-level cache disabled
2025-04-11T10:46:13.990-03:00  INFO 34356 --- [backGrupo3ViMa] [restartedMain] o.s.o.j.p.SpringPersistenceUnitInfo      : No LoadTimeWeaver setup: ignoring JPA class transformer
2025-04-11T10:46:13.991-03:00  INFO 34356 --- [backGrupo3ViMa] [restartedMain] com.zaxxer.hikari.HikariDataSource       : HikariPool-2 - Starting...
2025-04-11T10:46:14.004-03:00  INFO 34356 --- [backGrupo3ViMa] [restartedMain] com.zaxxer.hikari.pool.HikariPool        : HikariPool-2 - Added connection com.mysql.cj.jdbc.ConnectionImpl@58910ed3
2025-04-11T10:46:14.004-03:00  INFO 34356 --- [backGrupo3ViMa] [restartedMain] com.zaxxer.hikari.HikariDataSource       : HikariPool-2 - Start completed.
2025-04-11T10:46:14.004-03:00  INFO 34356 --- [backGrupo3ViMa] [restartedMain] org.hibernate.orm.connections.pooling    : HHH10001005: Database info:
	Database JDBC URL [Connecting through datasource 'HikariDataSource (HikariPool-2)']
	Database driver: undefined/unknown
	Database version: 8.0.39
	Autocommit mode: undefined/unknown
	Isolation level: undefined/unknown
	Minimum pool size: undefined/unknown
	Maximum pool size: undefined/unknown
2025-04-11T10:46:14.017-03:00  INFO 34356 --- [backGrupo3ViMa] [restartedMain] o.h.e.t.j.p.i.JtaPlatformInitiator       : HHH000489: No JTA platform available (set 'hibernate.transaction.jta.platform' to enable JTA platform integration)
2025-04-11T10:46:14.017-03:00  INFO 34356 --- [backGrupo3ViMa] [restartedMain] j.LocalContainerEntityManagerFactoryBean : Initialized JPA EntityManagerFactory for persistence unit 'default'
2025-04-11T10:46:14.080-03:00 DEBUG 34356 --- [backGrupo3ViMa] [restartedMain] s.w.s.m.m.a.RequestMappingHandlerMapping : 2 mappings in 'requestMappingHandlerMapping'
2025-04-11T10:46:14.142-03:00 DEBUG 34356 --- [backGrupo3ViMa] [restartedMain] o.s.w.s.handler.SimpleUrlHandlerMapping  : Patterns [/webjars/**, /**] in 'resourceHandlerMapping'
2025-04-11T10:46:14.156-03:00 DEBUG 34356 --- [backGrupo3ViMa] [restartedMain] s.w.s.m.m.a.RequestMappingHandlerAdapter : ControllerAdvice beans: 0 @ModelAttribute, 0 @InitBinder, 1 RequestBodyAdvice, 1 ResponseBodyAdvice
2025-04-11T10:46:14.169-03:00 DEBUG 34356 --- [backGrupo3ViMa] [restartedMain] .m.m.a.ExceptionHandlerExceptionResolver : ControllerAdvice beans: 0 @ExceptionHandler, 1 ResponseBodyAdvice
2025-04-11T10:46:14.378-03:00  INFO 34356 --- [backGrupo3ViMa] [restartedMain] o.s.b.d.a.OptionalLiveReloadServer       : LiveReload server is running on port 35729
2025-04-11T10:46:14.382-03:00  INFO 34356 --- [backGrupo3ViMa] [restartedMain] o.s.b.a.e.web.EndpointLinksResolver      : Exposing 1 endpoint beneath base path '/actuator'
2025-04-11T10:46:14.402-03:00  INFO 34356 --- [backGrupo3ViMa] [restartedMain] o.s.b.w.embedded.tomcat.TomcatWebServer  : Tomcat started on port 4002 (http) with context path '/'
2025-04-11T10:46:14.406-03:00  INFO 34356 --- [backGrupo3ViMa] [restartedMain] o.e.b.BackGrupo3ViMaApplication          : Started BackGrupo3ViMaApplication in 0.868 seconds (process running for 137.834)
2025-04-11T10:46:14.408-03:00  INFO 34356 --- [backGrupo3ViMa] [restartedMain] .ConditionEvaluationDeltaLoggingListener : Condition evaluation unchanged
2025-04-11T10:51:35.785-03:00  INFO 34356 --- [backGrupo3ViMa] [File Watcher] rtingClassPathChangeChangedEventListener : Restarting due to 17 class path changes (0 additions, 17 deletions, 0 modifications)
2025-04-11T10:51:35.788-03:00  INFO 34356 --- [backGrupo3ViMa] [Thread-7] o.s.b.w.e.tomcat.GracefulShutdown        : Commencing graceful shutdown. Waiting for active requests to complete
2025-04-11T10:51:35.793-03:00  INFO 34356 --- [backGrupo3ViMa] [tomcat-shutdown] o.s.b.w.e.tomcat.GracefulShutdown        : Graceful shutdown complete
2025-04-11T10:51:35.797-03:00  INFO 34356 --- [backGrupo3ViMa] [Thread-7] j.LocalContainerEntityManagerFactoryBean : Closing JPA EntityManagerFactory for persistence unit 'default'
2025-04-11T10:51:35.798-03:00  INFO 34356 --- [backGrupo3ViMa] [Thread-7] com.zaxxer.hikari.HikariDataSource       : HikariPool-2 - Shutdown initiated...
2025-04-11T10:51:35.807-03:00  INFO 34356 --- [backGrupo3ViMa] [Thread-7] com.zaxxer.hikari.HikariDataSource       : HikariPool-2 - Shutdown completed.
2025-04-11T10:51:35.891-03:00  INFO 34356 --- [backGrupo3ViMa] [restartedMain] o.e.b.BackGrupo3ViMaApplication          : Starting BackGrupo3ViMaApplication using Java 22.0.1 with PID 34356 (C:\Users\Enzo\Documents\GitHub\DesarrolloAPSI\backend\backGrupo4ViMa\target\classes started by Enzo in C:\Users\Enzo\Documents\GitHub\DesarrolloAPSI)
2025-04-11T10:51:35.891-03:00  INFO 34356 --- [backGrupo3ViMa] [restartedMain] o.e.b.BackGrupo3ViMaApplication          : No active profile set, falling back to 1 default profile: "default"
2025-04-11T10:51:36.269-03:00  INFO 34356 --- [backGrupo3ViMa] [restartedMain] .s.d.r.c.RepositoryConfigurationDelegate : Bootstrapping Spring Data JPA repositories in DEFAULT mode.
2025-04-11T10:51:36.277-03:00  INFO 34356 --- [backGrupo3ViMa] [restartedMain] .s.d.r.c.RepositoryConfigurationDelegate : Finished Spring Data repository scanning in 2 ms. Found 0 JPA repository interfaces.
2025-04-11T10:51:36.661-03:00  INFO 34356 --- [backGrupo3ViMa] [restartedMain] o.s.b.w.embedded.tomcat.TomcatWebServer  : Tomcat initialized with port 4002 (http)
2025-04-11T10:51:36.663-03:00  INFO 34356 --- [backGrupo3ViMa] [restartedMain] o.apache.catalina.core.StandardService   : Starting service [Tomcat]
2025-04-11T10:51:36.664-03:00  INFO 34356 --- [backGrupo3ViMa] [restartedMain] o.apache.catalina.core.StandardEngine    : Starting Servlet engine: [Apache Tomcat/10.1.36]
2025-04-11T10:51:36.710-03:00  INFO 34356 --- [backGrupo3ViMa] [restartedMain] o.a.c.c.C.[Tomcat].[localhost].[/]       : Initializing Spring embedded WebApplicationContext
2025-04-11T10:51:36.710-03:00  INFO 34356 --- [backGrupo3ViMa] [restartedMain] w.s.c.ServletWebServerApplicationContext : Root WebApplicationContext: initialization completed in 815 ms
2025-04-11T10:51:36.976-03:00 DEBUG 34356 --- [backGrupo3ViMa] [restartedMain] o.s.w.f.ServerHttpObservationFilter      : Filter 'webMvcObservationFilter' configured for use
2025-04-11T10:51:37.128-03:00  INFO 34356 --- [backGrupo3ViMa] [restartedMain] o.hibernate.jpa.internal.util.LogHelper  : HHH000204: Processing PersistenceUnitInfo [name: default]
2025-04-11T10:51:37.144-03:00  INFO 34356 --- [backGrupo3ViMa] [restartedMain] o.h.c.internal.RegionFactoryInitiator    : HHH000026: Second-level cache disabled
2025-04-11T10:51:37.175-03:00  INFO 34356 --- [backGrupo3ViMa] [restartedMain] o.s.o.j.p.SpringPersistenceUnitInfo      : No LoadTimeWeaver setup: ignoring JPA class transformer
2025-04-11T10:51:37.178-03:00  INFO 34356 --- [backGrupo3ViMa] [restartedMain] com.zaxxer.hikari.HikariDataSource       : HikariPool-3 - Starting...
2025-04-11T10:51:37.200-03:00  INFO 34356 --- [backGrupo3ViMa] [restartedMain] com.zaxxer.hikari.pool.HikariPool        : HikariPool-3 - Added connection com.mysql.cj.jdbc.ConnectionImpl@5b9796e5
2025-04-11T10:51:37.200-03:00  INFO 34356 --- [backGrupo3ViMa] [restartedMain] com.zaxxer.hikari.HikariDataSource       : HikariPool-3 - Start completed.
2025-04-11T10:51:37.203-03:00  INFO 34356 --- [backGrupo3ViMa] [restartedMain] org.hibernate.orm.connections.pooling    : HHH10001005: Database info:
	Database JDBC URL [Connecting through datasource 'HikariDataSource (HikariPool-3)']
	Database driver: undefined/unknown
	Database version: 8.0.39
	Autocommit mode: undefined/unknown
	Isolation level: undefined/unknown
	Minimum pool size: undefined/unknown
	Maximum pool size: undefined/unknown
2025-04-11T10:51:37.229-03:00  INFO 34356 --- [backGrupo3ViMa] [restartedMain] o.h.e.t.j.p.i.JtaPlatformInitiator       : HHH000489: No JTA platform available (set 'hibernate.transaction.jta.platform' to enable JTA platform integration)
2025-04-11T10:51:37.230-03:00  INFO 34356 --- [backGrupo3ViMa] [restartedMain] j.LocalContainerEntityManagerFactoryBean : Initialized JPA EntityManagerFactory for persistence unit 'default'
2025-04-11T10:51:37.523-03:00 DEBUG 34356 --- [backGrupo3ViMa] [restartedMain] s.w.s.m.m.a.RequestMappingHandlerMapping : 2 mappings in 'requestMappingHandlerMapping'
2025-04-11T10:51:37.984-03:00 DEBUG 34356 --- [backGrupo3ViMa] [restartedMain] o.s.w.s.handler.SimpleUrlHandlerMapping  : Patterns [/webjars/**, /**] in 'resourceHandlerMapping'
2025-04-11T10:51:38.044-03:00 DEBUG 34356 --- [backGrupo3ViMa] [restartedMain] s.w.s.m.m.a.RequestMappingHandlerAdapter : ControllerAdvice beans: 0 @ModelAttribute, 0 @InitBinder, 1 RequestBodyAdvice, 1 ResponseBodyAdvice
2025-04-11T10:51:38.091-03:00 DEBUG 34356 --- [backGrupo3ViMa] [restartedMain] .m.m.a.ExceptionHandlerExceptionResolver : ControllerAdvice beans: 0 @ExceptionHandler, 1 ResponseBodyAdvice
2025-04-11T10:51:38.467-03:00  INFO 34356 --- [backGrupo3ViMa] [restartedMain] o.s.b.d.a.OptionalLiveReloadServer       : LiveReload server is running on port 35729
2025-04-11T10:51:38.473-03:00  INFO 34356 --- [backGrupo3ViMa] [restartedMain] o.s.b.a.e.web.EndpointLinksResolver      : Exposing 1 endpoint beneath base path '/actuator'
2025-04-11T10:51:38.500-03:00  INFO 34356 --- [backGrupo3ViMa] [restartedMain] o.s.b.w.embedded.tomcat.TomcatWebServer  : Tomcat started on port 4002 (http) with context path '/'
2025-04-11T10:51:38.506-03:00  INFO 34356 --- [backGrupo3ViMa] [restartedMain] o.e.b.BackGrupo3ViMaApplication          : Started BackGrupo3ViMaApplication in 2.644 seconds (process running for 461.934)
2025-04-11T10:51:38.507-03:00  INFO 34356 --- [backGrupo3ViMa] [restartedMain] .ConditionEvaluationDeltaLoggingListener : Condition evaluation unchanged
2025-04-11T10:52:20.233-03:00  INFO 10480 --- [backGrupo3ViMa] [restartedMain] o.e.b.BackGrupo3ViMaApplication          : Starting BackGrupo3ViMaApplication using Java 22.0.1 with PID 10480 (C:\Users\Enzo\Documents\GitHub\DesarrolloAPSI\backend\backGrupo4ViMa\target\classes started by Enzo in C:\Users\Enzo\Documents\GitHub\DesarrolloAPSI)
2025-04-11T10:52:20.235-03:00  INFO 10480 --- [backGrupo3ViMa] [restartedMain] o.e.b.BackGrupo3ViMaApplication          : No active profile set, falling back to 1 default profile: "default"
2025-04-11T10:52:20.274-03:00  INFO 10480 --- [backGrupo3ViMa] [restartedMain] .e.DevToolsPropertyDefaultsPostProcessor : Devtools property defaults active! Set 'spring.devtools.add-properties' to 'false' to disable
2025-04-11T10:52:20.274-03:00  INFO 10480 --- [backGrupo3ViMa] [restartedMain] .e.DevToolsPropertyDefaultsPostProcessor : For additional web related logging consider setting the 'logging.level.web' property to 'DEBUG'
2025-04-11T10:52:20.972-03:00  INFO 10480 --- [backGrupo3ViMa] [restartedMain] .s.d.r.c.RepositoryConfigurationDelegate : Bootstrapping Spring Data JPA repositories in DEFAULT mode.
2025-04-11T10:52:20.989-03:00  INFO 10480 --- [backGrupo3ViMa] [restartedMain] .s.d.r.c.RepositoryConfigurationDelegate : Finished Spring Data repository scanning in 9 ms. Found 0 JPA repository interfaces.
2025-04-11T10:52:21.813-03:00  INFO 10480 --- [backGrupo3ViMa] [restartedMain] o.s.b.w.embedded.tomcat.TomcatWebServer  : Tomcat initialized with port 4002 (http)
2025-04-11T10:52:21.827-03:00  INFO 10480 --- [backGrupo3ViMa] [restartedMain] o.apache.catalina.core.StandardService   : Starting service [Tomcat]
2025-04-11T10:52:21.827-03:00  INFO 10480 --- [backGrupo3ViMa] [restartedMain] o.apache.catalina.core.StandardEngine    : Starting Servlet engine: [Apache Tomcat/10.1.36]
2025-04-11T10:52:21.871-03:00  INFO 10480 --- [backGrupo3ViMa] [restartedMain] o.a.c.c.C.[Tomcat].[localhost].[/]       : Initializing Spring embedded WebApplicationContext
2025-04-11T10:52:21.871-03:00  INFO 10480 --- [backGrupo3ViMa] [restartedMain] w.s.c.ServletWebServerApplicationContext : Root WebApplicationContext: initialization completed in 1596 ms
2025-04-11T10:52:22.011-03:00 DEBUG 10480 --- [backGrupo3ViMa] [restartedMain] o.s.w.f.ServerHttpObservationFilter      : Filter 'webMvcObservationFilter' configured for use
2025-04-11T10:52:22.140-03:00  INFO 10480 --- [backGrupo3ViMa] [restartedMain] o.hibernate.jpa.internal.util.LogHelper  : HHH000204: Processing PersistenceUnitInfo [name: default]
2025-04-11T10:52:22.205-03:00  INFO 10480 --- [backGrupo3ViMa] [restartedMain] org.hibernate.Version                    : HHH000412: Hibernate ORM core version 6.6.8.Final
2025-04-11T10:52:22.237-03:00  INFO 10480 --- [backGrupo3ViMa] [restartedMain] o.h.c.internal.RegionFactoryInitiator    : HHH000026: Second-level cache disabled
2025-04-11T10:52:22.498-03:00  INFO 10480 --- [backGrupo3ViMa] [restartedMain] o.s.o.j.p.SpringPersistenceUnitInfo      : No LoadTimeWeaver setup: ignoring JPA class transformer
2025-04-11T10:52:22.527-03:00  INFO 10480 --- [backGrupo3ViMa] [restartedMain] com.zaxxer.hikari.HikariDataSource       : HikariPool-1 - Starting...
2025-04-11T10:52:22.823-03:00  INFO 10480 --- [backGrupo3ViMa] [restartedMain] com.zaxxer.hikari.pool.HikariPool        : HikariPool-1 - Added connection com.mysql.cj.jdbc.ConnectionImpl@22f94191
2025-04-11T10:52:22.826-03:00  INFO 10480 --- [backGrupo3ViMa] [restartedMain] com.zaxxer.hikari.HikariDataSource       : HikariPool-1 - Start completed.
2025-04-11T10:52:22.896-03:00  INFO 10480 --- [backGrupo3ViMa] [restartedMain] org.hibernate.orm.connections.pooling    : HHH10001005: Database info:
	Database JDBC URL [Connecting through datasource 'HikariDataSource (HikariPool-1)']
	Database driver: undefined/unknown
	Database version: 8.0.39
	Autocommit mode: undefined/unknown
	Isolation level: undefined/unknown
	Minimum pool size: undefined/unknown
	Maximum pool size: undefined/unknown
2025-04-11T10:52:23.184-03:00  INFO 10480 --- [backGrupo3ViMa] [restartedMain] o.h.e.t.j.p.i.JtaPlatformInitiator       : HHH000489: No JTA platform available (set 'hibernate.transaction.jta.platform' to enable JTA platform integration)
2025-04-11T10:52:23.189-03:00  INFO 10480 --- [backGrupo3ViMa] [restartedMain] j.LocalContainerEntityManagerFactoryBean : Initialized JPA EntityManagerFactory for persistence unit 'default'
2025-04-11T10:52:23.336-03:00 DEBUG 10480 --- [backGrupo3ViMa] [restartedMain] s.w.s.m.m.a.RequestMappingHandlerMapping : 2 mappings in 'requestMappingHandlerMapping'
2025-04-11T10:52:23.448-03:00 DEBUG 10480 --- [backGrupo3ViMa] [restartedMain] o.s.w.s.handler.SimpleUrlHandlerMapping  : Patterns [/webjars/**, /**] in 'resourceHandlerMapping'
2025-04-11T10:52:23.487-03:00 DEBUG 10480 --- [backGrupo3ViMa] [restartedMain] s.w.s.m.m.a.RequestMappingHandlerAdapter : ControllerAdvice beans: 0 @ModelAttribute, 0 @InitBinder, 1 RequestBodyAdvice, 1 ResponseBodyAdvice
2025-04-11T10:52:23.537-03:00 DEBUG 10480 --- [backGrupo3ViMa] [restartedMain] .m.m.a.ExceptionHandlerExceptionResolver : ControllerAdvice beans: 0 @ExceptionHandler, 1 ResponseBodyAdvice
2025-04-11T10:52:23.985-03:00  INFO 10480 --- [backGrupo3ViMa] [restartedMain] o.s.b.d.a.OptionalLiveReloadServer       : LiveReload server is running on port 35729
2025-04-11T10:52:23.996-03:00  INFO 10480 --- [backGrupo3ViMa] [restartedMain] o.s.b.a.e.web.EndpointLinksResolver      : Exposing 1 endpoint beneath base path '/actuator'
2025-04-11T10:52:24.079-03:00  INFO 10480 --- [backGrupo3ViMa] [restartedMain] o.s.b.w.embedded.tomcat.TomcatWebServer  : Tomcat started on port 4002 (http) with context path '/'
2025-04-11T10:52:24.089-03:00  INFO 10480 --- [backGrupo3ViMa] [restartedMain] o.e.b.BackGrupo3ViMaApplication          : Started BackGrupo3ViMaApplication in 4.235 seconds (process running for 4.805)
2025-04-11T10:52:24.468-03:00  INFO 10480 --- [backGrupo3ViMa] [RMI TCP Connection(1)-192.168.234.1] o.a.c.c.C.[Tomcat].[localhost].[/]       : Initializing Spring DispatcherServlet 'dispatcherServlet'
2025-04-11T10:52:24.469-03:00  INFO 10480 --- [backGrupo3ViMa] [RMI TCP Connection(1)-192.168.234.1] o.s.web.servlet.DispatcherServlet        : Initializing Servlet 'dispatcherServlet'
2025-04-11T10:52:24.469-03:00 DEBUG 10480 --- [backGrupo3ViMa] [RMI TCP Connection(1)-192.168.234.1] o.s.web.servlet.DispatcherServlet        : Detected StandardServletMultipartResolver
2025-04-11T10:52:24.469-03:00 DEBUG 10480 --- [backGrupo3ViMa] [RMI TCP Connection(1)-192.168.234.1] o.s.web.servlet.DispatcherServlet        : Detected AcceptHeaderLocaleResolver
2025-04-11T10:52:24.470-03:00 DEBUG 10480 --- [backGrupo3ViMa] [RMI TCP Connection(1)-192.168.234.1] o.s.web.servlet.DispatcherServlet        : Detected FixedThemeResolver
2025-04-11T10:52:24.471-03:00 DEBUG 10480 --- [backGrupo3ViMa] [RMI TCP Connection(1)-192.168.234.1] o.s.web.servlet.DispatcherServlet        : Detected org.springframework.web.servlet.view.DefaultRequestToViewNameTranslator@62564733
2025-04-11T10:52:24.471-03:00 DEBUG 10480 --- [backGrupo3ViMa] [RMI TCP Connection(1)-192.168.234.1] o.s.web.servlet.DispatcherServlet        : Detected org.springframework.web.servlet.support.SessionFlashMapManager@1868c024
2025-04-11T10:52:24.472-03:00 DEBUG 10480 --- [backGrupo3ViMa] [RMI TCP Connection(1)-192.168.234.1] o.s.web.servlet.DispatcherServlet        : enableLoggingRequestDetails='false': request parameters and headers will be masked to prevent unsafe logging of potentially sensitive data
2025-04-11T10:52:24.473-03:00  INFO 10480 --- [backGrupo3ViMa] [RMI TCP Connection(1)-192.168.234.1] o.s.web.servlet.DispatcherServlet        : Completed initialization in 3 ms
2025-04-11T10:57:06.222-03:00  INFO 26504 --- [backGrupo3ViMa] [restartedMain] o.e.b.BackGrupo3ViMaApplication          : Starting BackGrupo3ViMaApplication using Java 22.0.1 with PID 26504 (C:\Users\Enzo\Documents\GitHub\DesarrolloAPSI\backend\backGrupo4ViMa\target\classes started by Enzo in C:\Users\Enzo\Documents\GitHub\DesarrolloAPSI)
2025-04-11T10:57:06.225-03:00  INFO 26504 --- [backGrupo3ViMa] [restartedMain] o.e.b.BackGrupo3ViMaApplication          : No active profile set, falling back to 1 default profile: "default"
2025-04-11T10:57:06.263-03:00  INFO 26504 --- [backGrupo3ViMa] [restartedMain] .e.DevToolsPropertyDefaultsPostProcessor : Devtools property defaults active! Set 'spring.devtools.add-properties' to 'false' to disable
2025-04-11T10:57:06.263-03:00  INFO 26504 --- [backGrupo3ViMa] [restartedMain] .e.DevToolsPropertyDefaultsPostProcessor : For additional web related logging consider setting the 'logging.level.web' property to 'DEBUG'
2025-04-11T10:57:06.990-03:00  INFO 26504 --- [backGrupo3ViMa] [restartedMain] .s.d.r.c.RepositoryConfigurationDelegate : Bootstrapping Spring Data JPA repositories in DEFAULT mode.
2025-04-11T10:57:07.008-03:00  INFO 26504 --- [backGrupo3ViMa] [restartedMain] .s.d.r.c.RepositoryConfigurationDelegate : Finished Spring Data repository scanning in 10 ms. Found 0 JPA repository interfaces.
2025-04-11T10:57:07.595-03:00  INFO 26504 --- [backGrupo3ViMa] [restartedMain] o.s.b.w.embedded.tomcat.TomcatWebServer  : Tomcat initialized with port 4002 (http)
2025-04-11T10:57:07.607-03:00  INFO 26504 --- [backGrupo3ViMa] [restartedMain] o.apache.catalina.core.StandardService   : Starting service [Tomcat]
2025-04-11T10:57:07.607-03:00  INFO 26504 --- [backGrupo3ViMa] [restartedMain] o.apache.catalina.core.StandardEngine    : Starting Servlet engine: [Apache Tomcat/10.1.36]
2025-04-11T10:57:07.648-03:00  INFO 26504 --- [backGrupo3ViMa] [restartedMain] o.a.c.c.C.[Tomcat].[localhost].[/]       : Initializing Spring embedded WebApplicationContext
2025-04-11T10:57:07.649-03:00  INFO 26504 --- [backGrupo3ViMa] [restartedMain] w.s.c.ServletWebServerApplicationContext : Root WebApplicationContext: initialization completed in 1385 ms
2025-04-11T10:57:07.793-03:00 DEBUG 26504 --- [backGrupo3ViMa] [restartedMain] o.s.w.f.ServerHttpObservationFilter      : Filter 'webMvcObservationFilter' configured for use
2025-04-11T10:57:07.899-03:00  INFO 26504 --- [backGrupo3ViMa] [restartedMain] o.hibernate.jpa.internal.util.LogHelper  : HHH000204: Processing PersistenceUnitInfo [name: default]
2025-04-11T10:57:07.942-03:00  INFO 26504 --- [backGrupo3ViMa] [restartedMain] org.hibernate.Version                    : HHH000412: Hibernate ORM core version 6.6.8.Final
2025-04-11T10:57:07.968-03:00  INFO 26504 --- [backGrupo3ViMa] [restartedMain] o.h.c.internal.RegionFactoryInitiator    : HHH000026: Second-level cache disabled
2025-04-11T10:57:08.177-03:00  INFO 26504 --- [backGrupo3ViMa] [restartedMain] o.s.o.j.p.SpringPersistenceUnitInfo      : No LoadTimeWeaver setup: ignoring JPA class transformer
2025-04-11T10:57:08.202-03:00  INFO 26504 --- [backGrupo3ViMa] [restartedMain] com.zaxxer.hikari.HikariDataSource       : HikariPool-1 - Starting...
2025-04-11T10:57:08.423-03:00  INFO 26504 --- [backGrupo3ViMa] [restartedMain] com.zaxxer.hikari.pool.HikariPool        : HikariPool-1 - Added connection com.mysql.cj.jdbc.ConnectionImpl@2d759fd6
2025-04-11T10:57:08.426-03:00  INFO 26504 --- [backGrupo3ViMa] [restartedMain] com.zaxxer.hikari.HikariDataSource       : HikariPool-1 - Start completed.
2025-04-11T10:57:08.485-03:00  INFO 26504 --- [backGrupo3ViMa] [restartedMain] org.hibernate.orm.connections.pooling    : HHH10001005: Database info:
	Database JDBC URL [Connecting through datasource 'HikariDataSource (HikariPool-1)']
	Database driver: undefined/unknown
	Database version: 8.0.39
	Autocommit mode: undefined/unknown
	Isolation level: undefined/unknown
	Minimum pool size: undefined/unknown
	Maximum pool size: undefined/unknown
2025-04-11T10:57:08.736-03:00  INFO 26504 --- [backGrupo3ViMa] [restartedMain] o.h.e.t.j.p.i.JtaPlatformInitiator       : HHH000489: No JTA platform available (set 'hibernate.transaction.jta.platform' to enable JTA platform integration)
2025-04-11T10:57:08.741-03:00  INFO 26504 --- [backGrupo3ViMa] [restartedMain] j.LocalContainerEntityManagerFactoryBean : Initialized JPA EntityManagerFactory for persistence unit 'default'
2025-04-11T10:57:08.889-03:00 DEBUG 26504 --- [backGrupo3ViMa] [restartedMain] s.w.s.m.m.a.RequestMappingHandlerMapping : 2 mappings in 'requestMappingHandlerMapping'
2025-04-11T10:57:09.007-03:00 DEBUG 26504 --- [backGrupo3ViMa] [restartedMain] o.s.w.s.handler.SimpleUrlHandlerMapping  : Patterns [/webjars/**, /**] in 'resourceHandlerMapping'
2025-04-11T10:57:09.043-03:00 DEBUG 26504 --- [backGrupo3ViMa] [restartedMain] s.w.s.m.m.a.RequestMappingHandlerAdapter : ControllerAdvice beans: 0 @ModelAttribute, 0 @InitBinder, 1 RequestBodyAdvice, 1 ResponseBodyAdvice
2025-04-11T10:57:09.087-03:00 DEBUG 26504 --- [backGrupo3ViMa] [restartedMain] .m.m.a.ExceptionHandlerExceptionResolver : ControllerAdvice beans: 0 @ExceptionHandler, 1 ResponseBodyAdvice
2025-04-11T10:57:09.501-03:00  INFO 26504 --- [backGrupo3ViMa] [restartedMain] o.s.b.d.a.OptionalLiveReloadServer       : LiveReload server is running on port 35729
2025-04-11T10:57:09.510-03:00  INFO 26504 --- [backGrupo3ViMa] [restartedMain] o.s.b.a.e.web.EndpointLinksResolver      : Exposing 1 endpoint beneath base path '/actuator'
2025-04-11T10:57:09.584-03:00  INFO 26504 --- [backGrupo3ViMa] [restartedMain] o.s.b.w.embedded.tomcat.TomcatWebServer  : Tomcat started on port 4002 (http) with context path '/'
2025-04-11T10:57:09.594-03:00  INFO 26504 --- [backGrupo3ViMa] [restartedMain] o.e.b.BackGrupo3ViMaApplication          : Started BackGrupo3ViMaApplication in 3.723 seconds (process running for 4.261)
2025-04-11T10:57:10.012-03:00  INFO 26504 --- [backGrupo3ViMa] [RMI TCP Connection(1)-192.168.234.1] o.a.c.c.C.[Tomcat].[localhost].[/]       : Initializing Spring DispatcherServlet 'dispatcherServlet'
2025-04-11T10:57:10.013-03:00  INFO 26504 --- [backGrupo3ViMa] [RMI TCP Connection(1)-192.168.234.1] o.s.web.servlet.DispatcherServlet        : Initializing Servlet 'dispatcherServlet'
2025-04-11T10:57:10.013-03:00 DEBUG 26504 --- [backGrupo3ViMa] [RMI TCP Connection(1)-192.168.234.1] o.s.web.servlet.DispatcherServlet        : Detected StandardServletMultipartResolver
2025-04-11T10:57:10.013-03:00 DEBUG 26504 --- [backGrupo3ViMa] [RMI TCP Connection(1)-192.168.234.1] o.s.web.servlet.DispatcherServlet        : Detected AcceptHeaderLocaleResolver
2025-04-11T10:57:10.013-03:00 DEBUG 26504 --- [backGrupo3ViMa] [RMI TCP Connection(1)-192.168.234.1] o.s.web.servlet.DispatcherServlet        : Detected FixedThemeResolver
2025-04-11T10:57:10.015-03:00 DEBUG 26504 --- [backGrupo3ViMa] [RMI TCP Connection(1)-192.168.234.1] o.s.web.servlet.DispatcherServlet        : Detected org.springframework.web.servlet.view.DefaultRequestToViewNameTranslator@2dbc395c
2025-04-11T10:57:10.015-03:00 DEBUG 26504 --- [backGrupo3ViMa] [RMI TCP Connection(1)-192.168.234.1] o.s.web.servlet.DispatcherServlet        : Detected org.springframework.web.servlet.support.SessionFlashMapManager@487903fe
2025-04-11T10:57:10.015-03:00 DEBUG 26504 --- [backGrupo3ViMa] [RMI TCP Connection(1)-192.168.234.1] o.s.web.servlet.DispatcherServlet        : enableLoggingRequestDetails='false': request parameters and headers will be masked to prevent unsafe logging of potentially sensitive data
2025-04-11T10:57:10.015-03:00  INFO 26504 --- [backGrupo3ViMa] [RMI TCP Connection(1)-192.168.234.1] o.s.web.servlet.DispatcherServlet        : Completed initialization in 2 ms
2025-04-11T11:00:58.759-03:00  INFO 24468 --- [backGrupo3ViMa] [restartedMain] o.e.b.BackGrupo3ViMaApplication          : Starting BackGrupo3ViMaApplication using Java 22.0.1 with PID 24468 (C:\Users\Enzo\Documents\GitHub\DesarrolloAPSI\backend\backGrupo4ViMa\target\classes started by Enzo in C:\Users\Enzo\Documents\GitHub\DesarrolloAPSI)
2025-04-11T11:00:58.760-03:00  INFO 24468 --- [backGrupo3ViMa] [restartedMain] o.e.b.BackGrupo3ViMaApplication          : No active profile set, falling back to 1 default profile: "default"
2025-04-11T11:00:58.797-03:00  INFO 24468 --- [backGrupo3ViMa] [restartedMain] .e.DevToolsPropertyDefaultsPostProcessor : Devtools property defaults active! Set 'spring.devtools.add-properties' to 'false' to disable
2025-04-11T11:00:58.798-03:00  INFO 24468 --- [backGrupo3ViMa] [restartedMain] .e.DevToolsPropertyDefaultsPostProcessor : For additional web related logging consider setting the 'logging.level.web' property to 'DEBUG'
2025-04-11T11:00:59.478-03:00  INFO 24468 --- [backGrupo3ViMa] [restartedMain] .s.d.r.c.RepositoryConfigurationDelegate : Bootstrapping Spring Data JPA repositories in DEFAULT mode.
2025-04-11T11:00:59.494-03:00  INFO 24468 --- [backGrupo3ViMa] [restartedMain] .s.d.r.c.RepositoryConfigurationDelegate : Finished Spring Data repository scanning in 9 ms. Found 0 JPA repository interfaces.
2025-04-11T11:01:00.061-03:00  INFO 24468 --- [backGrupo3ViMa] [restartedMain] o.s.b.w.embedded.tomcat.TomcatWebServer  : Tomcat initialized with port 4002 (http)
2025-04-11T11:01:00.073-03:00  INFO 24468 --- [backGrupo3ViMa] [restartedMain] o.apache.catalina.core.StandardService   : Starting service [Tomcat]
2025-04-11T11:01:00.073-03:00  INFO 24468 --- [backGrupo3ViMa] [restartedMain] o.apache.catalina.core.StandardEngine    : Starting Servlet engine: [Apache Tomcat/10.1.36]
2025-04-11T11:01:00.114-03:00  INFO 24468 --- [backGrupo3ViMa] [restartedMain] o.a.c.c.C.[Tomcat].[localhost].[/]       : Initializing Spring embedded WebApplicationContext
2025-04-11T11:01:00.114-03:00  INFO 24468 --- [backGrupo3ViMa] [restartedMain] w.s.c.ServletWebServerApplicationContext : Root WebApplicationContext: initialization completed in 1316 ms
2025-04-11T11:01:00.253-03:00 DEBUG 24468 --- [backGrupo3ViMa] [restartedMain] o.s.w.f.ServerHttpObservationFilter      : Filter 'webMvcObservationFilter' configured for use
2025-04-11T11:01:00.369-03:00  INFO 24468 --- [backGrupo3ViMa] [restartedMain] o.hibernate.jpa.internal.util.LogHelper  : HHH000204: Processing PersistenceUnitInfo [name: default]
2025-04-11T11:01:00.411-03:00  INFO 24468 --- [backGrupo3ViMa] [restartedMain] org.hibernate.Version                    : HHH000412: Hibernate ORM core version 6.6.8.Final
2025-04-11T11:01:00.439-03:00  INFO 24468 --- [backGrupo3ViMa] [restartedMain] o.h.c.internal.RegionFactoryInitiator    : HHH000026: Second-level cache disabled
2025-04-11T11:01:00.647-03:00  INFO 24468 --- [backGrupo3ViMa] [restartedMain] o.s.o.j.p.SpringPersistenceUnitInfo      : No LoadTimeWeaver setup: ignoring JPA class transformer
2025-04-11T11:01:00.675-03:00  INFO 24468 --- [backGrupo3ViMa] [restartedMain] com.zaxxer.hikari.HikariDataSource       : HikariPool-1 - Starting...
2025-04-11T11:01:00.898-03:00  INFO 24468 --- [backGrupo3ViMa] [restartedMain] com.zaxxer.hikari.pool.HikariPool        : HikariPool-1 - Added connection com.mysql.cj.jdbc.ConnectionImpl@2d759fd6
2025-04-11T11:01:00.899-03:00  INFO 24468 --- [backGrupo3ViMa] [restartedMain] com.zaxxer.hikari.HikariDataSource       : HikariPool-1 - Start completed.
2025-04-11T11:01:00.960-03:00  INFO 24468 --- [backGrupo3ViMa] [restartedMain] org.hibernate.orm.connections.pooling    : HHH10001005: Database info:
	Database JDBC URL [Connecting through datasource 'HikariDataSource (HikariPool-1)']
	Database driver: undefined/unknown
	Database version: 8.0.39
	Autocommit mode: undefined/unknown
	Isolation level: undefined/unknown
	Minimum pool size: undefined/unknown
	Maximum pool size: undefined/unknown
2025-04-11T11:01:01.217-03:00  INFO 24468 --- [backGrupo3ViMa] [restartedMain] o.h.e.t.j.p.i.JtaPlatformInitiator       : HHH000489: No JTA platform available (set 'hibernate.transaction.jta.platform' to enable JTA platform integration)
2025-04-11T11:01:01.222-03:00  INFO 24468 --- [backGrupo3ViMa] [restartedMain] j.LocalContainerEntityManagerFactoryBean : Initialized JPA EntityManagerFactory for persistence unit 'default'
2025-04-11T11:01:01.388-03:00 DEBUG 24468 --- [backGrupo3ViMa] [restartedMain] s.w.s.m.m.a.RequestMappingHandlerMapping : 2 mappings in 'requestMappingHandlerMapping'
2025-04-11T11:01:01.504-03:00 DEBUG 24468 --- [backGrupo3ViMa] [restartedMain] o.s.w.s.handler.SimpleUrlHandlerMapping  : Patterns [/webjars/**, /**] in 'resourceHandlerMapping'
2025-04-11T11:01:01.540-03:00 DEBUG 24468 --- [backGrupo3ViMa] [restartedMain] s.w.s.m.m.a.RequestMappingHandlerAdapter : ControllerAdvice beans: 0 @ModelAttribute, 0 @InitBinder, 1 RequestBodyAdvice, 1 ResponseBodyAdvice
2025-04-11T11:01:01.581-03:00 DEBUG 24468 --- [backGrupo3ViMa] [restartedMain] .m.m.a.ExceptionHandlerExceptionResolver : ControllerAdvice beans: 0 @ExceptionHandler, 1 ResponseBodyAdvice
2025-04-11T11:01:01.978-03:00  INFO 24468 --- [backGrupo3ViMa] [restartedMain] o.s.b.d.a.OptionalLiveReloadServer       : LiveReload server is running on port 35729
2025-04-11T11:01:01.987-03:00  INFO 24468 --- [backGrupo3ViMa] [restartedMain] o.s.b.a.e.web.EndpointLinksResolver      : Exposing 1 endpoint beneath base path '/actuator'
2025-04-11T11:01:02.060-03:00  INFO 24468 --- [backGrupo3ViMa] [restartedMain] o.s.b.w.embedded.tomcat.TomcatWebServer  : Tomcat started on port 4002 (http) with context path '/'
2025-04-11T11:01:02.070-03:00  INFO 24468 --- [backGrupo3ViMa] [restartedMain] o.e.b.BackGrupo3ViMaApplication          : Started BackGrupo3ViMaApplication in 3.682 seconds (process running for 4.268)
2025-04-11T11:01:02.512-03:00  INFO 24468 --- [backGrupo3ViMa] [RMI TCP Connection(3)-192.168.234.1] o.a.c.c.C.[Tomcat].[localhost].[/]       : Initializing Spring DispatcherServlet 'dispatcherServlet'
2025-04-11T11:01:02.513-03:00  INFO 24468 --- [backGrupo3ViMa] [RMI TCP Connection(3)-192.168.234.1] o.s.web.servlet.DispatcherServlet        : Initializing Servlet 'dispatcherServlet'
2025-04-11T11:01:02.513-03:00 DEBUG 24468 --- [backGrupo3ViMa] [RMI TCP Connection(3)-192.168.234.1] o.s.web.servlet.DispatcherServlet        : Detected StandardServletMultipartResolver
2025-04-11T11:01:02.513-03:00 DEBUG 24468 --- [backGrupo3ViMa] [RMI TCP Connection(3)-192.168.234.1] o.s.web.servlet.DispatcherServlet        : Detected AcceptHeaderLocaleResolver
2025-04-11T11:01:02.513-03:00 DEBUG 24468 --- [backGrupo3ViMa] [RMI TCP Connection(3)-192.168.234.1] o.s.web.servlet.DispatcherServlet        : Detected FixedThemeResolver
2025-04-11T11:01:02.514-03:00 DEBUG 24468 --- [backGrupo3ViMa] [RMI TCP Connection(3)-192.168.234.1] o.s.web.servlet.DispatcherServlet        : Detected org.springframework.web.servlet.view.DefaultRequestToViewNameTranslator@29489303
2025-04-11T11:01:02.514-03:00 DEBUG 24468 --- [backGrupo3ViMa] [RMI TCP Connection(3)-192.168.234.1] o.s.web.servlet.DispatcherServlet        : Detected org.springframework.web.servlet.support.SessionFlashMapManager@6df01e5a
2025-04-11T11:01:02.514-03:00 DEBUG 24468 --- [backGrupo3ViMa] [RMI TCP Connection(3)-192.168.234.1] o.s.web.servlet.DispatcherServlet        : enableLoggingRequestDetails='false': request parameters and headers will be masked to prevent unsafe logging of potentially sensitive data
2025-04-11T11:01:02.514-03:00  INFO 24468 --- [backGrupo3ViMa] [RMI TCP Connection(3)-192.168.234.1] o.s.web.servlet.DispatcherServlet        : Completed initialization in 1 ms
2025-04-11T11:03:50.827-03:00  INFO 24468 --- [backGrupo3ViMa] [File Watcher] rtingClassPathChangeChangedEventListener : Restarting due to 1 class path change (0 additions, 0 deletions, 1 modification)
2025-04-11T11:03:50.830-03:00  INFO 24468 --- [backGrupo3ViMa] [Thread-5] o.s.b.w.e.tomcat.GracefulShutdown        : Commencing graceful shutdown. Waiting for active requests to complete
2025-04-11T11:03:50.836-03:00  INFO 24468 --- [backGrupo3ViMa] [tomcat-shutdown] o.s.b.w.e.tomcat.GracefulShutdown        : Graceful shutdown complete
2025-04-11T11:03:50.842-03:00  INFO 24468 --- [backGrupo3ViMa] [Thread-5] j.LocalContainerEntityManagerFactoryBean : Closing JPA EntityManagerFactory for persistence unit 'default'
2025-04-11T11:03:50.845-03:00  INFO 24468 --- [backGrupo3ViMa] [Thread-5] com.zaxxer.hikari.HikariDataSource       : HikariPool-1 - Shutdown initiated...
2025-04-11T11:03:50.854-03:00  INFO 24468 --- [backGrupo3ViMa] [Thread-5] com.zaxxer.hikari.HikariDataSource       : HikariPool-1 - Shutdown completed.
2025-04-11T11:03:50.940-03:00  INFO 24468 --- [backGrupo3ViMa] [restartedMain] o.e.b.BackGrupo3ViMaApplication          : Starting BackGrupo3ViMaApplication using Java 22.0.1 with PID 24468 (C:\Users\Enzo\Documents\GitHub\DesarrolloAPSI\backend\backGrupo4ViMa\target\classes started by Enzo in C:\Users\Enzo\Documents\GitHub\DesarrolloAPSI)
2025-04-11T11:03:50.941-03:00  INFO 24468 --- [backGrupo3ViMa] [restartedMain] o.e.b.BackGrupo3ViMaApplication          : No active profile set, falling back to 1 default profile: "default"
2025-04-11T11:03:51.155-03:00  INFO 24468 --- [backGrupo3ViMa] [restartedMain] .s.d.r.c.RepositoryConfigurationDelegate : Bootstrapping Spring Data JPA repositories in DEFAULT mode.
2025-04-11T11:03:51.157-03:00  INFO 24468 --- [backGrupo3ViMa] [restartedMain] .s.d.r.c.RepositoryConfigurationDelegate : Finished Spring Data repository scanning in 1 ms. Found 0 JPA repository interfaces.
2025-04-11T11:03:51.251-03:00  INFO 24468 --- [backGrupo3ViMa] [restartedMain] o.s.b.w.embedded.tomcat.TomcatWebServer  : Tomcat initialized with port 4002 (http)
2025-04-11T11:03:51.252-03:00  INFO 24468 --- [backGrupo3ViMa] [restartedMain] o.apache.catalina.core.StandardService   : Starting service [Tomcat]
2025-04-11T11:03:51.252-03:00  INFO 24468 --- [backGrupo3ViMa] [restartedMain] o.apache.catalina.core.StandardEngine    : Starting Servlet engine: [Apache Tomcat/10.1.36]
2025-04-11T11:03:51.269-03:00  INFO 24468 --- [backGrupo3ViMa] [restartedMain] o.a.c.c.C.[Tomcat].[localhost].[/]       : Initializing Spring embedded WebApplicationContext
2025-04-11T11:03:51.270-03:00  INFO 24468 --- [backGrupo3ViMa] [restartedMain] w.s.c.ServletWebServerApplicationContext : Root WebApplicationContext: initialization completed in 327 ms
2025-04-11T11:03:51.319-03:00 DEBUG 24468 --- [backGrupo3ViMa] [restartedMain] o.s.w.f.ServerHttpObservationFilter      : Filter 'webMvcObservationFilter' configured for use
2025-04-11T11:03:51.348-03:00  INFO 24468 --- [backGrupo3ViMa] [restartedMain] o.hibernate.jpa.internal.util.LogHelper  : HHH000204: Processing PersistenceUnitInfo [name: default]
2025-04-11T11:03:51.350-03:00  INFO 24468 --- [backGrupo3ViMa] [restartedMain] o.h.c.internal.RegionFactoryInitiator    : HHH000026: Second-level cache disabled
2025-04-11T11:03:51.357-03:00  INFO 24468 --- [backGrupo3ViMa] [restartedMain] o.s.o.j.p.SpringPersistenceUnitInfo      : No LoadTimeWeaver setup: ignoring JPA class transformer
2025-04-11T11:03:51.358-03:00  INFO 24468 --- [backGrupo3ViMa] [restartedMain] com.zaxxer.hikari.HikariDataSource       : HikariPool-2 - Starting...
2025-04-11T11:03:51.372-03:00  INFO 24468 --- [backGrupo3ViMa] [restartedMain] com.zaxxer.hikari.pool.HikariPool        : HikariPool-2 - Added connection com.mysql.cj.jdbc.ConnectionImpl@2aaea7c5
2025-04-11T11:03:51.372-03:00  INFO 24468 --- [backGrupo3ViMa] [restartedMain] com.zaxxer.hikari.HikariDataSource       : HikariPool-2 - Start completed.
2025-04-11T11:03:51.374-03:00  INFO 24468 --- [backGrupo3ViMa] [restartedMain] org.hibernate.orm.connections.pooling    : HHH10001005: Database info:
	Database JDBC URL [Connecting through datasource 'HikariDataSource (HikariPool-2)']
	Database driver: undefined/unknown
	Database version: 8.0.39
	Autocommit mode: undefined/unknown
	Isolation level: undefined/unknown
	Minimum pool size: undefined/unknown
	Maximum pool size: undefined/unknown
2025-04-11T11:03:51.388-03:00  INFO 24468 --- [backGrupo3ViMa] [restartedMain] o.h.e.t.j.p.i.JtaPlatformInitiator       : HHH000489: No JTA platform available (set 'hibernate.transaction.jta.platform' to enable JTA platform integration)
2025-04-11T11:03:51.388-03:00  INFO 24468 --- [backGrupo3ViMa] [restartedMain] j.LocalContainerEntityManagerFactoryBean : Initialized JPA EntityManagerFactory for persistence unit 'default'
2025-04-11T11:03:51.445-03:00 DEBUG 24468 --- [backGrupo3ViMa] [restartedMain] s.w.s.m.m.a.RequestMappingHandlerMapping : 2 mappings in 'requestMappingHandlerMapping'
2025-04-11T11:03:51.503-03:00 DEBUG 24468 --- [backGrupo3ViMa] [restartedMain] o.s.w.s.handler.SimpleUrlHandlerMapping  : Patterns [/webjars/**, /**] in 'resourceHandlerMapping'
2025-04-11T11:03:51.517-03:00 DEBUG 24468 --- [backGrupo3ViMa] [restartedMain] s.w.s.m.m.a.RequestMappingHandlerAdapter : ControllerAdvice beans: 0 @ModelAttribute, 0 @InitBinder, 1 RequestBodyAdvice, 1 ResponseBodyAdvice
2025-04-11T11:03:51.531-03:00 DEBUG 24468 --- [backGrupo3ViMa] [restartedMain] .m.m.a.ExceptionHandlerExceptionResolver : ControllerAdvice beans: 0 @ExceptionHandler, 1 ResponseBodyAdvice
2025-04-11T11:03:51.738-03:00  INFO 24468 --- [backGrupo3ViMa] [restartedMain] o.s.b.d.a.OptionalLiveReloadServer       : LiveReload server is running on port 35729
2025-04-11T11:03:51.745-03:00  INFO 24468 --- [backGrupo3ViMa] [restartedMain] o.s.b.a.e.web.EndpointLinksResolver      : Exposing 1 endpoint beneath base path '/actuator'
2025-04-11T11:03:51.769-03:00  INFO 24468 --- [backGrupo3ViMa] [restartedMain] o.s.b.w.embedded.tomcat.TomcatWebServer  : Tomcat started on port 4002 (http) with context path '/'
2025-04-11T11:03:51.774-03:00  INFO 24468 --- [backGrupo3ViMa] [restartedMain] o.e.b.BackGrupo3ViMaApplication          : Started BackGrupo3ViMaApplication in 0.86 seconds (process running for 173.972)
2025-04-11T11:03:51.776-03:00  INFO 24468 --- [backGrupo3ViMa] [restartedMain] .ConditionEvaluationDeltaLoggingListener : Condition evaluation unchanged
2025-04-11T11:04:06.885-03:00  INFO 19272 --- [backGrupo3ViMa] [restartedMain] o.e.b.BackGrupo3ViMaApplication          : Starting BackGrupo3ViMaApplication using Java 22.0.1 with PID 19272 (C:\Users\Enzo\Documents\GitHub\DesarrolloAPSI\backend\backGrupo4ViMa\target\classes started by Enzo in C:\Users\Enzo\Documents\GitHub\DesarrolloAPSI)
2025-04-11T11:04:06.887-03:00  INFO 19272 --- [backGrupo3ViMa] [restartedMain] o.e.b.BackGrupo3ViMaApplication          : No active profile set, falling back to 1 default profile: "default"
2025-04-11T11:04:06.931-03:00  INFO 19272 --- [backGrupo3ViMa] [restartedMain] .e.DevToolsPropertyDefaultsPostProcessor : Devtools property defaults active! Set 'spring.devtools.add-properties' to 'false' to disable
2025-04-11T11:04:06.931-03:00  INFO 19272 --- [backGrupo3ViMa] [restartedMain] .e.DevToolsPropertyDefaultsPostProcessor : For additional web related logging consider setting the 'logging.level.web' property to 'DEBUG'
2025-04-11T11:04:07.618-03:00  INFO 19272 --- [backGrupo3ViMa] [restartedMain] .s.d.r.c.RepositoryConfigurationDelegate : Bootstrapping Spring Data JPA repositories in DEFAULT mode.
2025-04-11T11:04:07.635-03:00  INFO 19272 --- [backGrupo3ViMa] [restartedMain] .s.d.r.c.RepositoryConfigurationDelegate : Finished Spring Data repository scanning in 9 ms. Found 0 JPA repository interfaces.
2025-04-11T11:04:08.182-03:00  INFO 19272 --- [backGrupo3ViMa] [restartedMain] o.s.b.w.embedded.tomcat.TomcatWebServer  : Tomcat initialized with port 4002 (http)
2025-04-11T11:04:08.193-03:00  INFO 19272 --- [backGrupo3ViMa] [restartedMain] o.apache.catalina.core.StandardService   : Starting service [Tomcat]
2025-04-11T11:04:08.193-03:00  INFO 19272 --- [backGrupo3ViMa] [restartedMain] o.apache.catalina.core.StandardEngine    : Starting Servlet engine: [Apache Tomcat/10.1.36]
2025-04-11T11:04:08.232-03:00  INFO 19272 --- [backGrupo3ViMa] [restartedMain] o.a.c.c.C.[Tomcat].[localhost].[/]       : Initializing Spring embedded WebApplicationContext
2025-04-11T11:04:08.233-03:00  INFO 19272 --- [backGrupo3ViMa] [restartedMain] w.s.c.ServletWebServerApplicationContext : Root WebApplicationContext: initialization completed in 1301 ms
2025-04-11T11:04:08.369-03:00 DEBUG 19272 --- [backGrupo3ViMa] [restartedMain] o.s.w.f.ServerHttpObservationFilter      : Filter 'webMvcObservationFilter' configured for use
2025-04-11T11:04:08.472-03:00  INFO 19272 --- [backGrupo3ViMa] [restartedMain] o.hibernate.jpa.internal.util.LogHelper  : HHH000204: Processing PersistenceUnitInfo [name: default]
2025-04-11T11:04:08.519-03:00  INFO 19272 --- [backGrupo3ViMa] [restartedMain] org.hibernate.Version                    : HHH000412: Hibernate ORM core version 6.6.8.Final
2025-04-11T11:04:08.546-03:00  INFO 19272 --- [backGrupo3ViMa] [restartedMain] o.h.c.internal.RegionFactoryInitiator    : HHH000026: Second-level cache disabled
2025-04-11T11:04:08.753-03:00  INFO 19272 --- [backGrupo3ViMa] [restartedMain] o.s.o.j.p.SpringPersistenceUnitInfo      : No LoadTimeWeaver setup: ignoring JPA class transformer
2025-04-11T11:04:08.778-03:00  INFO 19272 --- [backGrupo3ViMa] [restartedMain] com.zaxxer.hikari.HikariDataSource       : HikariPool-1 - Starting...
2025-04-11T11:04:08.996-03:00  INFO 19272 --- [backGrupo3ViMa] [restartedMain] com.zaxxer.hikari.pool.HikariPool        : HikariPool-1 - Added connection com.mysql.cj.jdbc.ConnectionImpl@2eb94b4c
2025-04-11T11:04:08.997-03:00  INFO 19272 --- [backGrupo3ViMa] [restartedMain] com.zaxxer.hikari.HikariDataSource       : HikariPool-1 - Start completed.
2025-04-11T11:04:09.057-03:00  INFO 19272 --- [backGrupo3ViMa] [restartedMain] org.hibernate.orm.connections.pooling    : HHH10001005: Database info:
	Database JDBC URL [Connecting through datasource 'HikariDataSource (HikariPool-1)']
	Database driver: undefined/unknown
	Database version: 8.0.39
	Autocommit mode: undefined/unknown
	Isolation level: undefined/unknown
	Minimum pool size: undefined/unknown
	Maximum pool size: undefined/unknown
2025-04-11T11:04:09.300-03:00  INFO 19272 --- [backGrupo3ViMa] [restartedMain] o.h.e.t.j.p.i.JtaPlatformInitiator       : HHH000489: No JTA platform available (set 'hibernate.transaction.jta.platform' to enable JTA platform integration)
2025-04-11T11:04:09.305-03:00  INFO 19272 --- [backGrupo3ViMa] [restartedMain] j.LocalContainerEntityManagerFactoryBean : Initialized JPA EntityManagerFactory for persistence unit 'default'
2025-04-11T11:04:09.443-03:00 DEBUG 19272 --- [backGrupo3ViMa] [restartedMain] s.w.s.m.m.a.RequestMappingHandlerMapping : 2 mappings in 'requestMappingHandlerMapping'
2025-04-11T11:04:09.549-03:00 DEBUG 19272 --- [backGrupo3ViMa] [restartedMain] o.s.w.s.handler.SimpleUrlHandlerMapping  : Patterns [/webjars/**, /**] in 'resourceHandlerMapping'
2025-04-11T11:04:09.584-03:00 DEBUG 19272 --- [backGrupo3ViMa] [restartedMain] s.w.s.m.m.a.RequestMappingHandlerAdapter : ControllerAdvice beans: 0 @ModelAttribute, 0 @InitBinder, 1 RequestBodyAdvice, 1 ResponseBodyAdvice
2025-04-11T11:04:09.626-03:00 DEBUG 19272 --- [backGrupo3ViMa] [restartedMain] .m.m.a.ExceptionHandlerExceptionResolver : ControllerAdvice beans: 0 @ExceptionHandler, 1 ResponseBodyAdvice
2025-04-11T11:04:10.039-03:00  INFO 19272 --- [backGrupo3ViMa] [restartedMain] o.s.b.d.a.OptionalLiveReloadServer       : LiveReload server is running on port 35729
2025-04-11T11:04:10.048-03:00  INFO 19272 --- [backGrupo3ViMa] [restartedMain] o.s.b.a.e.web.EndpointLinksResolver      : Exposing 1 endpoint beneath base path '/actuator'
2025-04-11T11:04:10.124-03:00  INFO 19272 --- [backGrupo3ViMa] [restartedMain] o.s.b.w.embedded.tomcat.TomcatWebServer  : Tomcat started on port 4002 (http) with context path '/'
2025-04-11T11:04:10.134-03:00  INFO 19272 --- [backGrupo3ViMa] [restartedMain] o.e.b.BackGrupo3ViMaApplication          : Started BackGrupo3ViMaApplication in 3.626 seconds (process running for 4.167)
2025-04-11T11:04:10.667-03:00  INFO 19272 --- [backGrupo3ViMa] [RMI TCP Connection(4)-192.168.234.1] o.a.c.c.C.[Tomcat].[localhost].[/]       : Initializing Spring DispatcherServlet 'dispatcherServlet'
2025-04-11T11:04:10.667-03:00  INFO 19272 --- [backGrupo3ViMa] [RMI TCP Connection(4)-192.168.234.1] o.s.web.servlet.DispatcherServlet        : Initializing Servlet 'dispatcherServlet'
2025-04-11T11:04:10.668-03:00 DEBUG 19272 --- [backGrupo3ViMa] [RMI TCP Connection(4)-192.168.234.1] o.s.web.servlet.DispatcherServlet        : Detected StandardServletMultipartResolver
2025-04-11T11:04:10.668-03:00 DEBUG 19272 --- [backGrupo3ViMa] [RMI TCP Connection(4)-192.168.234.1] o.s.web.servlet.DispatcherServlet        : Detected AcceptHeaderLocaleResolver
2025-04-11T11:04:10.668-03:00 DEBUG 19272 --- [backGrupo3ViMa] [RMI TCP Connection(4)-192.168.234.1] o.s.web.servlet.DispatcherServlet        : Detected FixedThemeResolver
2025-04-11T11:04:10.668-03:00 DEBUG 19272 --- [backGrupo3ViMa] [RMI TCP Connection(4)-192.168.234.1] o.s.web.servlet.DispatcherServlet        : Detected org.springframework.web.servlet.view.DefaultRequestToViewNameTranslator@6b41b7c2
2025-04-11T11:04:10.668-03:00 DEBUG 19272 --- [backGrupo3ViMa] [RMI TCP Connection(4)-192.168.234.1] o.s.web.servlet.DispatcherServlet        : Detected org.springframework.web.servlet.support.SessionFlashMapManager@29a7a242
2025-04-11T11:04:10.668-03:00 DEBUG 19272 --- [backGrupo3ViMa] [RMI TCP Connection(4)-192.168.234.1] o.s.web.servlet.DispatcherServlet        : enableLoggingRequestDetails='false': request parameters and headers will be masked to prevent unsafe logging of potentially sensitive data
2025-04-11T11:04:10.668-03:00  INFO 19272 --- [backGrupo3ViMa] [RMI TCP Connection(4)-192.168.234.1] o.s.web.servlet.DispatcherServlet        : Completed initialization in 1 ms
2025-04-11T11:08:55.445-03:00  INFO 26736 --- [backGrupo3ViMa] [restartedMain] o.e.b.BackGrupo3ViMaApplication          : Starting BackGrupo3ViMaApplication using Java 22.0.1 with PID 26736 (C:\Users\Enzo\Documents\GitHub\DesarrolloAPSI\backend\backGrupo4ViMa\target\classes started by Enzo in C:\Users\Enzo\Documents\GitHub\DesarrolloAPSI)
2025-04-11T11:08:55.447-03:00  INFO 26736 --- [backGrupo3ViMa] [restartedMain] o.e.b.BackGrupo3ViMaApplication          : No active profile set, falling back to 1 default profile: "default"
2025-04-11T11:08:55.485-03:00  INFO 26736 --- [backGrupo3ViMa] [restartedMain] .e.DevToolsPropertyDefaultsPostProcessor : Devtools property defaults active! Set 'spring.devtools.add-properties' to 'false' to disable
2025-04-11T11:08:55.485-03:00  INFO 26736 --- [backGrupo3ViMa] [restartedMain] .e.DevToolsPropertyDefaultsPostProcessor : For additional web related logging consider setting the 'logging.level.web' property to 'DEBUG'
2025-04-11T11:08:56.266-03:00  INFO 26736 --- [backGrupo3ViMa] [restartedMain] .s.d.r.c.RepositoryConfigurationDelegate : Bootstrapping Spring Data JPA repositories in DEFAULT mode.
2025-04-11T11:08:56.341-03:00  INFO 26736 --- [backGrupo3ViMa] [restartedMain] .s.d.r.c.RepositoryConfigurationDelegate : Finished Spring Data repository scanning in 67 ms. Found 5 JPA repository interfaces.
2025-04-11T11:08:56.970-03:00  INFO 26736 --- [backGrupo3ViMa] [restartedMain] o.s.b.w.embedded.tomcat.TomcatWebServer  : Tomcat initialized with port 4002 (http)
2025-04-11T11:08:56.983-03:00  INFO 26736 --- [backGrupo3ViMa] [restartedMain] o.apache.catalina.core.StandardService   : Starting service [Tomcat]
2025-04-11T11:08:56.983-03:00  INFO 26736 --- [backGrupo3ViMa] [restartedMain] o.apache.catalina.core.StandardEngine    : Starting Servlet engine: [Apache Tomcat/10.1.36]
2025-04-11T11:08:57.028-03:00  INFO 26736 --- [backGrupo3ViMa] [restartedMain] o.a.c.c.C.[Tomcat].[localhost].[/]       : Initializing Spring embedded WebApplicationContext
2025-04-11T11:08:57.029-03:00  INFO 26736 --- [backGrupo3ViMa] [restartedMain] w.s.c.ServletWebServerApplicationContext : Root WebApplicationContext: initialization completed in 1543 ms
2025-04-11T11:08:57.186-03:00 DEBUG 26736 --- [backGrupo3ViMa] [restartedMain] o.s.w.f.ServerHttpObservationFilter      : Filter 'webMvcObservationFilter' configured for use
2025-04-11T11:08:57.315-03:00  INFO 26736 --- [backGrupo3ViMa] [restartedMain] o.hibernate.jpa.internal.util.LogHelper  : HHH000204: Processing PersistenceUnitInfo [name: default]
2025-04-11T11:08:57.374-03:00  INFO 26736 --- [backGrupo3ViMa] [restartedMain] org.hibernate.Version                    : HHH000412: Hibernate ORM core version 6.6.8.Final
2025-04-11T11:08:57.410-03:00  INFO 26736 --- [backGrupo3ViMa] [restartedMain] o.h.c.internal.RegionFactoryInitiator    : HHH000026: Second-level cache disabled
2025-04-11T11:08:57.650-03:00  INFO 26736 --- [backGrupo3ViMa] [restartedMain] o.s.o.j.p.SpringPersistenceUnitInfo      : No LoadTimeWeaver setup: ignoring JPA class transformer
2025-04-11T11:08:57.679-03:00  INFO 26736 --- [backGrupo3ViMa] [restartedMain] com.zaxxer.hikari.HikariDataSource       : HikariPool-1 - Starting...
2025-04-11T11:08:57.983-03:00  INFO 26736 --- [backGrupo3ViMa] [restartedMain] com.zaxxer.hikari.pool.HikariPool        : HikariPool-1 - Added connection com.mysql.cj.jdbc.ConnectionImpl@60c88430
2025-04-11T11:08:57.985-03:00  INFO 26736 --- [backGrupo3ViMa] [restartedMain] com.zaxxer.hikari.HikariDataSource       : HikariPool-1 - Start completed.
2025-04-11T11:08:58.052-03:00  INFO 26736 --- [backGrupo3ViMa] [restartedMain] org.hibernate.orm.connections.pooling    : HHH10001005: Database info:
	Database JDBC URL [Connecting through datasource 'HikariDataSource (HikariPool-1)']
	Database driver: undefined/unknown
	Database version: 8.0.39
	Autocommit mode: undefined/unknown
	Isolation level: undefined/unknown
	Minimum pool size: undefined/unknown
	Maximum pool size: undefined/unknown
2025-04-11T11:08:58.237-03:00 ERROR 26736 --- [backGrupo3ViMa] [restartedMain] j.LocalContainerEntityManagerFactoryBean : Failed to initialize JPA EntityManagerFactory: Table [tokens_entity] contains physical column name [id_usuario] referred to by multiple logical column names: [id_usuario], [idUsuario]
2025-04-11T11:08:58.237-03:00  WARN 26736 --- [backGrupo3ViMa] [restartedMain] ConfigServletWebServerApplicationContext : Exception encountered during context initialization - cancelling refresh attempt: org.springframework.beans.factory.BeanCreationException: Error creating bean with name 'entityManagerFactory' defined in class path resource [org/springframework/boot/autoconfigure/orm/jpa/HibernateJpaConfiguration.class]: Table [tokens_entity] contains physical column name [id_usuario] referred to by multiple logical column names: [id_usuario], [idUsuario]
2025-04-11T11:08:58.238-03:00  INFO 26736 --- [backGrupo3ViMa] [restartedMain] com.zaxxer.hikari.HikariDataSource       : HikariPool-1 - Shutdown initiated...
2025-04-11T11:08:58.278-03:00  INFO 26736 --- [backGrupo3ViMa] [restartedMain] com.zaxxer.hikari.HikariDataSource       : HikariPool-1 - Shutdown completed.
2025-04-11T11:08:58.280-03:00  INFO 26736 --- [backGrupo3ViMa] [restartedMain] o.apache.catalina.core.StandardService   : Stopping service [Tomcat]
2025-04-11T11:08:58.292-03:00  INFO 26736 --- [backGrupo3ViMa] [restartedMain] .s.b.a.l.ConditionEvaluationReportLogger : 

Error starting ApplicationContext. To display the condition evaluation report re-run your application with 'debug' enabled.
2025-04-11T11:08:58.311-03:00 ERROR 26736 --- [backGrupo3ViMa] [restartedMain] o.s.boot.SpringApplication               : Application run failed

org.springframework.beans.factory.BeanCreationException: Error creating bean with name 'entityManagerFactory' defined in class path resource [org/springframework/boot/autoconfigure/orm/jpa/HibernateJpaConfiguration.class]: Table [tokens_entity] contains physical column name [id_usuario] referred to by multiple logical column names: [id_usuario], [idUsuario]
	at org.springframework.beans.factory.support.AbstractAutowireCapableBeanFactory.initializeBean(AbstractAutowireCapableBeanFactory.java:1812) ~[spring-beans-6.2.3.jar:6.2.3]
	at org.springframework.beans.factory.support.AbstractAutowireCapableBeanFactory.doCreateBean(AbstractAutowireCapableBeanFactory.java:601) ~[spring-beans-6.2.3.jar:6.2.3]
	at org.springframework.beans.factory.support.AbstractAutowireCapableBeanFactory.createBean(AbstractAutowireCapableBeanFactory.java:523) ~[spring-beans-6.2.3.jar:6.2.3]
	at org.springframework.beans.factory.support.AbstractBeanFactory.lambda$doGetBean$0(AbstractBeanFactory.java:339) ~[spring-beans-6.2.3.jar:6.2.3]
	at org.springframework.beans.factory.support.DefaultSingletonBeanRegistry.getSingleton(DefaultSingletonBeanRegistry.java:346) ~[spring-beans-6.2.3.jar:6.2.3]
	at org.springframework.beans.factory.support.AbstractBeanFactory.doGetBean(AbstractBeanFactory.java:337) ~[spring-beans-6.2.3.jar:6.2.3]
	at org.springframework.beans.factory.support.AbstractBeanFactory.getBean(AbstractBeanFactory.java:207) ~[spring-beans-6.2.3.jar:6.2.3]
	at org.springframework.context.support.AbstractApplicationContext.finishBeanFactoryInitialization(AbstractApplicationContext.java:970) ~[spring-context-6.2.3.jar:6.2.3]
	at org.springframework.context.support.AbstractApplicationContext.refresh(AbstractApplicationContext.java:627) ~[spring-context-6.2.3.jar:6.2.3]
	at org.springframework.boot.web.servlet.context.ServletWebServerApplicationContext.refresh(ServletWebServerApplicationContext.java:146) ~[spring-boot-3.4.3.jar:3.4.3]
	at org.springframework.boot.SpringApplication.refresh(SpringApplication.java:752) ~[spring-boot-3.4.3.jar:3.4.3]
	at org.springframework.boot.SpringApplication.refreshContext(SpringApplication.java:439) ~[spring-boot-3.4.3.jar:3.4.3]
	at org.springframework.boot.SpringApplication.run(SpringApplication.java:318) ~[spring-boot-3.4.3.jar:3.4.3]
	at org.springframework.boot.SpringApplication.run(SpringApplication.java:1361) ~[spring-boot-3.4.3.jar:3.4.3]
	at org.springframework.boot.SpringApplication.run(SpringApplication.java:1350) ~[spring-boot-3.4.3.jar:3.4.3]
	at org.example.backgrupo3vima.BackGrupo3ViMaApplication.main(BackGrupo3ViMaApplication.java:13) ~[classes/:na]
	at java.base/jdk.internal.reflect.DirectMethodHandleAccessor.invoke(DirectMethodHandleAccessor.java:103) ~[na:na]
	at java.base/java.lang.reflect.Method.invoke(Method.java:580) ~[na:na]
	at org.springframework.boot.devtools.restart.RestartLauncher.run(RestartLauncher.java:50) ~[spring-boot-devtools-3.4.3.jar:3.4.3]
Caused by: org.hibernate.DuplicateMappingException: Table [tokens_entity] contains physical column name [id_usuario] referred to by multiple logical column names: [id_usuario], [idUsuario]
	at org.hibernate.boot.internal.InFlightMetadataCollectorImpl$TableColumnNameBinding.bindPhysicalToLogical(InFlightMetadataCollectorImpl.java:1135) ~[hibernate-core-6.6.8.Final.jar:6.6.8.Final]
	at org.hibernate.boot.internal.InFlightMetadataCollectorImpl$TableColumnNameBinding.addBinding(InFlightMetadataCollectorImpl.java:1104) ~[hibernate-core-6.6.8.Final.jar:6.6.8.Final]
	at org.hibernate.boot.internal.InFlightMetadataCollectorImpl.addColumnNameBinding(InFlightMetadataCollectorImpl.java:1174) ~[hibernate-core-6.6.8.Final.jar:6.6.8.Final]
	at org.hibernate.boot.internal.InFlightMetadataCollectorImpl.addColumnNameBinding(InFlightMetadataCollectorImpl.java:1155) ~[hibernate-core-6.6.8.Final.jar:6.6.8.Final]
	at org.hibernate.boot.model.internal.AnnotatedJoinColumn.addColumnBinding(AnnotatedJoinColumn.java:409) ~[hibernate-core-6.6.8.Final.jar:6.6.8.Final]
	at org.hibernate.boot.model.internal.AnnotatedColumn.linkWithValue(AnnotatedColumn.java:445) ~[hibernate-core-6.6.8.Final.jar:6.6.8.Final]
	at org.hibernate.boot.model.internal.TableBinder.matchUpJoinColumnsWithKeyColumns(TableBinder.java:700) ~[hibernate-core-6.6.8.Final.jar:6.6.8.Final]
	at org.hibernate.boot.model.internal.TableBinder.bindPrimaryKeyReference(TableBinder.java:636) ~[hibernate-core-6.6.8.Final.jar:6.6.8.Final]
	at org.hibernate.boot.model.internal.TableBinder.bindExplicitColumns(TableBinder.java:590) ~[hibernate-core-6.6.8.Final.jar:6.6.8.Final]
	at org.hibernate.boot.model.internal.TableBinder.bindForeignKey(TableBinder.java:568) ~[hibernate-core-6.6.8.Final.jar:6.6.8.Final]
	at org.hibernate.boot.model.internal.ToOneFkSecondPass.doSecondPass(ToOneFkSecondPass.java:123) ~[hibernate-core-6.6.8.Final.jar:6.6.8.Final]
	at org.hibernate.boot.internal.InFlightMetadataCollectorImpl.processEndOfQueue(InFlightMetadataCollectorImpl.java:1937) ~[hibernate-core-6.6.8.Final.jar:6.6.8.Final]
	at org.hibernate.boot.internal.InFlightMetadataCollectorImpl.processFkSecondPassesInOrder(InFlightMetadataCollectorImpl.java:1886) ~[hibernate-core-6.6.8.Final.jar:6.6.8.Final]
	at org.hibernate.boot.internal.InFlightMetadataCollectorImpl.processSecondPasses(InFlightMetadataCollectorImpl.java:1794) ~[hibernate-core-6.6.8.Final.jar:6.6.8.Final]
	at org.hibernate.boot.model.process.spi.MetadataBuildingProcess.complete(MetadataBuildingProcess.java:334) ~[hibernate-core-6.6.8.Final.jar:6.6.8.Final]
	at org.hibernate.jpa.boot.internal.EntityManagerFactoryBuilderImpl.metadata(EntityManagerFactoryBuilderImpl.java:1442) ~[hibernate-core-6.6.8.Final.jar:6.6.8.Final]
	at org.hibernate.jpa.boot.internal.EntityManagerFactoryBuilderImpl.build(EntityManagerFactoryBuilderImpl.java:1513) ~[hibernate-core-6.6.8.Final.jar:6.6.8.Final]
	at org.springframework.orm.jpa.vendor.SpringHibernateJpaPersistenceProvider.createContainerEntityManagerFactory(SpringHibernateJpaPersistenceProvider.java:66) ~[spring-orm-6.2.3.jar:6.2.3]
	at org.springframework.orm.jpa.LocalContainerEntityManagerFactoryBean.createNativeEntityManagerFactory(LocalContainerEntityManagerFactoryBean.java:390) ~[spring-orm-6.2.3.jar:6.2.3]
	at org.springframework.orm.jpa.AbstractEntityManagerFactoryBean.buildNativeEntityManagerFactory(AbstractEntityManagerFactoryBean.java:419) ~[spring-orm-6.2.3.jar:6.2.3]
	at org.springframework.orm.jpa.AbstractEntityManagerFactoryBean.afterPropertiesSet(AbstractEntityManagerFactoryBean.java:400) ~[spring-orm-6.2.3.jar:6.2.3]
	at org.springframework.orm.jpa.LocalContainerEntityManagerFactoryBean.afterPropertiesSet(LocalContainerEntityManagerFactoryBean.java:366) ~[spring-orm-6.2.3.jar:6.2.3]
	at org.springframework.beans.factory.support.AbstractAutowireCapableBeanFactory.invokeInitMethods(AbstractAutowireCapableBeanFactory.java:1859) ~[spring-beans-6.2.3.jar:6.2.3]
	at org.springframework.beans.factory.support.AbstractAutowireCapableBeanFactory.initializeBean(AbstractAutowireCapableBeanFactory.java:1808) ~[spring-beans-6.2.3.jar:6.2.3]
	... 18 common frames omitted

2025-04-11T11:10:57.368-03:00  INFO 8196 --- [backGrupo3ViMa] [restartedMain] o.e.b.BackGrupo3ViMaApplication          : Starting BackGrupo3ViMaApplication using Java 22.0.1 with PID 8196 (C:\Users\Enzo\Documents\GitHub\DesarrolloAPSI\backend\backGrupo4ViMa\target\classes started by Enzo in C:\Users\Enzo\Documents\GitHub\DesarrolloAPSI)
2025-04-11T11:10:57.370-03:00  INFO 8196 --- [backGrupo3ViMa] [restartedMain] o.e.b.BackGrupo3ViMaApplication          : No active profile set, falling back to 1 default profile: "default"
2025-04-11T11:10:57.410-03:00  INFO 8196 --- [backGrupo3ViMa] [restartedMain] .e.DevToolsPropertyDefaultsPostProcessor : Devtools property defaults active! Set 'spring.devtools.add-properties' to 'false' to disable
2025-04-11T11:10:57.410-03:00  INFO 8196 --- [backGrupo3ViMa] [restartedMain] .e.DevToolsPropertyDefaultsPostProcessor : For additional web related logging consider setting the 'logging.level.web' property to 'DEBUG'
2025-04-11T11:10:58.107-03:00  INFO 8196 --- [backGrupo3ViMa] [restartedMain] .s.d.r.c.RepositoryConfigurationDelegate : Bootstrapping Spring Data JPA repositories in DEFAULT mode.
2025-04-11T11:10:58.166-03:00  INFO 8196 --- [backGrupo3ViMa] [restartedMain] .s.d.r.c.RepositoryConfigurationDelegate : Finished Spring Data repository scanning in 51 ms. Found 5 JPA repository interfaces.
2025-04-11T11:10:58.727-03:00  INFO 8196 --- [backGrupo3ViMa] [restartedMain] o.s.b.w.embedded.tomcat.TomcatWebServer  : Tomcat initialized with port 4002 (http)
2025-04-11T11:10:58.739-03:00  INFO 8196 --- [backGrupo3ViMa] [restartedMain] o.apache.catalina.core.StandardService   : Starting service [Tomcat]
2025-04-11T11:10:58.739-03:00  INFO 8196 --- [backGrupo3ViMa] [restartedMain] o.apache.catalina.core.StandardEngine    : Starting Servlet engine: [Apache Tomcat/10.1.36]
2025-04-11T11:10:58.780-03:00  INFO 8196 --- [backGrupo3ViMa] [restartedMain] o.a.c.c.C.[Tomcat].[localhost].[/]       : Initializing Spring embedded WebApplicationContext
2025-04-11T11:10:58.781-03:00  INFO 8196 --- [backGrupo3ViMa] [restartedMain] w.s.c.ServletWebServerApplicationContext : Root WebApplicationContext: initialization completed in 1371 ms
2025-04-11T11:10:58.929-03:00 DEBUG 8196 --- [backGrupo3ViMa] [restartedMain] o.s.w.f.ServerHttpObservationFilter      : Filter 'webMvcObservationFilter' configured for use
2025-04-11T11:10:59.046-03:00  INFO 8196 --- [backGrupo3ViMa] [restartedMain] o.hibernate.jpa.internal.util.LogHelper  : HHH000204: Processing PersistenceUnitInfo [name: default]
2025-04-11T11:10:59.089-03:00  INFO 8196 --- [backGrupo3ViMa] [restartedMain] org.hibernate.Version                    : HHH000412: Hibernate ORM core version 6.6.8.Final
2025-04-11T11:10:59.116-03:00  INFO 8196 --- [backGrupo3ViMa] [restartedMain] o.h.c.internal.RegionFactoryInitiator    : HHH000026: Second-level cache disabled
2025-04-11T11:10:59.326-03:00  INFO 8196 --- [backGrupo3ViMa] [restartedMain] o.s.o.j.p.SpringPersistenceUnitInfo      : No LoadTimeWeaver setup: ignoring JPA class transformer
2025-04-11T11:10:59.350-03:00  INFO 8196 --- [backGrupo3ViMa] [restartedMain] com.zaxxer.hikari.HikariDataSource       : HikariPool-1 - Starting...
2025-04-11T11:10:59.575-03:00  INFO 8196 --- [backGrupo3ViMa] [restartedMain] com.zaxxer.hikari.pool.HikariPool        : HikariPool-1 - Added connection com.mysql.cj.jdbc.ConnectionImpl@35b1a8be
2025-04-11T11:10:59.576-03:00  INFO 8196 --- [backGrupo3ViMa] [restartedMain] com.zaxxer.hikari.HikariDataSource       : HikariPool-1 - Start completed.
2025-04-11T11:10:59.640-03:00  INFO 8196 --- [backGrupo3ViMa] [restartedMain] org.hibernate.orm.connections.pooling    : HHH10001005: Database info:
	Database JDBC URL [Connecting through datasource 'HikariDataSource (HikariPool-1)']
	Database driver: undefined/unknown
	Database version: 8.0.39
	Autocommit mode: undefined/unknown
	Isolation level: undefined/unknown
	Minimum pool size: undefined/unknown
	Maximum pool size: undefined/unknown
2025-04-11T11:10:59.794-03:00 ERROR 8196 --- [backGrupo3ViMa] [restartedMain] j.LocalContainerEntityManagerFactoryBean : Failed to initialize JPA EntityManagerFactory: Table [turnos_entity] contains physical column name [id_usuario] referred to by multiple logical column names: [id_usuario], [idUsuario]
2025-04-11T11:10:59.795-03:00  WARN 8196 --- [backGrupo3ViMa] [restartedMain] ConfigServletWebServerApplicationContext : Exception encountered during context initialization - cancelling refresh attempt: org.springframework.beans.factory.BeanCreationException: Error creating bean with name 'entityManagerFactory' defined in class path resource [org/springframework/boot/autoconfigure/orm/jpa/HibernateJpaConfiguration.class]: Table [turnos_entity] contains physical column name [id_usuario] referred to by multiple logical column names: [id_usuario], [idUsuario]
2025-04-11T11:10:59.796-03:00  INFO 8196 --- [backGrupo3ViMa] [restartedMain] com.zaxxer.hikari.HikariDataSource       : HikariPool-1 - Shutdown initiated...
2025-04-11T11:10:59.822-03:00  INFO 8196 --- [backGrupo3ViMa] [restartedMain] com.zaxxer.hikari.HikariDataSource       : HikariPool-1 - Shutdown completed.
2025-04-11T11:10:59.824-03:00  INFO 8196 --- [backGrupo3ViMa] [restartedMain] o.apache.catalina.core.StandardService   : Stopping service [Tomcat]
2025-04-11T11:10:59.836-03:00  INFO 8196 --- [backGrupo3ViMa] [restartedMain] .s.b.a.l.ConditionEvaluationReportLogger : 

Error starting ApplicationContext. To display the condition evaluation report re-run your application with 'debug' enabled.
2025-04-11T11:10:59.854-03:00 ERROR 8196 --- [backGrupo3ViMa] [restartedMain] o.s.boot.SpringApplication               : Application run failed

org.springframework.beans.factory.BeanCreationException: Error creating bean with name 'entityManagerFactory' defined in class path resource [org/springframework/boot/autoconfigure/orm/jpa/HibernateJpaConfiguration.class]: Table [turnos_entity] contains physical column name [id_usuario] referred to by multiple logical column names: [id_usuario], [idUsuario]
	at org.springframework.beans.factory.support.AbstractAutowireCapableBeanFactory.initializeBean(AbstractAutowireCapableBeanFactory.java:1812) ~[spring-beans-6.2.3.jar:6.2.3]
	at org.springframework.beans.factory.support.AbstractAutowireCapableBeanFactory.doCreateBean(AbstractAutowireCapableBeanFactory.java:601) ~[spring-beans-6.2.3.jar:6.2.3]
	at org.springframework.beans.factory.support.AbstractAutowireCapableBeanFactory.createBean(AbstractAutowireCapableBeanFactory.java:523) ~[spring-beans-6.2.3.jar:6.2.3]
	at org.springframework.beans.factory.support.AbstractBeanFactory.lambda$doGetBean$0(AbstractBeanFactory.java:339) ~[spring-beans-6.2.3.jar:6.2.3]
	at org.springframework.beans.factory.support.DefaultSingletonBeanRegistry.getSingleton(DefaultSingletonBeanRegistry.java:346) ~[spring-beans-6.2.3.jar:6.2.3]
	at org.springframework.beans.factory.support.AbstractBeanFactory.doGetBean(AbstractBeanFactory.java:337) ~[spring-beans-6.2.3.jar:6.2.3]
	at org.springframework.beans.factory.support.AbstractBeanFactory.getBean(AbstractBeanFactory.java:207) ~[spring-beans-6.2.3.jar:6.2.3]
	at org.springframework.context.support.AbstractApplicationContext.finishBeanFactoryInitialization(AbstractApplicationContext.java:970) ~[spring-context-6.2.3.jar:6.2.3]
	at org.springframework.context.support.AbstractApplicationContext.refresh(AbstractApplicationContext.java:627) ~[spring-context-6.2.3.jar:6.2.3]
	at org.springframework.boot.web.servlet.context.ServletWebServerApplicationContext.refresh(ServletWebServerApplicationContext.java:146) ~[spring-boot-3.4.3.jar:3.4.3]
	at org.springframework.boot.SpringApplication.refresh(SpringApplication.java:752) ~[spring-boot-3.4.3.jar:3.4.3]
	at org.springframework.boot.SpringApplication.refreshContext(SpringApplication.java:439) ~[spring-boot-3.4.3.jar:3.4.3]
	at org.springframework.boot.SpringApplication.run(SpringApplication.java:318) ~[spring-boot-3.4.3.jar:3.4.3]
	at org.springframework.boot.SpringApplication.run(SpringApplication.java:1361) ~[spring-boot-3.4.3.jar:3.4.3]
	at org.springframework.boot.SpringApplication.run(SpringApplication.java:1350) ~[spring-boot-3.4.3.jar:3.4.3]
	at org.example.backgrupo3vima.BackGrupo3ViMaApplication.main(BackGrupo3ViMaApplication.java:13) ~[classes/:na]
	at java.base/jdk.internal.reflect.DirectMethodHandleAccessor.invoke(DirectMethodHandleAccessor.java:103) ~[na:na]
	at java.base/java.lang.reflect.Method.invoke(Method.java:580) ~[na:na]
	at org.springframework.boot.devtools.restart.RestartLauncher.run(RestartLauncher.java:50) ~[spring-boot-devtools-3.4.3.jar:3.4.3]
Caused by: org.hibernate.DuplicateMappingException: Table [turnos_entity] contains physical column name [id_usuario] referred to by multiple logical column names: [id_usuario], [idUsuario]
	at org.hibernate.boot.internal.InFlightMetadataCollectorImpl$TableColumnNameBinding.bindPhysicalToLogical(InFlightMetadataCollectorImpl.java:1135) ~[hibernate-core-6.6.8.Final.jar:6.6.8.Final]
	at org.hibernate.boot.internal.InFlightMetadataCollectorImpl$TableColumnNameBinding.addBinding(InFlightMetadataCollectorImpl.java:1104) ~[hibernate-core-6.6.8.Final.jar:6.6.8.Final]
	at org.hibernate.boot.internal.InFlightMetadataCollectorImpl.addColumnNameBinding(InFlightMetadataCollectorImpl.java:1174) ~[hibernate-core-6.6.8.Final.jar:6.6.8.Final]
	at org.hibernate.boot.internal.InFlightMetadataCollectorImpl.addColumnNameBinding(InFlightMetadataCollectorImpl.java:1155) ~[hibernate-core-6.6.8.Final.jar:6.6.8.Final]
	at org.hibernate.boot.model.internal.AnnotatedJoinColumn.addColumnBinding(AnnotatedJoinColumn.java:409) ~[hibernate-core-6.6.8.Final.jar:6.6.8.Final]
	at org.hibernate.boot.model.internal.AnnotatedColumn.linkWithValue(AnnotatedColumn.java:445) ~[hibernate-core-6.6.8.Final.jar:6.6.8.Final]
	at org.hibernate.boot.model.internal.TableBinder.matchUpJoinColumnsWithKeyColumns(TableBinder.java:700) ~[hibernate-core-6.6.8.Final.jar:6.6.8.Final]
	at org.hibernate.boot.model.internal.TableBinder.bindPrimaryKeyReference(TableBinder.java:636) ~[hibernate-core-6.6.8.Final.jar:6.6.8.Final]
	at org.hibernate.boot.model.internal.TableBinder.bindExplicitColumns(TableBinder.java:590) ~[hibernate-core-6.6.8.Final.jar:6.6.8.Final]
	at org.hibernate.boot.model.internal.TableBinder.bindForeignKey(TableBinder.java:568) ~[hibernate-core-6.6.8.Final.jar:6.6.8.Final]
	at org.hibernate.boot.model.internal.ToOneFkSecondPass.doSecondPass(ToOneFkSecondPass.java:123) ~[hibernate-core-6.6.8.Final.jar:6.6.8.Final]
	at org.hibernate.boot.internal.InFlightMetadataCollectorImpl.processEndOfQueue(InFlightMetadataCollectorImpl.java:1937) ~[hibernate-core-6.6.8.Final.jar:6.6.8.Final]
	at org.hibernate.boot.internal.InFlightMetadataCollectorImpl.processFkSecondPassesInOrder(InFlightMetadataCollectorImpl.java:1886) ~[hibernate-core-6.6.8.Final.jar:6.6.8.Final]
	at org.hibernate.boot.internal.InFlightMetadataCollectorImpl.processSecondPasses(InFlightMetadataCollectorImpl.java:1794) ~[hibernate-core-6.6.8.Final.jar:6.6.8.Final]
	at org.hibernate.boot.model.process.spi.MetadataBuildingProcess.complete(MetadataBuildingProcess.java:334) ~[hibernate-core-6.6.8.Final.jar:6.6.8.Final]
	at org.hibernate.jpa.boot.internal.EntityManagerFactoryBuilderImpl.metadata(EntityManagerFactoryBuilderImpl.java:1442) ~[hibernate-core-6.6.8.Final.jar:6.6.8.Final]
	at org.hibernate.jpa.boot.internal.EntityManagerFactoryBuilderImpl.build(EntityManagerFactoryBuilderImpl.java:1513) ~[hibernate-core-6.6.8.Final.jar:6.6.8.Final]
	at org.springframework.orm.jpa.vendor.SpringHibernateJpaPersistenceProvider.createContainerEntityManagerFactory(SpringHibernateJpaPersistenceProvider.java:66) ~[spring-orm-6.2.3.jar:6.2.3]
	at org.springframework.orm.jpa.LocalContainerEntityManagerFactoryBean.createNativeEntityManagerFactory(LocalContainerEntityManagerFactoryBean.java:390) ~[spring-orm-6.2.3.jar:6.2.3]
	at org.springframework.orm.jpa.AbstractEntityManagerFactoryBean.buildNativeEntityManagerFactory(AbstractEntityManagerFactoryBean.java:419) ~[spring-orm-6.2.3.jar:6.2.3]
	at org.springframework.orm.jpa.AbstractEntityManagerFactoryBean.afterPropertiesSet(AbstractEntityManagerFactoryBean.java:400) ~[spring-orm-6.2.3.jar:6.2.3]
	at org.springframework.orm.jpa.LocalContainerEntityManagerFactoryBean.afterPropertiesSet(LocalContainerEntityManagerFactoryBean.java:366) ~[spring-orm-6.2.3.jar:6.2.3]
	at org.springframework.beans.factory.support.AbstractAutowireCapableBeanFactory.invokeInitMethods(AbstractAutowireCapableBeanFactory.java:1859) ~[spring-beans-6.2.3.jar:6.2.3]
	at org.springframework.beans.factory.support.AbstractAutowireCapableBeanFactory.initializeBean(AbstractAutowireCapableBeanFactory.java:1808) ~[spring-beans-6.2.3.jar:6.2.3]
	... 18 common frames omitted

2025-04-11T11:11:24.175-03:00  INFO 33356 --- [backGrupo3ViMa] [restartedMain] o.e.b.BackGrupo3ViMaApplication          : Starting BackGrupo3ViMaApplication using Java 22.0.1 with PID 33356 (C:\Users\Enzo\Documents\GitHub\DesarrolloAPSI\backend\backGrupo4ViMa\target\classes started by Enzo in C:\Users\Enzo\Documents\GitHub\DesarrolloAPSI)
2025-04-11T11:11:24.177-03:00  INFO 33356 --- [backGrupo3ViMa] [restartedMain] o.e.b.BackGrupo3ViMaApplication          : No active profile set, falling back to 1 default profile: "default"
2025-04-11T11:11:24.217-03:00  INFO 33356 --- [backGrupo3ViMa] [restartedMain] .e.DevToolsPropertyDefaultsPostProcessor : Devtools property defaults active! Set 'spring.devtools.add-properties' to 'false' to disable
2025-04-11T11:11:24.217-03:00  INFO 33356 --- [backGrupo3ViMa] [restartedMain] .e.DevToolsPropertyDefaultsPostProcessor : For additional web related logging consider setting the 'logging.level.web' property to 'DEBUG'
2025-04-11T11:11:24.962-03:00  INFO 33356 --- [backGrupo3ViMa] [restartedMain] .s.d.r.c.RepositoryConfigurationDelegate : Bootstrapping Spring Data JPA repositories in DEFAULT mode.
2025-04-11T11:11:25.020-03:00  INFO 33356 --- [backGrupo3ViMa] [restartedMain] .s.d.r.c.RepositoryConfigurationDelegate : Finished Spring Data repository scanning in 50 ms. Found 5 JPA repository interfaces.
2025-04-11T11:11:25.603-03:00  INFO 33356 --- [backGrupo3ViMa] [restartedMain] o.s.b.w.embedded.tomcat.TomcatWebServer  : Tomcat initialized with port 4002 (http)
2025-04-11T11:11:25.615-03:00  INFO 33356 --- [backGrupo3ViMa] [restartedMain] o.apache.catalina.core.StandardService   : Starting service [Tomcat]
2025-04-11T11:11:25.615-03:00  INFO 33356 --- [backGrupo3ViMa] [restartedMain] o.apache.catalina.core.StandardEngine    : Starting Servlet engine: [Apache Tomcat/10.1.36]
2025-04-11T11:11:25.656-03:00  INFO 33356 --- [backGrupo3ViMa] [restartedMain] o.a.c.c.C.[Tomcat].[localhost].[/]       : Initializing Spring embedded WebApplicationContext
2025-04-11T11:11:25.656-03:00  INFO 33356 --- [backGrupo3ViMa] [restartedMain] w.s.c.ServletWebServerApplicationContext : Root WebApplicationContext: initialization completed in 1437 ms
2025-04-11T11:11:25.804-03:00 DEBUG 33356 --- [backGrupo3ViMa] [restartedMain] o.s.w.f.ServerHttpObservationFilter      : Filter 'webMvcObservationFilter' configured for use
2025-04-11T11:11:25.918-03:00  INFO 33356 --- [backGrupo3ViMa] [restartedMain] o.hibernate.jpa.internal.util.LogHelper  : HHH000204: Processing PersistenceUnitInfo [name: default]
2025-04-11T11:11:25.961-03:00  INFO 33356 --- [backGrupo3ViMa] [restartedMain] org.hibernate.Version                    : HHH000412: Hibernate ORM core version 6.6.8.Final
2025-04-11T11:11:25.987-03:00  INFO 33356 --- [backGrupo3ViMa] [restartedMain] o.h.c.internal.RegionFactoryInitiator    : HHH000026: Second-level cache disabled
2025-04-11T11:11:26.196-03:00  INFO 33356 --- [backGrupo3ViMa] [restartedMain] o.s.o.j.p.SpringPersistenceUnitInfo      : No LoadTimeWeaver setup: ignoring JPA class transformer
2025-04-11T11:11:26.222-03:00  INFO 33356 --- [backGrupo3ViMa] [restartedMain] com.zaxxer.hikari.HikariDataSource       : HikariPool-1 - Starting...
2025-04-11T11:11:26.460-03:00  INFO 33356 --- [backGrupo3ViMa] [restartedMain] com.zaxxer.hikari.pool.HikariPool        : HikariPool-1 - Added connection com.mysql.cj.jdbc.ConnectionImpl@a70b0eb
2025-04-11T11:11:26.462-03:00  INFO 33356 --- [backGrupo3ViMa] [restartedMain] com.zaxxer.hikari.HikariDataSource       : HikariPool-1 - Start completed.
2025-04-11T11:11:26.522-03:00  INFO 33356 --- [backGrupo3ViMa] [restartedMain] org.hibernate.orm.connections.pooling    : HHH10001005: Database info:
	Database JDBC URL [Connecting through datasource 'HikariDataSource (HikariPool-1)']
	Database driver: undefined/unknown
	Database version: 8.0.39
	Autocommit mode: undefined/unknown
	Isolation level: undefined/unknown
	Minimum pool size: undefined/unknown
	Maximum pool size: undefined/unknown
2025-04-11T11:11:27.333-03:00  INFO 33356 --- [backGrupo3ViMa] [restartedMain] o.h.e.t.j.p.i.JtaPlatformInitiator       : HHH000489: No JTA platform available (set 'hibernate.transaction.jta.platform' to enable JTA platform integration)
2025-04-11T11:11:27.382-03:00 DEBUG 33356 --- [backGrupo3ViMa] [restartedMain] org.hibernate.SQL                        : 
    create table doctor_entity (
        id integer not null auto_increment,
        apellido varchar(255),
        email varchar(255),
        especialidad varchar(255),
        horario_fin datetime(6),
        horario_inicio datetime(6),
        nombre varchar(255),
        telefono varchar(255),
        primary key (id)
    ) engine=InnoDB
2025-04-11T11:11:27.442-03:00 DEBUG 33356 --- [backGrupo3ViMa] [restartedMain] org.hibernate.SQL                        : 
    create table obras_sociales (
        id bigint not null auto_increment,
        tipo_obra_social enum ('GALENO','IOMA','MEDIFE','OMINT','OSDE','OSECAC','OTRO','PAMI','SANCOR_SALUD','SWISS_MEDICAL') not null,
        primary key (id)
    ) engine=InnoDB
2025-04-11T11:11:27.461-03:00 DEBUG 33356 --- [backGrupo3ViMa] [restartedMain] org.hibernate.SQL                        : 
    create table tokens_entity (
        id integer not null auto_increment,
        fecha_creacion date,
        token varchar(255),
        id_usuario integer,
        primary key (id)
    ) engine=InnoDB
2025-04-11T11:11:27.480-03:00 DEBUG 33356 --- [backGrupo3ViMa] [restartedMain] org.hibernate.SQL                        : 
    create table turnos_entity (
        id integer not null auto_increment,
        fecha_turno date,
        id_usuario integer,
        primary key (id)
    ) engine=InnoDB
2025-04-11T11:11:27.501-03:00 DEBUG 33356 --- [backGrupo3ViMa] [restartedMain] org.hibernate.SQL                        : 
    create table user_entity (
        id integer not null auto_increment,
        apellido varchar(255),
        contrasenia varchar(255),
        dni varchar(255),
        edad integer,
        email varchar(255),
        fecha_nacimiento date,
        genero varchar(255),
        nombre varchar(255),
        urlimagenperfil varchar(255),
        obra_social_id bigint,
        primary key (id)
    ) engine=InnoDB
2025-04-11T11:11:27.519-03:00 DEBUG 33356 --- [backGrupo3ViMa] [restartedMain] org.hibernate.SQL                        : 
    create table usuario_doctor (
        usuario_id integer not null,
        doctor_id integer not null
    ) engine=InnoDB
2025-04-11T11:11:27.537-03:00 DEBUG 33356 --- [backGrupo3ViMa] [restartedMain] org.hibernate.SQL                        : 
    alter table user_entity 
       drop index UK954y33fqknr0qy4jiolrpjo7r
2025-04-11T11:11:27.568-03:00 DEBUG 33356 --- [backGrupo3ViMa] [restartedMain] org.hibernate.SQL                        : 
    alter table user_entity 
       add constraint UK954y33fqknr0qy4jiolrpjo7r unique (dni)
2025-04-11T11:11:27.623-03:00 DEBUG 33356 --- [backGrupo3ViMa] [restartedMain] org.hibernate.SQL                        : 
    alter table user_entity 
       drop index UK4xad1enskw4j1t2866f7sodrx
2025-04-11T11:11:27.625-03:00 DEBUG 33356 --- [backGrupo3ViMa] [restartedMain] org.hibernate.SQL                        : 
    alter table user_entity 
       add constraint UK4xad1enskw4j1t2866f7sodrx unique (email)
2025-04-11T11:11:27.652-03:00 DEBUG 33356 --- [backGrupo3ViMa] [restartedMain] org.hibernate.SQL                        : 
    alter table tokens_entity 
       add constraint FKed29axxjjnipq99hh4hxk9kx9 
       foreign key (id_usuario) 
       references user_entity (id)
2025-04-11T11:11:27.708-03:00 DEBUG 33356 --- [backGrupo3ViMa] [restartedMain] org.hibernate.SQL                        : 
    alter table turnos_entity 
       add constraint FKi4qbvn6bmc183pijx3ue3u9av 
       foreign key (id_usuario) 
       references user_entity (id)
2025-04-11T11:11:27.756-03:00 DEBUG 33356 --- [backGrupo3ViMa] [restartedMain] org.hibernate.SQL                        : 
    alter table user_entity 
       add constraint FKg2ewq9vhgbsfr01gnch3qqbso 
       foreign key (obra_social_id) 
       references obras_sociales (id)
2025-04-11T11:11:27.816-03:00 DEBUG 33356 --- [backGrupo3ViMa] [restartedMain] org.hibernate.SQL                        : 
    alter table usuario_doctor 
       add constraint FKt1e9pwf7tnwv42icue4hwbx78 
       foreign key (doctor_id) 
       references doctor_entity (id)
2025-04-11T11:11:27.865-03:00 DEBUG 33356 --- [backGrupo3ViMa] [restartedMain] org.hibernate.SQL                        : 
    alter table usuario_doctor 
       add constraint FKkxxphjsxyky6qgy35me3w84o2 
       foreign key (usuario_id) 
       references user_entity (id)
2025-04-11T11:11:27.916-03:00  INFO 33356 --- [backGrupo3ViMa] [restartedMain] j.LocalContainerEntityManagerFactoryBean : Initialized JPA EntityManagerFactory for persistence unit 'default'
2025-04-11T11:11:28.208-03:00  WARN 33356 --- [backGrupo3ViMa] [restartedMain] ConfigServletWebServerApplicationContext : Exception encountered during context initialization - cancelling refresh attempt: org.springframework.beans.factory.UnsatisfiedDependencyException: Error creating bean with name 'tokensController': Unsatisfied dependency expressed through field 'tokensService': Error creating bean with name 'tokensServiceImpl': Unsatisfied dependency expressed through field 'tokensRepository': Error creating bean with name 'tokensRepository' defined in org.example.backgrupo3vima.Repository.tokensRepository defined in @EnableJpaRepositories declared on JpaRepositoriesRegistrar.EnableJpaRepositoriesConfiguration: Could not create query for public abstract java.util.Optional org.example.backgrupo3vima.Repository.tokensRepository.findByUserId(java.lang.Long); Reason: Failed to create query for method public abstract java.util.Optional org.example.backgrupo3vima.Repository.tokensRepository.findByUserId(java.lang.Long); No property 'userId' found for type 'TokensEntity'
2025-04-11T11:11:28.208-03:00  INFO 33356 --- [backGrupo3ViMa] [restartedMain] j.LocalContainerEntityManagerFactoryBean : Closing JPA EntityManagerFactory for persistence unit 'default'
2025-04-11T11:11:28.211-03:00  INFO 33356 --- [backGrupo3ViMa] [restartedMain] com.zaxxer.hikari.HikariDataSource       : HikariPool-1 - Shutdown initiated...
2025-04-11T11:11:28.218-03:00  INFO 33356 --- [backGrupo3ViMa] [restartedMain] com.zaxxer.hikari.HikariDataSource       : HikariPool-1 - Shutdown completed.
2025-04-11T11:11:28.220-03:00  INFO 33356 --- [backGrupo3ViMa] [restartedMain] o.apache.catalina.core.StandardService   : Stopping service [Tomcat]
2025-04-11T11:11:28.232-03:00  INFO 33356 --- [backGrupo3ViMa] [restartedMain] .s.b.a.l.ConditionEvaluationReportLogger : 

Error starting ApplicationContext. To display the condition evaluation report re-run your application with 'debug' enabled.
2025-04-11T11:11:28.248-03:00 ERROR 33356 --- [backGrupo3ViMa] [restartedMain] o.s.boot.SpringApplication               : Application run failed

org.springframework.beans.factory.UnsatisfiedDependencyException: Error creating bean with name 'tokensController': Unsatisfied dependency expressed through field 'tokensService': Error creating bean with name 'tokensServiceImpl': Unsatisfied dependency expressed through field 'tokensRepository': Error creating bean with name 'tokensRepository' defined in org.example.backgrupo3vima.Repository.tokensRepository defined in @EnableJpaRepositories declared on JpaRepositoriesRegistrar.EnableJpaRepositoriesConfiguration: Could not create query for public abstract java.util.Optional org.example.backgrupo3vima.Repository.tokensRepository.findByUserId(java.lang.Long); Reason: Failed to create query for method public abstract java.util.Optional org.example.backgrupo3vima.Repository.tokensRepository.findByUserId(java.lang.Long); No property 'userId' found for type 'TokensEntity'
	at org.springframework.beans.factory.annotation.AutowiredAnnotationBeanPostProcessor$AutowiredFieldElement.resolveFieldValue(AutowiredAnnotationBeanPostProcessor.java:788) ~[spring-beans-6.2.3.jar:6.2.3]
	at org.springframework.beans.factory.annotation.AutowiredAnnotationBeanPostProcessor$AutowiredFieldElement.inject(AutowiredAnnotationBeanPostProcessor.java:768) ~[spring-beans-6.2.3.jar:6.2.3]
	at org.springframework.beans.factory.annotation.InjectionMetadata.inject(InjectionMetadata.java:146) ~[spring-beans-6.2.3.jar:6.2.3]
	at org.springframework.beans.factory.annotation.AutowiredAnnotationBeanPostProcessor.postProcessProperties(AutowiredAnnotationBeanPostProcessor.java:509) ~[spring-beans-6.2.3.jar:6.2.3]
	at org.springframework.beans.factory.support.AbstractAutowireCapableBeanFactory.populateBean(AbstractAutowireCapableBeanFactory.java:1445) ~[spring-beans-6.2.3.jar:6.2.3]
	at org.springframework.beans.factory.support.AbstractAutowireCapableBeanFactory.doCreateBean(AbstractAutowireCapableBeanFactory.java:600) ~[spring-beans-6.2.3.jar:6.2.3]
	at org.springframework.beans.factory.support.AbstractAutowireCapableBeanFactory.createBean(AbstractAutowireCapableBeanFactory.java:523) ~[spring-beans-6.2.3.jar:6.2.3]
	at org.springframework.beans.factory.support.AbstractBeanFactory.lambda$doGetBean$0(AbstractBeanFactory.java:339) ~[spring-beans-6.2.3.jar:6.2.3]
	at org.springframework.beans.factory.support.DefaultSingletonBeanRegistry.getSingleton(DefaultSingletonBeanRegistry.java:346) ~[spring-beans-6.2.3.jar:6.2.3]
	at org.springframework.beans.factory.support.AbstractBeanFactory.doGetBean(AbstractBeanFactory.java:337) ~[spring-beans-6.2.3.jar:6.2.3]
	at org.springframework.beans.factory.support.AbstractBeanFactory.getBean(AbstractBeanFactory.java:202) ~[spring-beans-6.2.3.jar:6.2.3]
	at org.springframework.beans.factory.support.DefaultListableBeanFactory.instantiateSingleton(DefaultListableBeanFactory.java:1155) ~[spring-beans-6.2.3.jar:6.2.3]
	at org.springframework.beans.factory.support.DefaultListableBeanFactory.preInstantiateSingleton(DefaultListableBeanFactory.java:1121) ~[spring-beans-6.2.3.jar:6.2.3]
	at org.springframework.beans.factory.support.DefaultListableBeanFactory.preInstantiateSingletons(DefaultListableBeanFactory.java:1056) ~[spring-beans-6.2.3.jar:6.2.3]
	at org.springframework.context.support.AbstractApplicationContext.finishBeanFactoryInitialization(AbstractApplicationContext.java:987) ~[spring-context-6.2.3.jar:6.2.3]
	at org.springframework.context.support.AbstractApplicationContext.refresh(AbstractApplicationContext.java:627) ~[spring-context-6.2.3.jar:6.2.3]
	at org.springframework.boot.web.servlet.context.ServletWebServerApplicationContext.refresh(ServletWebServerApplicationContext.java:146) ~[spring-boot-3.4.3.jar:3.4.3]
	at org.springframework.boot.SpringApplication.refresh(SpringApplication.java:752) ~[spring-boot-3.4.3.jar:3.4.3]
	at org.springframework.boot.SpringApplication.refreshContext(SpringApplication.java:439) ~[spring-boot-3.4.3.jar:3.4.3]
	at org.springframework.boot.SpringApplication.run(SpringApplication.java:318) ~[spring-boot-3.4.3.jar:3.4.3]
	at org.springframework.boot.SpringApplication.run(SpringApplication.java:1361) ~[spring-boot-3.4.3.jar:3.4.3]
	at org.springframework.boot.SpringApplication.run(SpringApplication.java:1350) ~[spring-boot-3.4.3.jar:3.4.3]
	at org.example.backgrupo3vima.BackGrupo3ViMaApplication.main(BackGrupo3ViMaApplication.java:13) ~[classes/:na]
	at java.base/jdk.internal.reflect.DirectMethodHandleAccessor.invoke(DirectMethodHandleAccessor.java:103) ~[na:na]
	at java.base/java.lang.reflect.Method.invoke(Method.java:580) ~[na:na]
	at org.springframework.boot.devtools.restart.RestartLauncher.run(RestartLauncher.java:50) ~[spring-boot-devtools-3.4.3.jar:3.4.3]
Caused by: org.springframework.beans.factory.UnsatisfiedDependencyException: Error creating bean with name 'tokensServiceImpl': Unsatisfied dependency expressed through field 'tokensRepository': Error creating bean with name 'tokensRepository' defined in org.example.backgrupo3vima.Repository.tokensRepository defined in @EnableJpaRepositories declared on JpaRepositoriesRegistrar.EnableJpaRepositoriesConfiguration: Could not create query for public abstract java.util.Optional org.example.backgrupo3vima.Repository.tokensRepository.findByUserId(java.lang.Long); Reason: Failed to create query for method public abstract java.util.Optional org.example.backgrupo3vima.Repository.tokensRepository.findByUserId(java.lang.Long); No property 'userId' found for type 'TokensEntity'
	at org.springframework.beans.factory.annotation.AutowiredAnnotationBeanPostProcessor$AutowiredFieldElement.resolveFieldValue(AutowiredAnnotationBeanPostProcessor.java:788) ~[spring-beans-6.2.3.jar:6.2.3]
	at org.springframework.beans.factory.annotation.AutowiredAnnotationBeanPostProcessor$AutowiredFieldElement.inject(AutowiredAnnotationBeanPostProcessor.java:768) ~[spring-beans-6.2.3.jar:6.2.3]
	at org.springframework.beans.factory.annotation.InjectionMetadata.inject(InjectionMetadata.java:146) ~[spring-beans-6.2.3.jar:6.2.3]
	at org.springframework.beans.factory.annotation.AutowiredAnnotationBeanPostProcessor.postProcessProperties(AutowiredAnnotationBeanPostProcessor.java:509) ~[spring-beans-6.2.3.jar:6.2.3]
	at org.springframework.beans.factory.support.AbstractAutowireCapableBeanFactory.populateBean(AbstractAutowireCapableBeanFactory.java:1445) ~[spring-beans-6.2.3.jar:6.2.3]
	at org.springframework.beans.factory.support.AbstractAutowireCapableBeanFactory.doCreateBean(AbstractAutowireCapableBeanFactory.java:600) ~[spring-beans-6.2.3.jar:6.2.3]
	at org.springframework.beans.factory.support.AbstractAutowireCapableBeanFactory.createBean(AbstractAutowireCapableBeanFactory.java:523) ~[spring-beans-6.2.3.jar:6.2.3]
	at org.springframework.beans.factory.support.AbstractBeanFactory.lambda$doGetBean$0(AbstractBeanFactory.java:339) ~[spring-beans-6.2.3.jar:6.2.3]
	at org.springframework.beans.factory.support.DefaultSingletonBeanRegistry.getSingleton(DefaultSingletonBeanRegistry.java:346) ~[spring-beans-6.2.3.jar:6.2.3]
	at org.springframework.beans.factory.support.AbstractBeanFactory.doGetBean(AbstractBeanFactory.java:337) ~[spring-beans-6.2.3.jar:6.2.3]
	at org.springframework.beans.factory.support.AbstractBeanFactory.getBean(AbstractBeanFactory.java:202) ~[spring-beans-6.2.3.jar:6.2.3]
	at org.springframework.beans.factory.config.DependencyDescriptor.resolveCandidate(DependencyDescriptor.java:254) ~[spring-beans-6.2.3.jar:6.2.3]
	at org.springframework.beans.factory.support.DefaultListableBeanFactory.doResolveDependency(DefaultListableBeanFactory.java:1664) ~[spring-beans-6.2.3.jar:6.2.3]
	at org.springframework.beans.factory.support.DefaultListableBeanFactory.resolveDependency(DefaultListableBeanFactory.java:1552) ~[spring-beans-6.2.3.jar:6.2.3]
	at org.springframework.beans.factory.annotation.AutowiredAnnotationBeanPostProcessor$AutowiredFieldElement.resolveFieldValue(AutowiredAnnotationBeanPostProcessor.java:785) ~[spring-beans-6.2.3.jar:6.2.3]
	... 25 common frames omitted
Caused by: org.springframework.beans.factory.BeanCreationException: Error creating bean with name 'tokensRepository' defined in org.example.backgrupo3vima.Repository.tokensRepository defined in @EnableJpaRepositories declared on JpaRepositoriesRegistrar.EnableJpaRepositoriesConfiguration: Could not create query for public abstract java.util.Optional org.example.backgrupo3vima.Repository.tokensRepository.findByUserId(java.lang.Long); Reason: Failed to create query for method public abstract java.util.Optional org.example.backgrupo3vima.Repository.tokensRepository.findByUserId(java.lang.Long); No property 'userId' found for type 'TokensEntity'
	at org.springframework.beans.factory.support.AbstractAutowireCapableBeanFactory.initializeBean(AbstractAutowireCapableBeanFactory.java:1812) ~[spring-beans-6.2.3.jar:6.2.3]
	at org.springframework.beans.factory.support.AbstractAutowireCapableBeanFactory.doCreateBean(AbstractAutowireCapableBeanFactory.java:601) ~[spring-beans-6.2.3.jar:6.2.3]
	at org.springframework.beans.factory.support.AbstractAutowireCapableBeanFactory.createBean(AbstractAutowireCapableBeanFactory.java:523) ~[spring-beans-6.2.3.jar:6.2.3]
	at org.springframework.beans.factory.support.AbstractBeanFactory.lambda$doGetBean$0(AbstractBeanFactory.java:339) ~[spring-beans-6.2.3.jar:6.2.3]
	at org.springframework.beans.factory.support.DefaultSingletonBeanRegistry.getSingleton(DefaultSingletonBeanRegistry.java:346) ~[spring-beans-6.2.3.jar:6.2.3]
	at org.springframework.beans.factory.support.AbstractBeanFactory.doGetBean(AbstractBeanFactory.java:337) ~[spring-beans-6.2.3.jar:6.2.3]
	at org.springframework.beans.factory.support.AbstractBeanFactory.getBean(AbstractBeanFactory.java:202) ~[spring-beans-6.2.3.jar:6.2.3]
	at org.springframework.beans.factory.support.DefaultListableBeanFactory.doResolveDependency(DefaultListableBeanFactory.java:1606) ~[spring-beans-6.2.3.jar:6.2.3]
	at org.springframework.beans.factory.support.DefaultListableBeanFactory.resolveDependency(DefaultListableBeanFactory.java:1552) ~[spring-beans-6.2.3.jar:6.2.3]
	at org.springframework.beans.factory.annotation.AutowiredAnnotationBeanPostProcessor$AutowiredFieldElement.resolveFieldValue(AutowiredAnnotationBeanPostProcessor.java:785) ~[spring-beans-6.2.3.jar:6.2.3]
	... 39 common frames omitted
Caused by: org.springframework.data.repository.query.QueryCreationException: Could not create query for public abstract java.util.Optional org.example.backgrupo3vima.Repository.tokensRepository.findByUserId(java.lang.Long); Reason: Failed to create query for method public abstract java.util.Optional org.example.backgrupo3vima.Repository.tokensRepository.findByUserId(java.lang.Long); No property 'userId' found for type 'TokensEntity'
	at org.springframework.data.repository.query.QueryCreationException.create(QueryCreationException.java:101) ~[spring-data-commons-3.4.3.jar:3.4.3]
	at org.springframework.data.repository.core.support.QueryExecutorMethodInterceptor.lookupQuery(QueryExecutorMethodInterceptor.java:120) ~[spring-data-commons-3.4.3.jar:3.4.3]
	at org.springframework.data.repository.core.support.QueryExecutorMethodInterceptor.mapMethodsToQuery(QueryExecutorMethodInterceptor.java:104) ~[spring-data-commons-3.4.3.jar:3.4.3]
	at org.springframework.data.repository.core.support.QueryExecutorMethodInterceptor.lambda$new$0(QueryExecutorMethodInterceptor.java:92) ~[spring-data-commons-3.4.3.jar:3.4.3]
	at java.base/java.util.Optional.map(Optional.java:260) ~[na:na]
	at org.springframework.data.repository.core.support.QueryExecutorMethodInterceptor.<init>(QueryExecutorMethodInterceptor.java:92) ~[spring-data-commons-3.4.3.jar:3.4.3]
	at org.springframework.data.repository.core.support.RepositoryFactorySupport.getRepository(RepositoryFactorySupport.java:440) ~[spring-data-commons-3.4.3.jar:3.4.3]
	at org.springframework.data.repository.core.support.RepositoryFactoryBeanSupport.lambda$afterPropertiesSet$4(RepositoryFactoryBeanSupport.java:350) ~[spring-data-commons-3.4.3.jar:3.4.3]
	at org.springframework.data.util.Lazy.getNullable(Lazy.java:135) ~[spring-data-commons-3.4.3.jar:3.4.3]
	at org.springframework.data.util.Lazy.get(Lazy.java:113) ~[spring-data-commons-3.4.3.jar:3.4.3]
	at org.springframework.data.repository.core.support.RepositoryFactoryBeanSupport.afterPropertiesSet(RepositoryFactoryBeanSupport.java:356) ~[spring-data-commons-3.4.3.jar:3.4.3]
	at org.springframework.data.jpa.repository.support.JpaRepositoryFactoryBean.afterPropertiesSet(JpaRepositoryFactoryBean.java:132) ~[spring-data-jpa-3.4.3.jar:3.4.3]
	at org.springframework.beans.factory.support.AbstractAutowireCapableBeanFactory.invokeInitMethods(AbstractAutowireCapableBeanFactory.java:1859) ~[spring-beans-6.2.3.jar:6.2.3]
	at org.springframework.beans.factory.support.AbstractAutowireCapableBeanFactory.initializeBean(AbstractAutowireCapableBeanFactory.java:1808) ~[spring-beans-6.2.3.jar:6.2.3]
	... 48 common frames omitted
Caused by: java.lang.IllegalArgumentException: Failed to create query for method public abstract java.util.Optional org.example.backgrupo3vima.Repository.tokensRepository.findByUserId(java.lang.Long); No property 'userId' found for type 'TokensEntity'
	at org.springframework.data.jpa.repository.query.PartTreeJpaQuery.<init>(PartTreeJpaQuery.java:107) ~[spring-data-jpa-3.4.3.jar:3.4.3]
	at org.springframework.data.jpa.repository.query.JpaQueryLookupStrategy$CreateQueryLookupStrategy.resolveQuery(JpaQueryLookupStrategy.java:128) ~[spring-data-jpa-3.4.3.jar:3.4.3]
	at org.springframework.data.jpa.repository.query.JpaQueryLookupStrategy$CreateIfNotFoundQueryLookupStrategy.resolveQuery(JpaQueryLookupStrategy.java:262) ~[spring-data-jpa-3.4.3.jar:3.4.3]
	at org.springframework.data.jpa.repository.query.JpaQueryLookupStrategy$AbstractQueryLookupStrategy.resolveQuery(JpaQueryLookupStrategy.java:99) ~[spring-data-jpa-3.4.3.jar:3.4.3]
	at org.springframework.data.repository.core.support.QueryExecutorMethodInterceptor.lookupQuery(QueryExecutorMethodInterceptor.java:116) ~[spring-data-commons-3.4.3.jar:3.4.3]
	... 60 common frames omitted
Caused by: org.springframework.data.mapping.PropertyReferenceException: No property 'userId' found for type 'TokensEntity'
	at org.springframework.data.mapping.PropertyPath.<init>(PropertyPath.java:94) ~[spring-data-commons-3.4.3.jar:3.4.3]
	at org.springframework.data.mapping.PropertyPath.create(PropertyPath.java:455) ~[spring-data-commons-3.4.3.jar:3.4.3]
	at org.springframework.data.mapping.PropertyPath.create(PropertyPath.java:431) ~[spring-data-commons-3.4.3.jar:3.4.3]
	at org.springframework.data.mapping.PropertyPath.lambda$from$0(PropertyPath.java:384) ~[spring-data-commons-3.4.3.jar:3.4.3]
	at java.base/java.util.concurrent.ConcurrentMap.computeIfAbsent(ConcurrentMap.java:330) ~[na:na]
	at org.springframework.data.mapping.PropertyPath.from(PropertyPath.java:366) ~[spring-data-commons-3.4.3.jar:3.4.3]
	at org.springframework.data.mapping.PropertyPath.from(PropertyPath.java:344) ~[spring-data-commons-3.4.3.jar:3.4.3]
	at org.springframework.data.repository.query.parser.Part.<init>(Part.java:81) ~[spring-data-commons-3.4.3.jar:3.4.3]
	at org.springframework.data.repository.query.parser.PartTree$OrPart.lambda$new$0(PartTree.java:259) ~[spring-data-commons-3.4.3.jar:3.4.3]
	at java.base/java.util.stream.ReferencePipeline$3$1.accept(ReferencePipeline.java:212) ~[na:na]
	at java.base/java.util.stream.ReferencePipeline$2$1.accept(ReferencePipeline.java:194) ~[na:na]
	at java.base/java.util.Spliterators$ArraySpliterator.forEachRemaining(Spliterators.java:1024) ~[na:na]
	at java.base/java.util.stream.AbstractPipeline.copyInto(AbstractPipeline.java:556) ~[na:na]
	at java.base/java.util.stream.AbstractPipeline.wrapAndCopyInto(AbstractPipeline.java:546) ~[na:na]
	at java.base/java.util.stream.ReduceOps$ReduceOp.evaluateSequential(ReduceOps.java:921) ~[na:na]
	at java.base/java.util.stream.AbstractPipeline.evaluate(AbstractPipeline.java:265) ~[na:na]
	at java.base/java.util.stream.ReferencePipeline.collect(ReferencePipeline.java:702) ~[na:na]
	at org.springframework.data.repository.query.parser.PartTree$OrPart.<init>(PartTree.java:260) ~[spring-data-commons-3.4.3.jar:3.4.3]
	at org.springframework.data.repository.query.parser.PartTree$Predicate.lambda$new$0(PartTree.java:389) ~[spring-data-commons-3.4.3.jar:3.4.3]
	at java.base/java.util.stream.ReferencePipeline$3$1.accept(ReferencePipeline.java:212) ~[na:na]
	at java.base/java.util.stream.ReferencePipeline$2$1.accept(ReferencePipeline.java:194) ~[na:na]
	at java.base/java.util.Spliterators$ArraySpliterator.forEachRemaining(Spliterators.java:1024) ~[na:na]
	at java.base/java.util.stream.AbstractPipeline.copyInto(AbstractPipeline.java:556) ~[na:na]
	at java.base/java.util.stream.AbstractPipeline.wrapAndCopyInto(AbstractPipeline.java:546) ~[na:na]
	at java.base/java.util.stream.ReduceOps$ReduceOp.evaluateSequential(ReduceOps.java:921) ~[na:na]
	at java.base/java.util.stream.AbstractPipeline.evaluate(AbstractPipeline.java:265) ~[na:na]
	at java.base/java.util.stream.ReferencePipeline.collect(ReferencePipeline.java:702) ~[na:na]
	at org.springframework.data.repository.query.parser.PartTree$Predicate.<init>(PartTree.java:390) ~[spring-data-commons-3.4.3.jar:3.4.3]
	at org.springframework.data.repository.query.parser.PartTree.<init>(PartTree.java:103) ~[spring-data-commons-3.4.3.jar:3.4.3]
	at org.springframework.data.jpa.repository.query.PartTreeJpaQuery.<init>(PartTreeJpaQuery.java:101) ~[spring-data-jpa-3.4.3.jar:3.4.3]
	... 64 common frames omitted

2025-04-11T11:13:12.371-03:00  INFO 28600 --- [backGrupo3ViMa] [restartedMain] o.e.b.BackGrupo3ViMaApplication          : Starting BackGrupo3ViMaApplication using Java 22.0.1 with PID 28600 (C:\Users\Enzo\Documents\GitHub\DesarrolloAPSI\backend\backGrupo4ViMa\target\classes started by Enzo in C:\Users\Enzo\Documents\GitHub\DesarrolloAPSI)
2025-04-11T11:13:12.373-03:00  INFO 28600 --- [backGrupo3ViMa] [restartedMain] o.e.b.BackGrupo3ViMaApplication          : No active profile set, falling back to 1 default profile: "default"
2025-04-11T11:13:12.414-03:00  INFO 28600 --- [backGrupo3ViMa] [restartedMain] .e.DevToolsPropertyDefaultsPostProcessor : Devtools property defaults active! Set 'spring.devtools.add-properties' to 'false' to disable
2025-04-11T11:13:12.414-03:00  INFO 28600 --- [backGrupo3ViMa] [restartedMain] .e.DevToolsPropertyDefaultsPostProcessor : For additional web related logging consider setting the 'logging.level.web' property to 'DEBUG'
2025-04-11T11:13:13.180-03:00  INFO 28600 --- [backGrupo3ViMa] [restartedMain] .s.d.r.c.RepositoryConfigurationDelegate : Bootstrapping Spring Data JPA repositories in DEFAULT mode.
2025-04-11T11:13:13.245-03:00  INFO 28600 --- [backGrupo3ViMa] [restartedMain] .s.d.r.c.RepositoryConfigurationDelegate : Finished Spring Data repository scanning in 58 ms. Found 5 JPA repository interfaces.
2025-04-11T11:13:13.833-03:00  INFO 28600 --- [backGrupo3ViMa] [restartedMain] o.s.b.w.embedded.tomcat.TomcatWebServer  : Tomcat initialized with port 4002 (http)
2025-04-11T11:13:13.844-03:00  INFO 28600 --- [backGrupo3ViMa] [restartedMain] o.apache.catalina.core.StandardService   : Starting service [Tomcat]
2025-04-11T11:13:13.844-03:00  INFO 28600 --- [backGrupo3ViMa] [restartedMain] o.apache.catalina.core.StandardEngine    : Starting Servlet engine: [Apache Tomcat/10.1.36]
2025-04-11T11:13:13.884-03:00  INFO 28600 --- [backGrupo3ViMa] [restartedMain] o.a.c.c.C.[Tomcat].[localhost].[/]       : Initializing Spring embedded WebApplicationContext
2025-04-11T11:13:13.884-03:00  INFO 28600 --- [backGrupo3ViMa] [restartedMain] w.s.c.ServletWebServerApplicationContext : Root WebApplicationContext: initialization completed in 1469 ms
2025-04-11T11:13:14.023-03:00 DEBUG 28600 --- [backGrupo3ViMa] [restartedMain] o.s.w.f.ServerHttpObservationFilter      : Filter 'webMvcObservationFilter' configured for use
2025-04-11T11:13:14.127-03:00  INFO 28600 --- [backGrupo3ViMa] [restartedMain] o.hibernate.jpa.internal.util.LogHelper  : HHH000204: Processing PersistenceUnitInfo [name: default]
2025-04-11T11:13:14.176-03:00  INFO 28600 --- [backGrupo3ViMa] [restartedMain] org.hibernate.Version                    : HHH000412: Hibernate ORM core version 6.6.8.Final
2025-04-11T11:13:14.203-03:00  INFO 28600 --- [backGrupo3ViMa] [restartedMain] o.h.c.internal.RegionFactoryInitiator    : HHH000026: Second-level cache disabled
2025-04-11T11:13:14.414-03:00  INFO 28600 --- [backGrupo3ViMa] [restartedMain] o.s.o.j.p.SpringPersistenceUnitInfo      : No LoadTimeWeaver setup: ignoring JPA class transformer
2025-04-11T11:13:14.438-03:00  INFO 28600 --- [backGrupo3ViMa] [restartedMain] com.zaxxer.hikari.HikariDataSource       : HikariPool-1 - Starting...
2025-04-11T11:13:14.663-03:00  INFO 28600 --- [backGrupo3ViMa] [restartedMain] com.zaxxer.hikari.pool.HikariPool        : HikariPool-1 - Added connection com.mysql.cj.jdbc.ConnectionImpl@4a6d62dd
2025-04-11T11:13:14.664-03:00  INFO 28600 --- [backGrupo3ViMa] [restartedMain] com.zaxxer.hikari.HikariDataSource       : HikariPool-1 - Start completed.
2025-04-11T11:13:14.725-03:00  INFO 28600 --- [backGrupo3ViMa] [restartedMain] org.hibernate.orm.connections.pooling    : HHH10001005: Database info:
	Database JDBC URL [Connecting through datasource 'HikariDataSource (HikariPool-1)']
	Database driver: undefined/unknown
	Database version: 8.0.39
	Autocommit mode: undefined/unknown
	Isolation level: undefined/unknown
	Minimum pool size: undefined/unknown
	Maximum pool size: undefined/unknown
2025-04-11T11:13:15.459-03:00  INFO 28600 --- [backGrupo3ViMa] [restartedMain] o.h.e.t.j.p.i.JtaPlatformInitiator       : HHH000489: No JTA platform available (set 'hibernate.transaction.jta.platform' to enable JTA platform integration)
2025-04-11T11:13:15.503-03:00 DEBUG 28600 --- [backGrupo3ViMa] [restartedMain] org.hibernate.SQL                        : 
    create table doctor (
        id integer not null auto_increment,
        apellido varchar(255),
        email varchar(255),
        especialidad varchar(255),
        horario_fin datetime(6),
        horario_inicio datetime(6),
        nombre varchar(255),
        telefono varchar(255),
        primary key (id)
    ) engine=InnoDB
2025-04-11T11:13:15.527-03:00 DEBUG 28600 --- [backGrupo3ViMa] [restartedMain] org.hibernate.SQL                        : 
    create table tokens (
        id integer not null auto_increment,
        fecha_creacion date,
        token varchar(255),
        id_usuario integer,
        primary key (id)
    ) engine=InnoDB
2025-04-11T11:13:15.559-03:00 DEBUG 28600 --- [backGrupo3ViMa] [restartedMain] org.hibernate.SQL                        : 
    create table turnos (
        id integer not null auto_increment,
        fecha_turno date,
        id_usuario integer,
        primary key (id)
    ) engine=InnoDB
2025-04-11T11:13:15.579-03:00 DEBUG 28600 --- [backGrupo3ViMa] [restartedMain] org.hibernate.SQL                        : 
    create table user (
        id integer not null auto_increment,
        apellido varchar(255),
        contrasenia varchar(255),
        dni varchar(255),
        edad integer,
        email varchar(255),
        fecha_nacimiento date,
        genero varchar(255),
        nombre varchar(255),
        urlimagenperfil varchar(255),
        obra_social_id bigint,
        primary key (id)
    ) engine=InnoDB
2025-04-11T11:13:15.601-03:00 DEBUG 28600 --- [backGrupo3ViMa] [restartedMain] org.hibernate.SQL                        : 
    alter table user 
       drop index UKjq0ta6mef3p0o47ysw6sflcdl
2025-04-11T11:13:15.626-03:00 DEBUG 28600 --- [backGrupo3ViMa] [restartedMain] org.hibernate.SQL                        : 
    alter table user 
       add constraint UKjq0ta6mef3p0o47ysw6sflcdl unique (dni)
2025-04-11T11:13:15.640-03:00 DEBUG 28600 --- [backGrupo3ViMa] [restartedMain] org.hibernate.SQL                        : 
    alter table user 
       drop index UKob8kqyqqgmefl0aco34akdtpe
2025-04-11T11:13:15.641-03:00 DEBUG 28600 --- [backGrupo3ViMa] [restartedMain] org.hibernate.SQL                        : 
    alter table user 
       add constraint UKob8kqyqqgmefl0aco34akdtpe unique (email)
2025-04-11T11:13:15.655-03:00 DEBUG 28600 --- [backGrupo3ViMa] [restartedMain] org.hibernate.SQL                        : 
    alter table tokens 
       add constraint FKjajuaxno3339ta7lvccsd6olr 
       foreign key (id_usuario) 
       references user (id)
2025-04-11T11:13:15.707-03:00 DEBUG 28600 --- [backGrupo3ViMa] [restartedMain] org.hibernate.SQL                        : 
    alter table turnos 
       add constraint FKn3ojpbii4h0ypsyqoh9hk3sc5 
       foreign key (id_usuario) 
       references user (id)
2025-04-11T11:13:15.754-03:00 DEBUG 28600 --- [backGrupo3ViMa] [restartedMain] org.hibernate.SQL                        : 
    alter table user 
       add constraint FKfa8fs5q5n2jmtr8n7c8qew1mu 
       foreign key (obra_social_id) 
       references obras_sociales (id)
2025-04-11T11:13:15.838-03:00 DEBUG 28600 --- [backGrupo3ViMa] [restartedMain] org.hibernate.SQL                        : 
    alter table usuario_doctor 
       add constraint FKn7ufiohutbnxqw069cdk2xteb 
       foreign key (doctor_id) 
       references doctor (id)
2025-04-11T11:13:15.887-03:00 DEBUG 28600 --- [backGrupo3ViMa] [restartedMain] org.hibernate.SQL                        : 
    alter table usuario_doctor 
       add constraint FKmm05x6ywh6wp3toioh1peg0p7 
       foreign key (usuario_id) 
       references user (id)
2025-04-11T11:13:15.941-03:00  INFO 28600 --- [backGrupo3ViMa] [restartedMain] j.LocalContainerEntityManagerFactoryBean : Initialized JPA EntityManagerFactory for persistence unit 'default'
2025-04-11T11:13:16.201-03:00  WARN 28600 --- [backGrupo3ViMa] [restartedMain] ConfigServletWebServerApplicationContext : Exception encountered during context initialization - cancelling refresh attempt: org.springframework.beans.factory.UnsatisfiedDependencyException: Error creating bean with name 'tokensController': Unsatisfied dependency expressed through field 'tokensService': Error creating bean with name 'tokensServiceImpl': Unsatisfied dependency expressed through field 'tokensRepository': Error creating bean with name 'tokensRepository' defined in org.example.backgrupo3vima.Repository.tokensRepository defined in @EnableJpaRepositories declared on JpaRepositoriesRegistrar.EnableJpaRepositoriesConfiguration: Could not create query for public abstract java.util.Optional org.example.backgrupo3vima.Repository.tokensRepository.findByUserId(java.lang.Long); Reason: Failed to create query for method public abstract java.util.Optional org.example.backgrupo3vima.Repository.tokensRepository.findByUserId(java.lang.Long); No property 'userId' found for type 'Tokens'
2025-04-11T11:13:16.201-03:00  INFO 28600 --- [backGrupo3ViMa] [restartedMain] j.LocalContainerEntityManagerFactoryBean : Closing JPA EntityManagerFactory for persistence unit 'default'
2025-04-11T11:13:16.205-03:00  INFO 28600 --- [backGrupo3ViMa] [restartedMain] com.zaxxer.hikari.HikariDataSource       : HikariPool-1 - Shutdown initiated...
2025-04-11T11:13:16.210-03:00  INFO 28600 --- [backGrupo3ViMa] [restartedMain] com.zaxxer.hikari.HikariDataSource       : HikariPool-1 - Shutdown completed.
2025-04-11T11:13:16.214-03:00  INFO 28600 --- [backGrupo3ViMa] [restartedMain] o.apache.catalina.core.StandardService   : Stopping service [Tomcat]
2025-04-11T11:13:16.224-03:00  INFO 28600 --- [backGrupo3ViMa] [restartedMain] .s.b.a.l.ConditionEvaluationReportLogger : 

Error starting ApplicationContext. To display the condition evaluation report re-run your application with 'debug' enabled.
2025-04-11T11:13:16.242-03:00 ERROR 28600 --- [backGrupo3ViMa] [restartedMain] o.s.boot.SpringApplication               : Application run failed

org.springframework.beans.factory.UnsatisfiedDependencyException: Error creating bean with name 'tokensController': Unsatisfied dependency expressed through field 'tokensService': Error creating bean with name 'tokensServiceImpl': Unsatisfied dependency expressed through field 'tokensRepository': Error creating bean with name 'tokensRepository' defined in org.example.backgrupo3vima.Repository.tokensRepository defined in @EnableJpaRepositories declared on JpaRepositoriesRegistrar.EnableJpaRepositoriesConfiguration: Could not create query for public abstract java.util.Optional org.example.backgrupo3vima.Repository.tokensRepository.findByUserId(java.lang.Long); Reason: Failed to create query for method public abstract java.util.Optional org.example.backgrupo3vima.Repository.tokensRepository.findByUserId(java.lang.Long); No property 'userId' found for type 'Tokens'
	at org.springframework.beans.factory.annotation.AutowiredAnnotationBeanPostProcessor$AutowiredFieldElement.resolveFieldValue(AutowiredAnnotationBeanPostProcessor.java:788) ~[spring-beans-6.2.3.jar:6.2.3]
	at org.springframework.beans.factory.annotation.AutowiredAnnotationBeanPostProcessor$AutowiredFieldElement.inject(AutowiredAnnotationBeanPostProcessor.java:768) ~[spring-beans-6.2.3.jar:6.2.3]
	at org.springframework.beans.factory.annotation.InjectionMetadata.inject(InjectionMetadata.java:146) ~[spring-beans-6.2.3.jar:6.2.3]
	at org.springframework.beans.factory.annotation.AutowiredAnnotationBeanPostProcessor.postProcessProperties(AutowiredAnnotationBeanPostProcessor.java:509) ~[spring-beans-6.2.3.jar:6.2.3]
	at org.springframework.beans.factory.support.AbstractAutowireCapableBeanFactory.populateBean(AbstractAutowireCapableBeanFactory.java:1445) ~[spring-beans-6.2.3.jar:6.2.3]
	at org.springframework.beans.factory.support.AbstractAutowireCapableBeanFactory.doCreateBean(AbstractAutowireCapableBeanFactory.java:600) ~[spring-beans-6.2.3.jar:6.2.3]
	at org.springframework.beans.factory.support.AbstractAutowireCapableBeanFactory.createBean(AbstractAutowireCapableBeanFactory.java:523) ~[spring-beans-6.2.3.jar:6.2.3]
	at org.springframework.beans.factory.support.AbstractBeanFactory.lambda$doGetBean$0(AbstractBeanFactory.java:339) ~[spring-beans-6.2.3.jar:6.2.3]
	at org.springframework.beans.factory.support.DefaultSingletonBeanRegistry.getSingleton(DefaultSingletonBeanRegistry.java:346) ~[spring-beans-6.2.3.jar:6.2.3]
	at org.springframework.beans.factory.support.AbstractBeanFactory.doGetBean(AbstractBeanFactory.java:337) ~[spring-beans-6.2.3.jar:6.2.3]
	at org.springframework.beans.factory.support.AbstractBeanFactory.getBean(AbstractBeanFactory.java:202) ~[spring-beans-6.2.3.jar:6.2.3]
	at org.springframework.beans.factory.support.DefaultListableBeanFactory.instantiateSingleton(DefaultListableBeanFactory.java:1155) ~[spring-beans-6.2.3.jar:6.2.3]
	at org.springframework.beans.factory.support.DefaultListableBeanFactory.preInstantiateSingleton(DefaultListableBeanFactory.java:1121) ~[spring-beans-6.2.3.jar:6.2.3]
	at org.springframework.beans.factory.support.DefaultListableBeanFactory.preInstantiateSingletons(DefaultListableBeanFactory.java:1056) ~[spring-beans-6.2.3.jar:6.2.3]
	at org.springframework.context.support.AbstractApplicationContext.finishBeanFactoryInitialization(AbstractApplicationContext.java:987) ~[spring-context-6.2.3.jar:6.2.3]
	at org.springframework.context.support.AbstractApplicationContext.refresh(AbstractApplicationContext.java:627) ~[spring-context-6.2.3.jar:6.2.3]
	at org.springframework.boot.web.servlet.context.ServletWebServerApplicationContext.refresh(ServletWebServerApplicationContext.java:146) ~[spring-boot-3.4.3.jar:3.4.3]
	at org.springframework.boot.SpringApplication.refresh(SpringApplication.java:752) ~[spring-boot-3.4.3.jar:3.4.3]
	at org.springframework.boot.SpringApplication.refreshContext(SpringApplication.java:439) ~[spring-boot-3.4.3.jar:3.4.3]
	at org.springframework.boot.SpringApplication.run(SpringApplication.java:318) ~[spring-boot-3.4.3.jar:3.4.3]
	at org.springframework.boot.SpringApplication.run(SpringApplication.java:1361) ~[spring-boot-3.4.3.jar:3.4.3]
	at org.springframework.boot.SpringApplication.run(SpringApplication.java:1350) ~[spring-boot-3.4.3.jar:3.4.3]
	at org.example.backgrupo3vima.BackGrupo3ViMaApplication.main(BackGrupo3ViMaApplication.java:13) ~[classes/:na]
	at java.base/jdk.internal.reflect.DirectMethodHandleAccessor.invoke(DirectMethodHandleAccessor.java:103) ~[na:na]
	at java.base/java.lang.reflect.Method.invoke(Method.java:580) ~[na:na]
	at org.springframework.boot.devtools.restart.RestartLauncher.run(RestartLauncher.java:50) ~[spring-boot-devtools-3.4.3.jar:3.4.3]
Caused by: org.springframework.beans.factory.UnsatisfiedDependencyException: Error creating bean with name 'tokensServiceImpl': Unsatisfied dependency expressed through field 'tokensRepository': Error creating bean with name 'tokensRepository' defined in org.example.backgrupo3vima.Repository.tokensRepository defined in @EnableJpaRepositories declared on JpaRepositoriesRegistrar.EnableJpaRepositoriesConfiguration: Could not create query for public abstract java.util.Optional org.example.backgrupo3vima.Repository.tokensRepository.findByUserId(java.lang.Long); Reason: Failed to create query for method public abstract java.util.Optional org.example.backgrupo3vima.Repository.tokensRepository.findByUserId(java.lang.Long); No property 'userId' found for type 'Tokens'
	at org.springframework.beans.factory.annotation.AutowiredAnnotationBeanPostProcessor$AutowiredFieldElement.resolveFieldValue(AutowiredAnnotationBeanPostProcessor.java:788) ~[spring-beans-6.2.3.jar:6.2.3]
	at org.springframework.beans.factory.annotation.AutowiredAnnotationBeanPostProcessor$AutowiredFieldElement.inject(AutowiredAnnotationBeanPostProcessor.java:768) ~[spring-beans-6.2.3.jar:6.2.3]
	at org.springframework.beans.factory.annotation.InjectionMetadata.inject(InjectionMetadata.java:146) ~[spring-beans-6.2.3.jar:6.2.3]
	at org.springframework.beans.factory.annotation.AutowiredAnnotationBeanPostProcessor.postProcessProperties(AutowiredAnnotationBeanPostProcessor.java:509) ~[spring-beans-6.2.3.jar:6.2.3]
	at org.springframework.beans.factory.support.AbstractAutowireCapableBeanFactory.populateBean(AbstractAutowireCapableBeanFactory.java:1445) ~[spring-beans-6.2.3.jar:6.2.3]
	at org.springframework.beans.factory.support.AbstractAutowireCapableBeanFactory.doCreateBean(AbstractAutowireCapableBeanFactory.java:600) ~[spring-beans-6.2.3.jar:6.2.3]
	at org.springframework.beans.factory.support.AbstractAutowireCapableBeanFactory.createBean(AbstractAutowireCapableBeanFactory.java:523) ~[spring-beans-6.2.3.jar:6.2.3]
	at org.springframework.beans.factory.support.AbstractBeanFactory.lambda$doGetBean$0(AbstractBeanFactory.java:339) ~[spring-beans-6.2.3.jar:6.2.3]
	at org.springframework.beans.factory.support.DefaultSingletonBeanRegistry.getSingleton(DefaultSingletonBeanRegistry.java:346) ~[spring-beans-6.2.3.jar:6.2.3]
	at org.springframework.beans.factory.support.AbstractBeanFactory.doGetBean(AbstractBeanFactory.java:337) ~[spring-beans-6.2.3.jar:6.2.3]
	at org.springframework.beans.factory.support.AbstractBeanFactory.getBean(AbstractBeanFactory.java:202) ~[spring-beans-6.2.3.jar:6.2.3]
	at org.springframework.beans.factory.config.DependencyDescriptor.resolveCandidate(DependencyDescriptor.java:254) ~[spring-beans-6.2.3.jar:6.2.3]
	at org.springframework.beans.factory.support.DefaultListableBeanFactory.doResolveDependency(DefaultListableBeanFactory.java:1664) ~[spring-beans-6.2.3.jar:6.2.3]
	at org.springframework.beans.factory.support.DefaultListableBeanFactory.resolveDependency(DefaultListableBeanFactory.java:1552) ~[spring-beans-6.2.3.jar:6.2.3]
	at org.springframework.beans.factory.annotation.AutowiredAnnotationBeanPostProcessor$AutowiredFieldElement.resolveFieldValue(AutowiredAnnotationBeanPostProcessor.java:785) ~[spring-beans-6.2.3.jar:6.2.3]
	... 25 common frames omitted
Caused by: org.springframework.beans.factory.BeanCreationException: Error creating bean with name 'tokensRepository' defined in org.example.backgrupo3vima.Repository.tokensRepository defined in @EnableJpaRepositories declared on JpaRepositoriesRegistrar.EnableJpaRepositoriesConfiguration: Could not create query for public abstract java.util.Optional org.example.backgrupo3vima.Repository.tokensRepository.findByUserId(java.lang.Long); Reason: Failed to create query for method public abstract java.util.Optional org.example.backgrupo3vima.Repository.tokensRepository.findByUserId(java.lang.Long); No property 'userId' found for type 'Tokens'
	at org.springframework.beans.factory.support.AbstractAutowireCapableBeanFactory.initializeBean(AbstractAutowireCapableBeanFactory.java:1812) ~[spring-beans-6.2.3.jar:6.2.3]
	at org.springframework.beans.factory.support.AbstractAutowireCapableBeanFactory.doCreateBean(AbstractAutowireCapableBeanFactory.java:601) ~[spring-beans-6.2.3.jar:6.2.3]
	at org.springframework.beans.factory.support.AbstractAutowireCapableBeanFactory.createBean(AbstractAutowireCapableBeanFactory.java:523) ~[spring-beans-6.2.3.jar:6.2.3]
	at org.springframework.beans.factory.support.AbstractBeanFactory.lambda$doGetBean$0(AbstractBeanFactory.java:339) ~[spring-beans-6.2.3.jar:6.2.3]
	at org.springframework.beans.factory.support.DefaultSingletonBeanRegistry.getSingleton(DefaultSingletonBeanRegistry.java:346) ~[spring-beans-6.2.3.jar:6.2.3]
	at org.springframework.beans.factory.support.AbstractBeanFactory.doGetBean(AbstractBeanFactory.java:337) ~[spring-beans-6.2.3.jar:6.2.3]
	at org.springframework.beans.factory.support.AbstractBeanFactory.getBean(AbstractBeanFactory.java:202) ~[spring-beans-6.2.3.jar:6.2.3]
	at org.springframework.beans.factory.support.DefaultListableBeanFactory.doResolveDependency(DefaultListableBeanFactory.java:1606) ~[spring-beans-6.2.3.jar:6.2.3]
	at org.springframework.beans.factory.support.DefaultListableBeanFactory.resolveDependency(DefaultListableBeanFactory.java:1552) ~[spring-beans-6.2.3.jar:6.2.3]
	at org.springframework.beans.factory.annotation.AutowiredAnnotationBeanPostProcessor$AutowiredFieldElement.resolveFieldValue(AutowiredAnnotationBeanPostProcessor.java:785) ~[spring-beans-6.2.3.jar:6.2.3]
	... 39 common frames omitted
Caused by: org.springframework.data.repository.query.QueryCreationException: Could not create query for public abstract java.util.Optional org.example.backgrupo3vima.Repository.tokensRepository.findByUserId(java.lang.Long); Reason: Failed to create query for method public abstract java.util.Optional org.example.backgrupo3vima.Repository.tokensRepository.findByUserId(java.lang.Long); No property 'userId' found for type 'Tokens'
	at org.springframework.data.repository.query.QueryCreationException.create(QueryCreationException.java:101) ~[spring-data-commons-3.4.3.jar:3.4.3]
	at org.springframework.data.repository.core.support.QueryExecutorMethodInterceptor.lookupQuery(QueryExecutorMethodInterceptor.java:120) ~[spring-data-commons-3.4.3.jar:3.4.3]
	at org.springframework.data.repository.core.support.QueryExecutorMethodInterceptor.mapMethodsToQuery(QueryExecutorMethodInterceptor.java:104) ~[spring-data-commons-3.4.3.jar:3.4.3]
	at org.springframework.data.repository.core.support.QueryExecutorMethodInterceptor.lambda$new$0(QueryExecutorMethodInterceptor.java:92) ~[spring-data-commons-3.4.3.jar:3.4.3]
	at java.base/java.util.Optional.map(Optional.java:260) ~[na:na]
	at org.springframework.data.repository.core.support.QueryExecutorMethodInterceptor.<init>(QueryExecutorMethodInterceptor.java:92) ~[spring-data-commons-3.4.3.jar:3.4.3]
	at org.springframework.data.repository.core.support.RepositoryFactorySupport.getRepository(RepositoryFactorySupport.java:440) ~[spring-data-commons-3.4.3.jar:3.4.3]
	at org.springframework.data.repository.core.support.RepositoryFactoryBeanSupport.lambda$afterPropertiesSet$4(RepositoryFactoryBeanSupport.java:350) ~[spring-data-commons-3.4.3.jar:3.4.3]
	at org.springframework.data.util.Lazy.getNullable(Lazy.java:135) ~[spring-data-commons-3.4.3.jar:3.4.3]
	at org.springframework.data.util.Lazy.get(Lazy.java:113) ~[spring-data-commons-3.4.3.jar:3.4.3]
	at org.springframework.data.repository.core.support.RepositoryFactoryBeanSupport.afterPropertiesSet(RepositoryFactoryBeanSupport.java:356) ~[spring-data-commons-3.4.3.jar:3.4.3]
	at org.springframework.data.jpa.repository.support.JpaRepositoryFactoryBean.afterPropertiesSet(JpaRepositoryFactoryBean.java:132) ~[spring-data-jpa-3.4.3.jar:3.4.3]
	at org.springframework.beans.factory.support.AbstractAutowireCapableBeanFactory.invokeInitMethods(AbstractAutowireCapableBeanFactory.java:1859) ~[spring-beans-6.2.3.jar:6.2.3]
	at org.springframework.beans.factory.support.AbstractAutowireCapableBeanFactory.initializeBean(AbstractAutowireCapableBeanFactory.java:1808) ~[spring-beans-6.2.3.jar:6.2.3]
	... 48 common frames omitted
Caused by: java.lang.IllegalArgumentException: Failed to create query for method public abstract java.util.Optional org.example.backgrupo3vima.Repository.tokensRepository.findByUserId(java.lang.Long); No property 'userId' found for type 'Tokens'
	at org.springframework.data.jpa.repository.query.PartTreeJpaQuery.<init>(PartTreeJpaQuery.java:107) ~[spring-data-jpa-3.4.3.jar:3.4.3]
	at org.springframework.data.jpa.repository.query.JpaQueryLookupStrategy$CreateQueryLookupStrategy.resolveQuery(JpaQueryLookupStrategy.java:128) ~[spring-data-jpa-3.4.3.jar:3.4.3]
	at org.springframework.data.jpa.repository.query.JpaQueryLookupStrategy$CreateIfNotFoundQueryLookupStrategy.resolveQuery(JpaQueryLookupStrategy.java:262) ~[spring-data-jpa-3.4.3.jar:3.4.3]
	at org.springframework.data.jpa.repository.query.JpaQueryLookupStrategy$AbstractQueryLookupStrategy.resolveQuery(JpaQueryLookupStrategy.java:99) ~[spring-data-jpa-3.4.3.jar:3.4.3]
	at org.springframework.data.repository.core.support.QueryExecutorMethodInterceptor.lookupQuery(QueryExecutorMethodInterceptor.java:116) ~[spring-data-commons-3.4.3.jar:3.4.3]
	... 60 common frames omitted
Caused by: org.springframework.data.mapping.PropertyReferenceException: No property 'userId' found for type 'Tokens'
	at org.springframework.data.mapping.PropertyPath.<init>(PropertyPath.java:94) ~[spring-data-commons-3.4.3.jar:3.4.3]
	at org.springframework.data.mapping.PropertyPath.create(PropertyPath.java:455) ~[spring-data-commons-3.4.3.jar:3.4.3]
	at org.springframework.data.mapping.PropertyPath.create(PropertyPath.java:431) ~[spring-data-commons-3.4.3.jar:3.4.3]
	at org.springframework.data.mapping.PropertyPath.lambda$from$0(PropertyPath.java:384) ~[spring-data-commons-3.4.3.jar:3.4.3]
	at java.base/java.util.concurrent.ConcurrentMap.computeIfAbsent(ConcurrentMap.java:330) ~[na:na]
	at org.springframework.data.mapping.PropertyPath.from(PropertyPath.java:366) ~[spring-data-commons-3.4.3.jar:3.4.3]
	at org.springframework.data.mapping.PropertyPath.from(PropertyPath.java:344) ~[spring-data-commons-3.4.3.jar:3.4.3]
	at org.springframework.data.repository.query.parser.Part.<init>(Part.java:81) ~[spring-data-commons-3.4.3.jar:3.4.3]
	at org.springframework.data.repository.query.parser.PartTree$OrPart.lambda$new$0(PartTree.java:259) ~[spring-data-commons-3.4.3.jar:3.4.3]
	at java.base/java.util.stream.ReferencePipeline$3$1.accept(ReferencePipeline.java:212) ~[na:na]
	at java.base/java.util.stream.ReferencePipeline$2$1.accept(ReferencePipeline.java:194) ~[na:na]
	at java.base/java.util.Spliterators$ArraySpliterator.forEachRemaining(Spliterators.java:1024) ~[na:na]
	at java.base/java.util.stream.AbstractPipeline.copyInto(AbstractPipeline.java:556) ~[na:na]
	at java.base/java.util.stream.AbstractPipeline.wrapAndCopyInto(AbstractPipeline.java:546) ~[na:na]
	at java.base/java.util.stream.ReduceOps$ReduceOp.evaluateSequential(ReduceOps.java:921) ~[na:na]
	at java.base/java.util.stream.AbstractPipeline.evaluate(AbstractPipeline.java:265) ~[na:na]
	at java.base/java.util.stream.ReferencePipeline.collect(ReferencePipeline.java:702) ~[na:na]
	at org.springframework.data.repository.query.parser.PartTree$OrPart.<init>(PartTree.java:260) ~[spring-data-commons-3.4.3.jar:3.4.3]
	at org.springframework.data.repository.query.parser.PartTree$Predicate.lambda$new$0(PartTree.java:389) ~[spring-data-commons-3.4.3.jar:3.4.3]
	at java.base/java.util.stream.ReferencePipeline$3$1.accept(ReferencePipeline.java:212) ~[na:na]
	at java.base/java.util.stream.ReferencePipeline$2$1.accept(ReferencePipeline.java:194) ~[na:na]
	at java.base/java.util.Spliterators$ArraySpliterator.forEachRemaining(Spliterators.java:1024) ~[na:na]
	at java.base/java.util.stream.AbstractPipeline.copyInto(AbstractPipeline.java:556) ~[na:na]
	at java.base/java.util.stream.AbstractPipeline.wrapAndCopyInto(AbstractPipeline.java:546) ~[na:na]
	at java.base/java.util.stream.ReduceOps$ReduceOp.evaluateSequential(ReduceOps.java:921) ~[na:na]
	at java.base/java.util.stream.AbstractPipeline.evaluate(AbstractPipeline.java:265) ~[na:na]
	at java.base/java.util.stream.ReferencePipeline.collect(ReferencePipeline.java:702) ~[na:na]
	at org.springframework.data.repository.query.parser.PartTree$Predicate.<init>(PartTree.java:390) ~[spring-data-commons-3.4.3.jar:3.4.3]
	at org.springframework.data.repository.query.parser.PartTree.<init>(PartTree.java:103) ~[spring-data-commons-3.4.3.jar:3.4.3]
	at org.springframework.data.jpa.repository.query.PartTreeJpaQuery.<init>(PartTreeJpaQuery.java:101) ~[spring-data-jpa-3.4.3.jar:3.4.3]
	... 64 common frames omitted

2025-04-11T11:13:37.244-03:00  INFO 29040 --- [backGrupo3ViMa] [restartedMain] o.e.b.BackGrupo3ViMaApplication          : Starting BackGrupo3ViMaApplication using Java 22.0.1 with PID 29040 (C:\Users\Enzo\Documents\GitHub\DesarrolloAPSI\backend\backGrupo4ViMa\target\classes started by Enzo in C:\Users\Enzo\Documents\GitHub\DesarrolloAPSI)
2025-04-11T11:13:37.245-03:00  INFO 29040 --- [backGrupo3ViMa] [restartedMain] o.e.b.BackGrupo3ViMaApplication          : No active profile set, falling back to 1 default profile: "default"
2025-04-11T11:13:37.286-03:00  INFO 29040 --- [backGrupo3ViMa] [restartedMain] .e.DevToolsPropertyDefaultsPostProcessor : Devtools property defaults active! Set 'spring.devtools.add-properties' to 'false' to disable
2025-04-11T11:13:37.286-03:00  INFO 29040 --- [backGrupo3ViMa] [restartedMain] .e.DevToolsPropertyDefaultsPostProcessor : For additional web related logging consider setting the 'logging.level.web' property to 'DEBUG'
2025-04-11T11:13:38.018-03:00  INFO 29040 --- [backGrupo3ViMa] [restartedMain] .s.d.r.c.RepositoryConfigurationDelegate : Bootstrapping Spring Data JPA repositories in DEFAULT mode.
2025-04-11T11:13:38.073-03:00  INFO 29040 --- [backGrupo3ViMa] [restartedMain] .s.d.r.c.RepositoryConfigurationDelegate : Finished Spring Data repository scanning in 47 ms. Found 5 JPA repository interfaces.
2025-04-11T11:13:38.665-03:00  INFO 29040 --- [backGrupo3ViMa] [restartedMain] o.s.b.w.embedded.tomcat.TomcatWebServer  : Tomcat initialized with port 4002 (http)
2025-04-11T11:13:38.677-03:00  INFO 29040 --- [backGrupo3ViMa] [restartedMain] o.apache.catalina.core.StandardService   : Starting service [Tomcat]
2025-04-11T11:13:38.678-03:00  INFO 29040 --- [backGrupo3ViMa] [restartedMain] o.apache.catalina.core.StandardEngine    : Starting Servlet engine: [Apache Tomcat/10.1.36]
2025-04-11T11:13:38.719-03:00  INFO 29040 --- [backGrupo3ViMa] [restartedMain] o.a.c.c.C.[Tomcat].[localhost].[/]       : Initializing Spring embedded WebApplicationContext
2025-04-11T11:13:38.720-03:00  INFO 29040 --- [backGrupo3ViMa] [restartedMain] w.s.c.ServletWebServerApplicationContext : Root WebApplicationContext: initialization completed in 1431 ms
2025-04-11T11:13:38.866-03:00 DEBUG 29040 --- [backGrupo3ViMa] [restartedMain] o.s.w.f.ServerHttpObservationFilter      : Filter 'webMvcObservationFilter' configured for use
2025-04-11T11:13:38.968-03:00  INFO 29040 --- [backGrupo3ViMa] [restartedMain] o.hibernate.jpa.internal.util.LogHelper  : HHH000204: Processing PersistenceUnitInfo [name: default]
2025-04-11T11:13:39.011-03:00  INFO 29040 --- [backGrupo3ViMa] [restartedMain] org.hibernate.Version                    : HHH000412: Hibernate ORM core version 6.6.8.Final
2025-04-11T11:13:39.035-03:00  INFO 29040 --- [backGrupo3ViMa] [restartedMain] o.h.c.internal.RegionFactoryInitiator    : HHH000026: Second-level cache disabled
2025-04-11T11:13:39.251-03:00  INFO 29040 --- [backGrupo3ViMa] [restartedMain] o.s.o.j.p.SpringPersistenceUnitInfo      : No LoadTimeWeaver setup: ignoring JPA class transformer
2025-04-11T11:13:39.274-03:00  INFO 29040 --- [backGrupo3ViMa] [restartedMain] com.zaxxer.hikari.HikariDataSource       : HikariPool-1 - Starting...
2025-04-11T11:13:39.502-03:00  INFO 29040 --- [backGrupo3ViMa] [restartedMain] com.zaxxer.hikari.pool.HikariPool        : HikariPool-1 - Added connection com.mysql.cj.jdbc.ConnectionImpl@7787be10
2025-04-11T11:13:39.504-03:00  INFO 29040 --- [backGrupo3ViMa] [restartedMain] com.zaxxer.hikari.HikariDataSource       : HikariPool-1 - Start completed.
2025-04-11T11:13:39.566-03:00  INFO 29040 --- [backGrupo3ViMa] [restartedMain] org.hibernate.orm.connections.pooling    : HHH10001005: Database info:
	Database JDBC URL [Connecting through datasource 'HikariDataSource (HikariPool-1)']
	Database driver: undefined/unknown
	Database version: 8.0.39
	Autocommit mode: undefined/unknown
	Isolation level: undefined/unknown
	Minimum pool size: undefined/unknown
	Maximum pool size: undefined/unknown
2025-04-11T11:13:40.372-03:00  INFO 29040 --- [backGrupo3ViMa] [restartedMain] o.h.e.t.j.p.i.JtaPlatformInitiator       : HHH000489: No JTA platform available (set 'hibernate.transaction.jta.platform' to enable JTA platform integration)
2025-04-11T11:13:40.435-03:00 DEBUG 29040 --- [backGrupo3ViMa] [restartedMain] org.hibernate.SQL                        : 
    create table doctor (
        id integer not null auto_increment,
        apellido varchar(255),
        email varchar(255),
        especialidad varchar(255),
        horario_fin datetime(6),
        horario_inicio datetime(6),
        nombre varchar(255),
        telefono varchar(255),
        primary key (id)
    ) engine=InnoDB
2025-04-11T11:13:40.461-03:00 DEBUG 29040 --- [backGrupo3ViMa] [restartedMain] org.hibernate.SQL                        : 
    create table obras_sociales (
        id bigint not null auto_increment,
        tipo_obra_social enum ('GALENO','IOMA','MEDIFE','OMINT','OSDE','OSECAC','OTRO','PAMI','SANCOR_SALUD','SWISS_MEDICAL') not null,
        primary key (id)
    ) engine=InnoDB
2025-04-11T11:13:40.482-03:00 DEBUG 29040 --- [backGrupo3ViMa] [restartedMain] org.hibernate.SQL                        : 
    create table tokens (
        id integer not null auto_increment,
        fecha_creacion date,
        token varchar(255),
        id_usuario integer,
        primary key (id)
    ) engine=InnoDB
2025-04-11T11:13:40.500-03:00 DEBUG 29040 --- [backGrupo3ViMa] [restartedMain] org.hibernate.SQL                        : 
    create table turnos (
        id integer not null auto_increment,
        fecha_turno date,
        id_usuario integer,
        primary key (id)
    ) engine=InnoDB
2025-04-11T11:13:40.520-03:00 DEBUG 29040 --- [backGrupo3ViMa] [restartedMain] org.hibernate.SQL                        : 
    create table user (
        id integer not null auto_increment,
        apellido varchar(255),
        contrasenia varchar(255),
        dni varchar(255),
        edad integer,
        email varchar(255),
        fecha_nacimiento date,
        genero varchar(255),
        nombre varchar(255),
        urlimagenperfil varchar(255),
        obra_social_id bigint,
        primary key (id)
    ) engine=InnoDB
2025-04-11T11:13:40.543-03:00 DEBUG 29040 --- [backGrupo3ViMa] [restartedMain] org.hibernate.SQL                        : 
    create table usuario_doctor (
        usuario_id integer not null,
        doctor_id integer not null
    ) engine=InnoDB
2025-04-11T11:13:40.564-03:00 DEBUG 29040 --- [backGrupo3ViMa] [restartedMain] org.hibernate.SQL                        : 
    alter table user 
       drop index UKjq0ta6mef3p0o47ysw6sflcdl
2025-04-11T11:13:40.592-03:00 DEBUG 29040 --- [backGrupo3ViMa] [restartedMain] org.hibernate.SQL                        : 
    alter table user 
       add constraint UKjq0ta6mef3p0o47ysw6sflcdl unique (dni)
2025-04-11T11:13:40.610-03:00 DEBUG 29040 --- [backGrupo3ViMa] [restartedMain] org.hibernate.SQL                        : 
    alter table user 
       drop index UKob8kqyqqgmefl0aco34akdtpe
2025-04-11T11:13:40.613-03:00 DEBUG 29040 --- [backGrupo3ViMa] [restartedMain] org.hibernate.SQL                        : 
    alter table user 
       add constraint UKob8kqyqqgmefl0aco34akdtpe unique (email)
2025-04-11T11:13:40.631-03:00 DEBUG 29040 --- [backGrupo3ViMa] [restartedMain] org.hibernate.SQL                        : 
    alter table tokens 
       add constraint FKjajuaxno3339ta7lvccsd6olr 
       foreign key (id_usuario) 
       references user (id)
2025-04-11T11:13:40.690-03:00 DEBUG 29040 --- [backGrupo3ViMa] [restartedMain] org.hibernate.SQL                        : 
    alter table turnos 
       add constraint FKn3ojpbii4h0ypsyqoh9hk3sc5 
       foreign key (id_usuario) 
       references user (id)
2025-04-11T11:13:40.742-03:00 DEBUG 29040 --- [backGrupo3ViMa] [restartedMain] org.hibernate.SQL                        : 
    alter table user 
       add constraint FKfa8fs5q5n2jmtr8n7c8qew1mu 
       foreign key (obra_social_id) 
       references obras_sociales (id)
2025-04-11T11:13:40.881-03:00 DEBUG 29040 --- [backGrupo3ViMa] [restartedMain] org.hibernate.SQL                        : 
    alter table usuario_doctor 
       add constraint FKn7ufiohutbnxqw069cdk2xteb 
       foreign key (doctor_id) 
       references doctor (id)
2025-04-11T11:13:40.939-03:00 DEBUG 29040 --- [backGrupo3ViMa] [restartedMain] org.hibernate.SQL                        : 
    alter table usuario_doctor 
       add constraint FKmm05x6ywh6wp3toioh1peg0p7 
       foreign key (usuario_id) 
       references user (id)
2025-04-11T11:13:40.992-03:00  INFO 29040 --- [backGrupo3ViMa] [restartedMain] j.LocalContainerEntityManagerFactoryBean : Initialized JPA EntityManagerFactory for persistence unit 'default'
2025-04-11T11:13:41.305-03:00  WARN 29040 --- [backGrupo3ViMa] [restartedMain] ConfigServletWebServerApplicationContext : Exception encountered during context initialization - cancelling refresh attempt: org.springframework.beans.factory.UnsatisfiedDependencyException: Error creating bean with name 'tokensController': Unsatisfied dependency expressed through field 'tokensService': Error creating bean with name 'tokensServiceImpl': Unsatisfied dependency expressed through field 'tokensRepository': Error creating bean with name 'tokensRepository' defined in org.example.backgrupo3vima.Repository.tokensRepository defined in @EnableJpaRepositories declared on JpaRepositoriesRegistrar.EnableJpaRepositoriesConfiguration: Could not create query for public abstract java.util.Optional org.example.backgrupo3vima.Repository.tokensRepository.findByUserId(java.lang.Long); Reason: Failed to create query for method public abstract java.util.Optional org.example.backgrupo3vima.Repository.tokensRepository.findByUserId(java.lang.Long); No property 'userId' found for type 'Tokens'
2025-04-11T11:13:41.305-03:00  INFO 29040 --- [backGrupo3ViMa] [restartedMain] j.LocalContainerEntityManagerFactoryBean : Closing JPA EntityManagerFactory for persistence unit 'default'
2025-04-11T11:13:41.308-03:00  INFO 29040 --- [backGrupo3ViMa] [restartedMain] com.zaxxer.hikari.HikariDataSource       : HikariPool-1 - Shutdown initiated...
2025-04-11T11:13:41.316-03:00  INFO 29040 --- [backGrupo3ViMa] [restartedMain] com.zaxxer.hikari.HikariDataSource       : HikariPool-1 - Shutdown completed.
2025-04-11T11:13:41.319-03:00  INFO 29040 --- [backGrupo3ViMa] [restartedMain] o.apache.catalina.core.StandardService   : Stopping service [Tomcat]
2025-04-11T11:13:41.331-03:00  INFO 29040 --- [backGrupo3ViMa] [restartedMain] .s.b.a.l.ConditionEvaluationReportLogger : 

Error starting ApplicationContext. To display the condition evaluation report re-run your application with 'debug' enabled.
2025-04-11T11:13:41.350-03:00 ERROR 29040 --- [backGrupo3ViMa] [restartedMain] o.s.boot.SpringApplication               : Application run failed

org.springframework.beans.factory.UnsatisfiedDependencyException: Error creating bean with name 'tokensController': Unsatisfied dependency expressed through field 'tokensService': Error creating bean with name 'tokensServiceImpl': Unsatisfied dependency expressed through field 'tokensRepository': Error creating bean with name 'tokensRepository' defined in org.example.backgrupo3vima.Repository.tokensRepository defined in @EnableJpaRepositories declared on JpaRepositoriesRegistrar.EnableJpaRepositoriesConfiguration: Could not create query for public abstract java.util.Optional org.example.backgrupo3vima.Repository.tokensRepository.findByUserId(java.lang.Long); Reason: Failed to create query for method public abstract java.util.Optional org.example.backgrupo3vima.Repository.tokensRepository.findByUserId(java.lang.Long); No property 'userId' found for type 'Tokens'
	at org.springframework.beans.factory.annotation.AutowiredAnnotationBeanPostProcessor$AutowiredFieldElement.resolveFieldValue(AutowiredAnnotationBeanPostProcessor.java:788) ~[spring-beans-6.2.3.jar:6.2.3]
	at org.springframework.beans.factory.annotation.AutowiredAnnotationBeanPostProcessor$AutowiredFieldElement.inject(AutowiredAnnotationBeanPostProcessor.java:768) ~[spring-beans-6.2.3.jar:6.2.3]
	at org.springframework.beans.factory.annotation.InjectionMetadata.inject(InjectionMetadata.java:146) ~[spring-beans-6.2.3.jar:6.2.3]
	at org.springframework.beans.factory.annotation.AutowiredAnnotationBeanPostProcessor.postProcessProperties(AutowiredAnnotationBeanPostProcessor.java:509) ~[spring-beans-6.2.3.jar:6.2.3]
	at org.springframework.beans.factory.support.AbstractAutowireCapableBeanFactory.populateBean(AbstractAutowireCapableBeanFactory.java:1445) ~[spring-beans-6.2.3.jar:6.2.3]
	at org.springframework.beans.factory.support.AbstractAutowireCapableBeanFactory.doCreateBean(AbstractAutowireCapableBeanFactory.java:600) ~[spring-beans-6.2.3.jar:6.2.3]
	at org.springframework.beans.factory.support.AbstractAutowireCapableBeanFactory.createBean(AbstractAutowireCapableBeanFactory.java:523) ~[spring-beans-6.2.3.jar:6.2.3]
	at org.springframework.beans.factory.support.AbstractBeanFactory.lambda$doGetBean$0(AbstractBeanFactory.java:339) ~[spring-beans-6.2.3.jar:6.2.3]
	at org.springframework.beans.factory.support.DefaultSingletonBeanRegistry.getSingleton(DefaultSingletonBeanRegistry.java:346) ~[spring-beans-6.2.3.jar:6.2.3]
	at org.springframework.beans.factory.support.AbstractBeanFactory.doGetBean(AbstractBeanFactory.java:337) ~[spring-beans-6.2.3.jar:6.2.3]
	at org.springframework.beans.factory.support.AbstractBeanFactory.getBean(AbstractBeanFactory.java:202) ~[spring-beans-6.2.3.jar:6.2.3]
	at org.springframework.beans.factory.support.DefaultListableBeanFactory.instantiateSingleton(DefaultListableBeanFactory.java:1155) ~[spring-beans-6.2.3.jar:6.2.3]
	at org.springframework.beans.factory.support.DefaultListableBeanFactory.preInstantiateSingleton(DefaultListableBeanFactory.java:1121) ~[spring-beans-6.2.3.jar:6.2.3]
	at org.springframework.beans.factory.support.DefaultListableBeanFactory.preInstantiateSingletons(DefaultListableBeanFactory.java:1056) ~[spring-beans-6.2.3.jar:6.2.3]
	at org.springframework.context.support.AbstractApplicationContext.finishBeanFactoryInitialization(AbstractApplicationContext.java:987) ~[spring-context-6.2.3.jar:6.2.3]
	at org.springframework.context.support.AbstractApplicationContext.refresh(AbstractApplicationContext.java:627) ~[spring-context-6.2.3.jar:6.2.3]
	at org.springframework.boot.web.servlet.context.ServletWebServerApplicationContext.refresh(ServletWebServerApplicationContext.java:146) ~[spring-boot-3.4.3.jar:3.4.3]
	at org.springframework.boot.SpringApplication.refresh(SpringApplication.java:752) ~[spring-boot-3.4.3.jar:3.4.3]
	at org.springframework.boot.SpringApplication.refreshContext(SpringApplication.java:439) ~[spring-boot-3.4.3.jar:3.4.3]
	at org.springframework.boot.SpringApplication.run(SpringApplication.java:318) ~[spring-boot-3.4.3.jar:3.4.3]
	at org.springframework.boot.SpringApplication.run(SpringApplication.java:1361) ~[spring-boot-3.4.3.jar:3.4.3]
	at org.springframework.boot.SpringApplication.run(SpringApplication.java:1350) ~[spring-boot-3.4.3.jar:3.4.3]
	at org.example.backgrupo3vima.BackGrupo3ViMaApplication.main(BackGrupo3ViMaApplication.java:13) ~[classes/:na]
	at java.base/jdk.internal.reflect.DirectMethodHandleAccessor.invoke(DirectMethodHandleAccessor.java:103) ~[na:na]
	at java.base/java.lang.reflect.Method.invoke(Method.java:580) ~[na:na]
	at org.springframework.boot.devtools.restart.RestartLauncher.run(RestartLauncher.java:50) ~[spring-boot-devtools-3.4.3.jar:3.4.3]
Caused by: org.springframework.beans.factory.UnsatisfiedDependencyException: Error creating bean with name 'tokensServiceImpl': Unsatisfied dependency expressed through field 'tokensRepository': Error creating bean with name 'tokensRepository' defined in org.example.backgrupo3vima.Repository.tokensRepository defined in @EnableJpaRepositories declared on JpaRepositoriesRegistrar.EnableJpaRepositoriesConfiguration: Could not create query for public abstract java.util.Optional org.example.backgrupo3vima.Repository.tokensRepository.findByUserId(java.lang.Long); Reason: Failed to create query for method public abstract java.util.Optional org.example.backgrupo3vima.Repository.tokensRepository.findByUserId(java.lang.Long); No property 'userId' found for type 'Tokens'
	at org.springframework.beans.factory.annotation.AutowiredAnnotationBeanPostProcessor$AutowiredFieldElement.resolveFieldValue(AutowiredAnnotationBeanPostProcessor.java:788) ~[spring-beans-6.2.3.jar:6.2.3]
	at org.springframework.beans.factory.annotation.AutowiredAnnotationBeanPostProcessor$AutowiredFieldElement.inject(AutowiredAnnotationBeanPostProcessor.java:768) ~[spring-beans-6.2.3.jar:6.2.3]
	at org.springframework.beans.factory.annotation.InjectionMetadata.inject(InjectionMetadata.java:146) ~[spring-beans-6.2.3.jar:6.2.3]
	at org.springframework.beans.factory.annotation.AutowiredAnnotationBeanPostProcessor.postProcessProperties(AutowiredAnnotationBeanPostProcessor.java:509) ~[spring-beans-6.2.3.jar:6.2.3]
	at org.springframework.beans.factory.support.AbstractAutowireCapableBeanFactory.populateBean(AbstractAutowireCapableBeanFactory.java:1445) ~[spring-beans-6.2.3.jar:6.2.3]
	at org.springframework.beans.factory.support.AbstractAutowireCapableBeanFactory.doCreateBean(AbstractAutowireCapableBeanFactory.java:600) ~[spring-beans-6.2.3.jar:6.2.3]
	at org.springframework.beans.factory.support.AbstractAutowireCapableBeanFactory.createBean(AbstractAutowireCapableBeanFactory.java:523) ~[spring-beans-6.2.3.jar:6.2.3]
	at org.springframework.beans.factory.support.AbstractBeanFactory.lambda$doGetBean$0(AbstractBeanFactory.java:339) ~[spring-beans-6.2.3.jar:6.2.3]
	at org.springframework.beans.factory.support.DefaultSingletonBeanRegistry.getSingleton(DefaultSingletonBeanRegistry.java:346) ~[spring-beans-6.2.3.jar:6.2.3]
	at org.springframework.beans.factory.support.AbstractBeanFactory.doGetBean(AbstractBeanFactory.java:337) ~[spring-beans-6.2.3.jar:6.2.3]
	at org.springframework.beans.factory.support.AbstractBeanFactory.getBean(AbstractBeanFactory.java:202) ~[spring-beans-6.2.3.jar:6.2.3]
	at org.springframework.beans.factory.config.DependencyDescriptor.resolveCandidate(DependencyDescriptor.java:254) ~[spring-beans-6.2.3.jar:6.2.3]
	at org.springframework.beans.factory.support.DefaultListableBeanFactory.doResolveDependency(DefaultListableBeanFactory.java:1664) ~[spring-beans-6.2.3.jar:6.2.3]
	at org.springframework.beans.factory.support.DefaultListableBeanFactory.resolveDependency(DefaultListableBeanFactory.java:1552) ~[spring-beans-6.2.3.jar:6.2.3]
	at org.springframework.beans.factory.annotation.AutowiredAnnotationBeanPostProcessor$AutowiredFieldElement.resolveFieldValue(AutowiredAnnotationBeanPostProcessor.java:785) ~[spring-beans-6.2.3.jar:6.2.3]
	... 25 common frames omitted
Caused by: org.springframework.beans.factory.BeanCreationException: Error creating bean with name 'tokensRepository' defined in org.example.backgrupo3vima.Repository.tokensRepository defined in @EnableJpaRepositories declared on JpaRepositoriesRegistrar.EnableJpaRepositoriesConfiguration: Could not create query for public abstract java.util.Optional org.example.backgrupo3vima.Repository.tokensRepository.findByUserId(java.lang.Long); Reason: Failed to create query for method public abstract java.util.Optional org.example.backgrupo3vima.Repository.tokensRepository.findByUserId(java.lang.Long); No property 'userId' found for type 'Tokens'
	at org.springframework.beans.factory.support.AbstractAutowireCapableBeanFactory.initializeBean(AbstractAutowireCapableBeanFactory.java:1812) ~[spring-beans-6.2.3.jar:6.2.3]
	at org.springframework.beans.factory.support.AbstractAutowireCapableBeanFactory.doCreateBean(AbstractAutowireCapableBeanFactory.java:601) ~[spring-beans-6.2.3.jar:6.2.3]
	at org.springframework.beans.factory.support.AbstractAutowireCapableBeanFactory.createBean(AbstractAutowireCapableBeanFactory.java:523) ~[spring-beans-6.2.3.jar:6.2.3]
	at org.springframework.beans.factory.support.AbstractBeanFactory.lambda$doGetBean$0(AbstractBeanFactory.java:339) ~[spring-beans-6.2.3.jar:6.2.3]
	at org.springframework.beans.factory.support.DefaultSingletonBeanRegistry.getSingleton(DefaultSingletonBeanRegistry.java:346) ~[spring-beans-6.2.3.jar:6.2.3]
	at org.springframework.beans.factory.support.AbstractBeanFactory.doGetBean(AbstractBeanFactory.java:337) ~[spring-beans-6.2.3.jar:6.2.3]
	at org.springframework.beans.factory.support.AbstractBeanFactory.getBean(AbstractBeanFactory.java:202) ~[spring-beans-6.2.3.jar:6.2.3]
	at org.springframework.beans.factory.support.DefaultListableBeanFactory.doResolveDependency(DefaultListableBeanFactory.java:1606) ~[spring-beans-6.2.3.jar:6.2.3]
	at org.springframework.beans.factory.support.DefaultListableBeanFactory.resolveDependency(DefaultListableBeanFactory.java:1552) ~[spring-beans-6.2.3.jar:6.2.3]
	at org.springframework.beans.factory.annotation.AutowiredAnnotationBeanPostProcessor$AutowiredFieldElement.resolveFieldValue(AutowiredAnnotationBeanPostProcessor.java:785) ~[spring-beans-6.2.3.jar:6.2.3]
	... 39 common frames omitted
Caused by: org.springframework.data.repository.query.QueryCreationException: Could not create query for public abstract java.util.Optional org.example.backgrupo3vima.Repository.tokensRepository.findByUserId(java.lang.Long); Reason: Failed to create query for method public abstract java.util.Optional org.example.backgrupo3vima.Repository.tokensRepository.findByUserId(java.lang.Long); No property 'userId' found for type 'Tokens'
	at org.springframework.data.repository.query.QueryCreationException.create(QueryCreationException.java:101) ~[spring-data-commons-3.4.3.jar:3.4.3]
	at org.springframework.data.repository.core.support.QueryExecutorMethodInterceptor.lookupQuery(QueryExecutorMethodInterceptor.java:120) ~[spring-data-commons-3.4.3.jar:3.4.3]
	at org.springframework.data.repository.core.support.QueryExecutorMethodInterceptor.mapMethodsToQuery(QueryExecutorMethodInterceptor.java:104) ~[spring-data-commons-3.4.3.jar:3.4.3]
	at org.springframework.data.repository.core.support.QueryExecutorMethodInterceptor.lambda$new$0(QueryExecutorMethodInterceptor.java:92) ~[spring-data-commons-3.4.3.jar:3.4.3]
	at java.base/java.util.Optional.map(Optional.java:260) ~[na:na]
	at org.springframework.data.repository.core.support.QueryExecutorMethodInterceptor.<init>(QueryExecutorMethodInterceptor.java:92) ~[spring-data-commons-3.4.3.jar:3.4.3]
	at org.springframework.data.repository.core.support.RepositoryFactorySupport.getRepository(RepositoryFactorySupport.java:440) ~[spring-data-commons-3.4.3.jar:3.4.3]
	at org.springframework.data.repository.core.support.RepositoryFactoryBeanSupport.lambda$afterPropertiesSet$4(RepositoryFactoryBeanSupport.java:350) ~[spring-data-commons-3.4.3.jar:3.4.3]
	at org.springframework.data.util.Lazy.getNullable(Lazy.java:135) ~[spring-data-commons-3.4.3.jar:3.4.3]
	at org.springframework.data.util.Lazy.get(Lazy.java:113) ~[spring-data-commons-3.4.3.jar:3.4.3]
	at org.springframework.data.repository.core.support.RepositoryFactoryBeanSupport.afterPropertiesSet(RepositoryFactoryBeanSupport.java:356) ~[spring-data-commons-3.4.3.jar:3.4.3]
	at org.springframework.data.jpa.repository.support.JpaRepositoryFactoryBean.afterPropertiesSet(JpaRepositoryFactoryBean.java:132) ~[spring-data-jpa-3.4.3.jar:3.4.3]
	at org.springframework.beans.factory.support.AbstractAutowireCapableBeanFactory.invokeInitMethods(AbstractAutowireCapableBeanFactory.java:1859) ~[spring-beans-6.2.3.jar:6.2.3]
	at org.springframework.beans.factory.support.AbstractAutowireCapableBeanFactory.initializeBean(AbstractAutowireCapableBeanFactory.java:1808) ~[spring-beans-6.2.3.jar:6.2.3]
	... 48 common frames omitted
Caused by: java.lang.IllegalArgumentException: Failed to create query for method public abstract java.util.Optional org.example.backgrupo3vima.Repository.tokensRepository.findByUserId(java.lang.Long); No property 'userId' found for type 'Tokens'
	at org.springframework.data.jpa.repository.query.PartTreeJpaQuery.<init>(PartTreeJpaQuery.java:107) ~[spring-data-jpa-3.4.3.jar:3.4.3]
	at org.springframework.data.jpa.repository.query.JpaQueryLookupStrategy$CreateQueryLookupStrategy.resolveQuery(JpaQueryLookupStrategy.java:128) ~[spring-data-jpa-3.4.3.jar:3.4.3]
	at org.springframework.data.jpa.repository.query.JpaQueryLookupStrategy$CreateIfNotFoundQueryLookupStrategy.resolveQuery(JpaQueryLookupStrategy.java:262) ~[spring-data-jpa-3.4.3.jar:3.4.3]
	at org.springframework.data.jpa.repository.query.JpaQueryLookupStrategy$AbstractQueryLookupStrategy.resolveQuery(JpaQueryLookupStrategy.java:99) ~[spring-data-jpa-3.4.3.jar:3.4.3]
	at org.springframework.data.repository.core.support.QueryExecutorMethodInterceptor.lookupQuery(QueryExecutorMethodInterceptor.java:116) ~[spring-data-commons-3.4.3.jar:3.4.3]
	... 60 common frames omitted
Caused by: org.springframework.data.mapping.PropertyReferenceException: No property 'userId' found for type 'Tokens'
	at org.springframework.data.mapping.PropertyPath.<init>(PropertyPath.java:94) ~[spring-data-commons-3.4.3.jar:3.4.3]
	at org.springframework.data.mapping.PropertyPath.create(PropertyPath.java:455) ~[spring-data-commons-3.4.3.jar:3.4.3]
	at org.springframework.data.mapping.PropertyPath.create(PropertyPath.java:431) ~[spring-data-commons-3.4.3.jar:3.4.3]
	at org.springframework.data.mapping.PropertyPath.lambda$from$0(PropertyPath.java:384) ~[spring-data-commons-3.4.3.jar:3.4.3]
	at java.base/java.util.concurrent.ConcurrentMap.computeIfAbsent(ConcurrentMap.java:330) ~[na:na]
	at org.springframework.data.mapping.PropertyPath.from(PropertyPath.java:366) ~[spring-data-commons-3.4.3.jar:3.4.3]
	at org.springframework.data.mapping.PropertyPath.from(PropertyPath.java:344) ~[spring-data-commons-3.4.3.jar:3.4.3]
	at org.springframework.data.repository.query.parser.Part.<init>(Part.java:81) ~[spring-data-commons-3.4.3.jar:3.4.3]
	at org.springframework.data.repository.query.parser.PartTree$OrPart.lambda$new$0(PartTree.java:259) ~[spring-data-commons-3.4.3.jar:3.4.3]
	at java.base/java.util.stream.ReferencePipeline$3$1.accept(ReferencePipeline.java:212) ~[na:na]
	at java.base/java.util.stream.ReferencePipeline$2$1.accept(ReferencePipeline.java:194) ~[na:na]
	at java.base/java.util.Spliterators$ArraySpliterator.forEachRemaining(Spliterators.java:1024) ~[na:na]
	at java.base/java.util.stream.AbstractPipeline.copyInto(AbstractPipeline.java:556) ~[na:na]
	at java.base/java.util.stream.AbstractPipeline.wrapAndCopyInto(AbstractPipeline.java:546) ~[na:na]
	at java.base/java.util.stream.ReduceOps$ReduceOp.evaluateSequential(ReduceOps.java:921) ~[na:na]
	at java.base/java.util.stream.AbstractPipeline.evaluate(AbstractPipeline.java:265) ~[na:na]
	at java.base/java.util.stream.ReferencePipeline.collect(ReferencePipeline.java:702) ~[na:na]
	at org.springframework.data.repository.query.parser.PartTree$OrPart.<init>(PartTree.java:260) ~[spring-data-commons-3.4.3.jar:3.4.3]
	at org.springframework.data.repository.query.parser.PartTree$Predicate.lambda$new$0(PartTree.java:389) ~[spring-data-commons-3.4.3.jar:3.4.3]
	at java.base/java.util.stream.ReferencePipeline$3$1.accept(ReferencePipeline.java:212) ~[na:na]
	at java.base/java.util.stream.ReferencePipeline$2$1.accept(ReferencePipeline.java:194) ~[na:na]
	at java.base/java.util.Spliterators$ArraySpliterator.forEachRemaining(Spliterators.java:1024) ~[na:na]
	at java.base/java.util.stream.AbstractPipeline.copyInto(AbstractPipeline.java:556) ~[na:na]
	at java.base/java.util.stream.AbstractPipeline.wrapAndCopyInto(AbstractPipeline.java:546) ~[na:na]
	at java.base/java.util.stream.ReduceOps$ReduceOp.evaluateSequential(ReduceOps.java:921) ~[na:na]
	at java.base/java.util.stream.AbstractPipeline.evaluate(AbstractPipeline.java:265) ~[na:na]
	at java.base/java.util.stream.ReferencePipeline.collect(ReferencePipeline.java:702) ~[na:na]
	at org.springframework.data.repository.query.parser.PartTree$Predicate.<init>(PartTree.java:390) ~[spring-data-commons-3.4.3.jar:3.4.3]
	at org.springframework.data.repository.query.parser.PartTree.<init>(PartTree.java:103) ~[spring-data-commons-3.4.3.jar:3.4.3]
	at org.springframework.data.jpa.repository.query.PartTreeJpaQuery.<init>(PartTreeJpaQuery.java:101) ~[spring-data-jpa-3.4.3.jar:3.4.3]
	... 64 common frames omitted

